Mfg_Part_Num,Part_Desc,E1_Brand,Unilog_Brand,DIB_Brand,Part_Manuf,Resolved_Brand,Brand_Confidence,Brand_Source,Extracted_Attributes,ATTRIBUTE_LABEL 1,ATTRIBUTE_VALUE 1,ATTRIBUTE_UOM 1,ATTRIBUTE_LABEL 2,ATTRIBUTE_VALUE 2,ATTRIBUTE_UOM 2,ATTRIBUTE_LABEL 3,ATTRIBUTE_VALUE 3,ATTRIBUTE_UOM 3,ATTRIBUTE_LABEL 4,ATTRIBUTE_VALUE 4,ATTRIBUTE_UOM 4,ATTRIBUTE_LABEL 5,ATTRIBUTE_VALUE 5,ATTRIBUTE_UOM 5,ATTRIBUTE_LABEL 6,ATTRIBUTE_VALUE 6,ATTRIBUTE_UOM 6,ATTRIBUTE_LABEL 7,ATTRIBUTE_VALUE 7,ATTRIBUTE_UOM 7,ATTRIBUTE_LABEL 8,ATTRIBUTE_VALUE 8,ATTRIBUTE_UOM 8,ATTRIBUTE_LABEL 9,ATTRIBUTE_VALUE 9,ATTRIBUTE_UOM 9,ATTRIBUTE_LABEL 10,ATTRIBUTE_VALUE 10,ATTRIBUTE_UOM 10,ATTRIBUTE_LABEL 11,ATTRIBUTE_VALUE 11,ATTRIBUTE_UOM 11,ATTRIBUTE_LABEL 12,ATTRIBUTE_VALUE 12,ATTRIBUTE_UOM 12,ATTRIBUTE_LABEL 13,ATTRIBUTE_VALUE 13,ATTRIBUTE_UOM 13,ATTRIBUTE_LABEL 14,ATTRIBUTE_VALUE 14,ATTRIBUTE_UOM 14,ATTRIBUTE_LABEL 15,ATTRIBUTE_VALUE 15,ATTRIBUTE_UOM 15,ATTRIBUTE_LABEL 16,ATTRIBUTE_VALUE 16,ATTRIBUTE_UOM 16,ATTRIBUTE_LABEL 17,ATTRIBUTE_VALUE 17,ATTRIBUTE_UOM 17,ATTRIBUTE_LABEL 18,ATTRIBUTE_VALUE 18,ATTRIBUTE_UOM 18,ATTRIBUTE_LABEL 19,ATTRIBUTE_VALUE 19,ATTRIBUTE_UOM 19,ATTRIBUTE_LABEL 20,ATTRIBUTE_VALUE 20,ATTRIBUTE_UOM 20,ATTRIBUTE_LABEL 21,ATTRIBUTE_VALUE 21,ATTRIBUTE_UOM 21,ATTRIBUTE_LABEL 22,ATTRIBUTE_VALUE 22,ATTRIBUTE_UOM 22,ATTRIBUTE_LABEL 23,ATTRIBUTE_VALUE 23,ATTRIBUTE_UOM 23,ATTRIBUTE_LABEL 24,ATTRIBUTE_VALUE 24,ATTRIBUTE_UOM 24,ATTRIBUTE_LABEL 25,ATTRIBUTE_VALUE 25,ATTRIBUTE_UOM 25,ATTRIBUTE_LABEL 26,ATTRIBUTE_VALUE 26,ATTRIBUTE_UOM 26,ATTRIBUTE_LABEL 27,ATTRIBUTE_VALUE 27,ATTRIBUTE_UOM 27,ATTRIBUTE_LABEL 28,ATTRIBUTE_VALUE 28,ATTRIBUTE_UOM 28,ATTRIBUTE_LABEL 29,ATTRIBUTE_VALUE 29,ATTRIBUTE_UOM 29,ATTRIBUTE_LABEL 30,ATTRIBUTE_VALUE 30,ATTRIBUTE_UOM 30,ATTRIBUTE_LABEL 31,ATTRIBUTE_VALUE 31,ATTRIBUTE_UOM 31,ATTRIBUTE_LABEL 32,ATTRIBUTE_VALUE 32,ATTRIBUTE_UOM 32,ATTRIBUTE_LABEL 33,ATTRIBUTE_VALUE 33,ATTRIBUTE_UOM 33,ATTRIBUTE_LABEL 34,ATTRIBUTE_VALUE 34,ATTRIBUTE_UOM 34,ATTRIBUTE_LABEL 35,ATTRIBUTE_VALUE 35,ATTRIBUTE_UOM 35,ATTRIBUTE_LABEL 36,ATTRIBUTE_VALUE 36,ATTRIBUTE_UOM 36,ATTRIBUTE_LABEL 37,ATTRIBUTE_VALUE 37,ATTRIBUTE_UOM 37,ATTRIBUTE_LABEL 38,ATTRIBUTE_VALUE 38,ATTRIBUTE_UOM 38,ATTRIBUTE_LABEL 39,ATTRIBUTE_VALUE 39,ATTRIBUTE_UOM 39,ATTRIBUTE_LABEL 40,ATTRIBUTE_VALUE 40,ATTRIBUTE_UOM 40,ATTRIBUTE_LABEL 41,ATTRIBUTE_VALUE 41,ATTRIBUTE_UOM 41,ATTRIBUTE_LABEL 42,ATTRIBUTE_VALUE 42,ATTRIBUTE_UOM 42,ATTRIBUTE_LABEL 43,ATTRIBUTE_VALUE 43,ATTRIBUTE_UOM 43,ATTRIBUTE_LABEL 44,ATTRIBUTE_VALUE 44,ATTRIBUTE_UOM 44,ATTRIBUTE_LABEL 45,ATTRIBUTE_VALUE 45,ATTRIBUTE_UOM 45,ATTRIBUTE_LABEL 46,ATTRIBUTE_VALUE 46,ATTRIBUTE_UOM 46,ATTRIBUTE_LABEL 47,ATTRIBUTE_VALUE 47,ATTRIBUTE_UOM 47,ATTRIBUTE_LABEL 48,ATTRIBUTE_VALUE 48,ATTRIBUTE_UOM 48,ATTRIBUTE_LABEL 49,ATTRIBUTE_VALUE 49,ATTRIBUTE_UOM 49,ATTRIBUTE_LABEL 50,ATTRIBUTE_VALUE 50,ATTRIBUTE_UOM 50,MANUFACTURER_NAME,BRAND_NAME,MANUFACTURER_PART_NUMBER,Product Name,SHORT_DESC,LONG_DESC1,MARKETING_DESCRIPTION,ITEM_FEATURES_1,ITEM_FEATURES_2,ITEM_FEATURES_3,ITEM_FEATURES_4,ITEM_FEATURES_5,ITEM_FEATURES_6,ITEM_FEATURES_7,ITEM_FEATURES_8,ITEM_FEATURES_9,ITEM_FEATURES_10,ITEM_FEATURES_11,ITEM_FEATURES_12,ITEM_FEATURES_13,ITEM_FEATURES_14,ITEM_FEATURES_15,ITEM_FEATURES_16,ITEM_FEATURES_17,ITEM_FEATURES_18,ITEM_FEATURES_19,ITEM_FEATURES_20
DCB518ASTS06G,"DCB518ASTS06G Diablo 1/2""x18"" - Sanding Belt 6pc",,,,Freud Inc (2435),Diablo,0.6,Product description,"[('Size', '1/2', 'in'), ('Size', '18', 'in'), ('Quantity', '6', 'pcs')]",Size,1/2,in,Size,18,in,Quantity,6.0,pcs,,,,,,,,,,,,,,,,,,,,,,,,,,,,,,,,,,,,,,,,,,,,,,,,,,,,,,,,,,,,,,,,,,,,,,,,,,,,,,,,,,,,,,,,,,,,,,,,,,,,,,,,,,,,,,,,,,,,,,,,,,,,,,,,,,,,,,,,,,,,,,Freud Inc (2435),Diablo,DCB518ASTS06G,"Diablo 1/2""x18"" - Sanding Belt 6pc","Diablo 1/2""x18"" - Sanding Belt 6pc for industrial and commercial applications.","Diablo 1/2""x18"" - Sanding Belt 6pc Manufactured or supplied by Freud Inc (2435). Available product information includes Size: 1/2 in, Size: 18 in, Quantity: 6.0 pcs.","Diablo 1/2""x18"" - Sanding Belt 6pc designed for industrial and commercial use. Key identified specifications include Size: 1/2 in, Size: 18 in, Quantity: 6.0 pcs.",Brand: Diablo,Manufacturer: Freud Inc (2435),Manufacturer Part Number: DCB518ASTS06G,Size: 1/2 in,Size: 18 in,Quantity: 6.0 pcs,,,,,,,,,,,,,,
3MABR-7100075678,3M 775L Stikit Film P150 - Cubitron II 50 Disc/Box,,,,Jam Industrial Supply LLC (JAMIN),3M,0.6,Product description,"[('Grit', 'P150', '')]",Grit,P150,,,,,,,,,,,,,,,,,,,,,,,,,,,,,,,,,,,,,,,,,,,,,,,,,,,,,,,,,,,,,,,,,,,,,,,,,,,,,,,,,,,,,,,,,,,,,,,,,,,,,,,,,,,,,,,,,,,,,,,,,,,,,,,,,,,,,,,,,,,,,,,,,,,,,Jam Industrial Supply LLC (JAMIN),3M,3MABR-7100075678,3M 775L Stikit Film P150 - Cubitron II 50 Disc/Box,3M 775L Stikit Film P150 - Cubitron II 50 Disc/Box for industrial and commercial applications.,3M 775L Stikit Film P150 - Cubitron II 50 Disc/Box Manufactured or supplied by Jam Industrial Supply LLC (JAMIN). Available product information includes Grit: P150.,3M 775L Stikit Film P150 - Cubitron II 50 Disc/Box designed for industrial and commercial use. Key identified specifications include Grit: P150.,Brand: 3M,Manufacturer: Jam Industrial Supply LLC (JAMIN),Manufacturer Part Number: 3MABR-7100075678,Grit: P150,,,,,,,,,,,,,,,,
3MABR-7100045865,3M 775L Stikit Film P120 - Cubitron II 50 Disc/Box,,,,Jam Industrial Supply LLC (JAMIN),3M,0.6,Product description,"[('Grit', 'P120', '')]",Grit,P120,,,,,,,,,,,,,,,,,,,,,,,,,,,,,,,,,,,,,,,,,,,,,,,,,,,,,,,,,,,,,,,,,,,,,,,,,,,,,,,,,,,,,,,,,,,,,,,,,,,,,,,,,,,,,,,,,,,,,,,,,,,,,,,,,,,,,,,,,,,,,,,,,,,,,Jam Industrial Supply LLC (JAMIN),3M,3MABR-7100045865,3M 775L Stikit Film P120 - Cubitron II 50 Disc/Box,3M 775L Stikit Film P120 - Cubitron II 50 Disc/Box for industrial and commercial applications.,3M 775L Stikit Film P120 - Cubitron II 50 Disc/Box Manufactured or supplied by Jam Industrial Supply LLC (JAMIN). Available product information includes Grit: P120.,3M 775L Stikit Film P120 - Cubitron II 50 Disc/Box designed for industrial and commercial use. Key identified specifications include Grit: P120.,Brand: 3M,Manufacturer: Jam Industrial Supply LLC (JAMIN),Manufacturer Part Number: 3MABR-7100045865,Grit: P120,,,,,,,,,,,,,,,,
3MABR-7100048736,3M 775L Stikit Film P80 - Cubitron II 50 Disc/Box,,,,Jam Industrial Supply LLC (JAMIN),3M,0.6,Product description,"[('Grit', 'P80', '')]",Grit,P80,,,,,,,,,,,,,,,,,,,,,,,,,,,,,,,,,,,,,,,,,,,,,,,,,,,,,,,,,,,,,,,,,,,,,,,,,,,,,,,,,,,,,,,,,,,,,,,,,,,,,,,,,,,,,,,,,,,,,,,,,,,,,,,,,,,,,,,,,,,,,,,,,,,,,Jam Industrial Supply LLC (JAMIN),3M,3MABR-7100048736,3M 775L Stikit Film P80 - Cubitron II 50 Disc/Box,3M 775L Stikit Film P80 - Cubitron II 50 Disc/Box for industrial and commercial applications.,3M 775L Stikit Film P80 - Cubitron II 50 Disc/Box Manufactured or supplied by Jam Industrial Supply LLC (JAMIN). Available product information includes Grit: P80.,3M 775L Stikit Film P80 - Cubitron II 50 Disc/Box designed for industrial and commercial use. Key identified specifications include Grit: P80.,Brand: 3M,Manufacturer: Jam Industrial Supply LLC (JAMIN),Manufacturer Part Number: 3MABR-7100048736,Grit: P80,,,,,,,,,,,,,,,,
3MABR-7100075690,3M 775L Stikit Film P180 - Cubitron II 50 Disc/Box,,,,Jam Industrial Supply LLC (JAMIN),3M,0.6,Product description,"[('Grit', 'P180', '')]",Grit,P180,,,,,,,,,,,,,,,,,,,,,,,,,,,,,,,,,,,,,,,,,,,,,,,,,,,,,,,,,,,,,,,,,,,,,,,,,,,,,,,,,,,,,,,,,,,,,,,,,,,,,,,,,,,,,,,,,,,,,,,,,,,,,,,,,,,,,,,,,,,,,,,,,,,,,Jam Industrial Supply LLC (JAMIN),3M,3MABR-7100075690,3M 775L Stikit Film P180 - Cubitron II 50 Disc/Box,3M 775L Stikit Film P180 - Cubitron II 50 Disc/Box for industrial and commercial applications.,3M 775L Stikit Film P180 - Cubitron II 50 Disc/Box Manufactured or supplied by Jam Industrial Supply LLC (JAMIN). Available product information includes Grit: P180.,3M 775L Stikit Film P180 - Cubitron II 50 Disc/Box designed for industrial and commercial use. Key identified specifications include Grit: P180.,Brand: 3M,Manufacturer: Jam Industrial Supply LLC (JAMIN),Manufacturer Part Number: 3MABR-7100075690,Grit: P180,,,,,,,,,,,,,,,,
3MABR-7100075692,3M 775L Stikit Film P220 - Cubitron II 50 Disc/Box,,,,Jam Industrial Supply LLC (JAMIN),3M,0.6,Product description,"[('Grit', 'P220', '')]",Grit,P220,,,,,,,,,,,,,,,,,,,,,,,,,,,,,,,,,,,,,,,,,,,,,,,,,,,,,,,,,,,,,,,,,,,,,,,,,,,,,,,,,,,,,,,,,,,,,,,,,,,,,,,,,,,,,,,,,,,,,,,,,,,,,,,,,,,,,,,,,,,,,,,,,,,,,Jam Industrial Supply LLC (JAMIN),3M,3MABR-7100075692,3M 775L Stikit Film P220 - Cubitron II 50 Disc/Box,3M 775L Stikit Film P220 - Cubitron II 50 Disc/Box for industrial and commercial applications.,3M 775L Stikit Film P220 - Cubitron II 50 Disc/Box Manufactured or supplied by Jam Industrial Supply LLC (JAMIN). Available product information includes Grit: P220.,3M 775L Stikit Film P220 - Cubitron II 50 Disc/Box designed for industrial and commercial use. Key identified specifications include Grit: P220.,Brand: 3M,Manufacturer: Jam Industrial Supply LLC (JAMIN),Manufacturer Part Number: 3MABR-7100075692,Grit: P220,,,,,,,,,,,,,,,,
3MABR-7100145365,3M 775L Stikit Film P320 - Cubitron II 50 Disc/Box,,,,Jam Industrial Supply LLC (JAMIN),3M,0.6,Product description,"[('Grit', 'P320', '')]",Grit,P320,,,,,,,,,,,,,,,,,,,,,,,,,,,,,,,,,,,,,,,,,,,,,,,,,,,,,,,,,,,,,,,,,,,,,,,,,,,,,,,,,,,,,,,,,,,,,,,,,,,,,,,,,,,,,,,,,,,,,,,,,,,,,,,,,,,,,,,,,,,,,,,,,,,,,Jam Industrial Supply LLC (JAMIN),3M,3MABR-7100145365,3M 775L Stikit Film P320 - Cubitron II 50 Disc/Box,3M 775L Stikit Film P320 - Cubitron II 50 Disc/Box for industrial and commercial applications.,3M 775L Stikit Film P320 - Cubitron II 50 Disc/Box Manufactured or supplied by Jam Industrial Supply LLC (JAMIN). Available product information includes Grit: P320.,3M 775L Stikit Film P320 - Cubitron II 50 Disc/Box designed for industrial and commercial use. Key identified specifications include Grit: P320.,Brand: 3M,Manufacturer: Jam Industrial Supply LLC (JAMIN),Manufacturer Part Number: 3MABR-7100145365,Grit: P320,,,,,,,,,,,,,,,,
5B-332-080,"5B-332-080 HIOLIT 5"" P80",,,,Mirka Abrasives Inc (MIRUS),Unknown,0.0,No evidence,"[('Size', '5', 'in'), ('Grit', 'P80', '')]",Size,5,in,Grit,P80,,,,,,,,,,,,,,,,,,,,,,,,,,,,,,,,,,,,,,,,,,,,,,,,,,,,,,,,,,,,,,,,,,,,,,,,,,,,,,,,,,,,,,,,,,,,,,,,,,,,,,,,,,,,,,,,,,,,,,,,,,,,,,,,,,,,,,,,,,,,,,,,,,Mirka Abrasives Inc (MIRUS),Unknown,5B-332-080,"HIOLIT 5"" P80","HIOLIT 5"" P80 for industrial and commercial applications.","HIOLIT 5"" P80 Manufactured or supplied by Mirka Abrasives Inc (MIRUS). Available product information includes Size: 5 in, Grit: P80.","HIOLIT 5"" P80 designed for industrial and commercial use. Key identified specifications include Size: 5 in, Grit: P80.",Manufacturer: Mirka Abrasives Inc (MIRUS),Manufacturer Part Number: 5B-332-080,Size: 5 in,Grit: P80,,,,,,,,,,,,,,,,
5B-332-120,"5B-332-120 HIOLIT 5"" P120",,,,Mirka Abrasives Inc (MIRUS),Unknown,0.0,No evidence,"[('Size', '5', 'in'), ('Grit', 'P120', '')]",Size,5,in,Grit,P120,,,,,,,,,,,,,,,,,,,,,,,,,,,,,,,,,,,,,,,,,,,,,,,,,,,,,,,,,,,,,,,,,,,,,,,,,,,,,,,,,,,,,,,,,,,,,,,,,,,,,,,,,,,,,,,,,,,,,,,,,,,,,,,,,,,,,,,,,,,,,,,,,,Mirka Abrasives Inc (MIRUS),Unknown,5B-332-120,"HIOLIT 5"" P120","HIOLIT 5"" P120 for industrial and commercial applications.","HIOLIT 5"" P120 Manufactured or supplied by Mirka Abrasives Inc (MIRUS). Available product information includes Size: 5 in, Grit: P120.","HIOLIT 5"" P120 designed for industrial and commercial use. Key identified specifications include Size: 5 in, Grit: P120.",Manufacturer: Mirka Abrasives Inc (MIRUS),Manufacturer Part Number: 5B-332-120,Size: 5 in,Grit: P120,,,,,,,,,,,,,,,,
9A-570-240,9A-570-240 Abranet 2.75x30,,,,Mirka Abrasives Inc (MIRUS),Unknown,0.0,No evidence,"[('Dimension', '2.75 x 30', '')]",Dimension,2.75 x 30,,,,,,,,,,,,,,,,,,,,,,,,,,,,,,,,,,,,,,,,,,,,,,,,,,,,,,,,,,,,,,,,,,,,,,,,,,,,,,,,,,,,,,,,,,,,,,,,,,,,,,,,,,,,,,,,,,,,,,,,,,,,,,,,,,,,,,,,,,,,,,,,,,,,,Mirka Abrasives Inc (MIRUS),Unknown,9A-570-240,Abranet 2.75x30,Abranet 2.75x30 for industrial and commercial applications.,Abranet 2.75x30 Manufactured or supplied by Mirka Abrasives Inc (MIRUS). Available product information includes Dimension: 2.75 x 30.,Abranet 2.75x30 designed for industrial and commercial use. Key identified specifications include Dimension: 2.75 x 30.,Manufacturer: Mirka Abrasives Inc (MIRUS),Manufacturer Part Number: 9A-570-240,Dimension: 2.75 x 30,,,,,,,,,,,,,,,,,
9A-570-320,9A-570-320 Abranet 2.75x30,,,,Mirka Abrasives Inc (MIRUS),Unknown,0.0,No evidence,"[('Dimension', '2.75 x 30', '')]",Dimension,2.75 x 30,,,,,,,,,,,,,,,,,,,,,,,,,,,,,,,,,,,,,,,,,,,,,,,,,,,,,,,,,,,,,,,,,,,,,,,,,,,,,,,,,,,,,,,,,,,,,,,,,,,,,,,,,,,,,,,,,,,,,,,,,,,,,,,,,,,,,,,,,,,,,,,,,,,,,Mirka Abrasives Inc (MIRUS),Unknown,9A-570-320,Abranet 2.75x30,Abranet 2.75x30 for industrial and commercial applications.,Abranet 2.75x30 Manufactured or supplied by Mirka Abrasives Inc (MIRUS). Available product information includes Dimension: 2.75 x 30.,Abranet 2.75x30 designed for industrial and commercial use. Key identified specifications include Dimension: 2.75 x 30.,Manufacturer: Mirka Abrasives Inc (MIRUS),Manufacturer Part Number: 9A-570-320,Dimension: 2.75 x 30,,,,,,,,,,,,,,,,,
DBD090094101F,"DBD090094101F Diablo 9"" - Metal Cut-Off Disc",,,,Freud Inc (2435),Diablo,0.6,Product description,"[('Size', '9', 'in')]",Size,9,in,,,,,,,,,,,,,,,,,,,,,,,,,,,,,,,,,,,,,,,,,,,,,,,,,,,,,,,,,,,,,,,,,,,,,,,,,,,,,,,,,,,,,,,,,,,,,,,,,,,,,,,,,,,,,,,,,,,,,,,,,,,,,,,,,,,,,,,,,,,,,,,,,,,,Freud Inc (2435),Diablo,DBD090094101F,"Diablo 9"" - Metal Cut-Off Disc","Diablo 9"" - Metal Cut-Off Disc for industrial and commercial applications.","Diablo 9"" - Metal Cut-Off Disc Manufactured or supplied by Freud Inc (2435). Available product information includes Size: 9 in.","Diablo 9"" - Metal Cut-Off Disc designed for industrial and commercial use. Key identified specifications include Size: 9 in.",Brand: Diablo,Manufacturer: Freud Inc (2435),Manufacturer Part Number: DBD090094101F,Size: 9 in,,,,,,,,,,,,,,,,
DBDS12125A01F,"DBDS12125A01F Diablo 12"" - Steel Demon Metal Cut-Off Disc",,,,Freud Inc (2435),Diablo,0.6,Product description,"[('Size', '12', 'in')]",Size,12,in,,,,,,,,,,,,,,,,,,,,,,,,,,,,,,,,,,,,,,,,,,,,,,,,,,,,,,,,,,,,,,,,,,,,,,,,,,,,,,,,,,,,,,,,,,,,,,,,,,,,,,,,,,,,,,,,,,,,,,,,,,,,,,,,,,,,,,,,,,,,,,,,,,,,Freud Inc (2435),Diablo,DBDS12125A01F,"Diablo 12"" - Steel Demon Metal Cut-Off Disc","Diablo 12"" - Steel Demon Metal Cut-Off Disc for industrial and commercial applications.","Diablo 12"" - Steel Demon Metal Cut-Off Disc Manufactured or supplied by Freud Inc (2435). Available product information includes Size: 12 in.","Diablo 12"" - Steel Demon Metal Cut-Off Disc designed for industrial and commercial use. Key identified specifications include Size: 12 in.",Brand: Diablo,Manufacturer: Freud Inc (2435),Manufacturer Part Number: DBDS12125A01F,Size: 12 in,,,,,,,,,,,,,,,,
DBDS12125G01F,"DBDS12125G01F Diablo 12""x20mm - Speed Demon Metal Cut-Off Disc",,,,Freud Inc (2435),Diablo,0.6,Product description,"[('Size', '12', 'in')]",Size,12,in,,,,,,,,,,,,,,,,,,,,,,,,,,,,,,,,,,,,,,,,,,,,,,,,,,,,,,,,,,,,,,,,,,,,,,,,,,,,,,,,,,,,,,,,,,,,,,,,,,,,,,,,,,,,,,,,,,,,,,,,,,,,,,,,,,,,,,,,,,,,,,,,,,,,Freud Inc (2435),Diablo,DBDS12125G01F,"Diablo 12""x20mm - Speed Demon Metal Cut-Off Disc","Diablo 12""x20mm - Speed Demon Metal Cut-Off Disc for industrial and commercial applications.","Diablo 12""x20mm - Speed Demon Metal Cut-Off Disc Manufactured or supplied by Freud Inc (2435). Available product information includes Size: 12 in.","Diablo 12""x20mm - Speed Demon Metal Cut-Off Disc designed for industrial and commercial use. Key identified specifications include Size: 12 in.",Brand: Diablo,Manufacturer: Freud Inc (2435),Manufacturer Part Number: DBDS12125G01F,Size: 12 in,,,,,,,,,,,,,,,,
DBDS14125A01F,"DBDS14125A01F Diablo 14""x1"" - Steel Demon Metal Cut-Off Disc",,,,Freud Inc (2435),Diablo,0.6,Product description,"[('Size', '14', 'in')]",Size,14,in,,,,,,,,,,,,,,,,,,,,,,,,,,,,,,,,,,,,,,,,,,,,,,,,,,,,,,,,,,,,,,,,,,,,,,,,,,,,,,,,,,,,,,,,,,,,,,,,,,,,,,,,,,,,,,,,,,,,,,,,,,,,,,,,,,,,,,,,,,,,,,,,,,,,Freud Inc (2435),Diablo,DBDS14125A01F,"Diablo 14""x1"" - Steel Demon Metal Cut-Off Disc","Diablo 14""x1"" - Steel Demon Metal Cut-Off Disc for industrial and commercial applications.","Diablo 14""x1"" - Steel Demon Metal Cut-Off Disc Manufactured or supplied by Freud Inc (2435). Available product information includes Size: 14 in.","Diablo 14""x1"" - Steel Demon Metal Cut-Off Disc designed for industrial and commercial use. Key identified specifications include Size: 14 in.",Brand: Diablo,Manufacturer: Freud Inc (2435),Manufacturer Part Number: DBDS14125A01F,Size: 14 in,,,,,,,,,,,,,,,,
DBDS14125G01F,"DBDS14125G01F Diablo 14""x20mm - Steel Demon Metal Cut-Off Disc",,,,Freud Inc (2435),Diablo,0.6,Product description,"[('Size', '14', 'in')]",Size,14,in,,,,,,,,,,,,,,,,,,,,,,,,,,,,,,,,,,,,,,,,,,,,,,,,,,,,,,,,,,,,,,,,,,,,,,,,,,,,,,,,,,,,,,,,,,,,,,,,,,,,,,,,,,,,,,,,,,,,,,,,,,,,,,,,,,,,,,,,,,,,,,,,,,,,Freud Inc (2435),Diablo,DBDS14125G01F,"Diablo 14""x20mm - Steel Demon Metal Cut-Off Disc","Diablo 14""x20mm - Steel Demon Metal Cut-Off Disc for industrial and commercial applications.","Diablo 14""x20mm - Steel Demon Metal Cut-Off Disc Manufactured or supplied by Freud Inc (2435). Available product information includes Size: 14 in.","Diablo 14""x20mm - Steel Demon Metal Cut-Off Disc designed for industrial and commercial use. Key identified specifications include Size: 14 in.",Brand: Diablo,Manufacturer: Freud Inc (2435),Manufacturer Part Number: DBDS14125G01F,Size: 14 in,,,,,,,,,,,,,,,,
49-94-0013,"49-94-0013 Milw 5""x.045""x7/8"" Metal Cut Off Disc",,,,Milwaukee Accessory (4031),Unknown,0.0,No evidence,"[('Size', '5', 'in')]",Size,5,in,,,,,,,,,,,,,,,,,,,,,,,,,,,,,,,,,,,,,,,,,,,,,,,,,,,,,,,,,,,,,,,,,,,,,,,,,,,,,,,,,,,,,,,,,,,,,,,,,,,,,,,,,,,,,,,,,,,,,,,,,,,,,,,,,,,,,,,,,,,,,,,,,,,,Milwaukee Accessory (4031),Unknown,49-94-0013,"Milw 5""x.045""x7/8"" Metal Cut Off Disc","Milw 5""x.045""x7/8"" Metal Cut Off Disc for industrial and commercial applications.","Milw 5""x.045""x7/8"" Metal Cut Off Disc Manufactured or supplied by Milwaukee Accessory (4031). Available product information includes Size: 5 in.","Milw 5""x.045""x7/8"" Metal Cut Off Disc designed for industrial and commercial use. Key identified specifications include Size: 5 in.",Manufacturer: Milwaukee Accessory (4031),Manufacturer Part Number: 49-94-0013,Size: 5 in,,,,,,,,,,,,,,,,,
49-94-0029,"49-94-0029 Milw 6-1/2""x1/8""x5/8"" DKO Metal Cut Off Disc",,,,Milwaukee Accessory (4031),Unknown,0.0,No evidence,"[('Size', '6-1/2', 'in')]",Size,6-1/2,in,,,,,,,,,,,,,,,,,,,,,,,,,,,,,,,,,,,,,,,,,,,,,,,,,,,,,,,,,,,,,,,,,,,,,,,,,,,,,,,,,,,,,,,,,,,,,,,,,,,,,,,,,,,,,,,,,,,,,,,,,,,,,,,,,,,,,,,,,,,,,,,,,,,,Milwaukee Accessory (4031),Unknown,49-94-0029,"Milw 6-1/2""x1/8""x5/8"" DKO Metal Cut Off Disc","Milw 6-1/2""x1/8""x5/8"" DKO Metal Cut Off Disc for industrial and commercial applications.","Milw 6-1/2""x1/8""x5/8"" DKO Metal Cut Off Disc Manufactured or supplied by Milwaukee Accessory (4031). Available product information includes Size: 6-1/2 in.","Milw 6-1/2""x1/8""x5/8"" DKO Metal Cut Off Disc designed for industrial and commercial use. Key identified specifications include Size: 6-1/2 in.",Manufacturer: Milwaukee Accessory (4031),Manufacturer Part Number: 49-94-0029,Size: 6-1/2 in,,,,,,,,,,,,,,,,,
49-94-0033,"49-94-0033 Milw 7""x1/16""x7/8"" Metal Cut Off Disc",,,,Milwaukee Accessory (4031),Unknown,0.0,No evidence,"[('Size', '7', 'in')]",Size,7,in,,,,,,,,,,,,,,,,,,,,,,,,,,,,,,,,,,,,,,,,,,,,,,,,,,,,,,,,,,,,,,,,,,,,,,,,,,,,,,,,,,,,,,,,,,,,,,,,,,,,,,,,,,,,,,,,,,,,,,,,,,,,,,,,,,,,,,,,,,,,,,,,,,,,Milwaukee Accessory (4031),Unknown,49-94-0033,"Milw 7""x1/16""x7/8"" Metal Cut Off Disc","Milw 7""x1/16""x7/8"" Metal Cut Off Disc for industrial and commercial applications.","Milw 7""x1/16""x7/8"" Metal Cut Off Disc Manufactured or supplied by Milwaukee Accessory (4031). Available product information includes Size: 7 in.","Milw 7""x1/16""x7/8"" Metal Cut Off Disc designed for industrial and commercial use. Key identified specifications include Size: 7 in.",Manufacturer: Milwaukee Accessory (4031),Manufacturer Part Number: 49-94-0033,Size: 7 in,,,,,,,,,,,,,,,,,
49-94-0001,"49-94-0001 Milw 4""x.040""x5/8"" Metal Cut Off Disc",,,,Milwaukee Accessory (4031),Unknown,0.0,No evidence,"[('Size', '4', 'in')]",Size,4,in,,,,,,,,,,,,,,,,,,,,,,,,,,,,,,,,,,,,,,,,,,,,,,,,,,,,,,,,,,,,,,,,,,,,,,,,,,,,,,,,,,,,,,,,,,,,,,,,,,,,,,,,,,,,,,,,,,,,,,,,,,,,,,,,,,,,,,,,,,,,,,,,,,,,Milwaukee Accessory (4031),Unknown,49-94-0001,"Milw 4""x.040""x5/8"" Metal Cut Off Disc","Milw 4""x.040""x5/8"" Metal Cut Off Disc for industrial and commercial applications.","Milw 4""x.040""x5/8"" Metal Cut Off Disc Manufactured or supplied by Milwaukee Accessory (4031). Available product information includes Size: 4 in.","Milw 4""x.040""x5/8"" Metal Cut Off Disc designed for industrial and commercial use. Key identified specifications include Size: 4 in.",Manufacturer: Milwaukee Accessory (4031),Manufacturer Part Number: 49-94-0001,Size: 4 in,,,,,,,,,,,,,,,,,
49-94-0039,"49-94-0039 Milw 7""x1/8""x5/8"" DKO Metal Cut Off Disc",,,,Milwaukee Accessory (4031),Unknown,0.0,No evidence,"[('Size', '7', 'in')]",Size,7,in,,,,,,,,,,,,,,,,,,,,,,,,,,,,,,,,,,,,,,,,,,,,,,,,,,,,,,,,,,,,,,,,,,,,,,,,,,,,,,,,,,,,,,,,,,,,,,,,,,,,,,,,,,,,,,,,,,,,,,,,,,,,,,,,,,,,,,,,,,,,,,,,,,,,Milwaukee Accessory (4031),Unknown,49-94-0039,"Milw 7""x1/8""x5/8"" DKO Metal Cut Off Disc","Milw 7""x1/8""x5/8"" DKO Metal Cut Off Disc for industrial and commercial applications.","Milw 7""x1/8""x5/8"" DKO Metal Cut Off Disc Manufactured or supplied by Milwaukee Accessory (4031). Available product information includes Size: 7 in.","Milw 7""x1/8""x5/8"" DKO Metal Cut Off Disc designed for industrial and commercial use. Key identified specifications include Size: 7 in.",Manufacturer: Milwaukee Accessory (4031),Manufacturer Part Number: 49-94-0039,Size: 7 in,,,,,,,,,,,,,,,,,
49-94-0043,"49-94-0043 Milw 9""x3/32""x7/8"" Metal Cut Off Disc",,,,Milwaukee Accessory (4031),Unknown,0.0,No evidence,"[('Size', '9', 'in')]",Size,9,in,,,,,,,,,,,,,,,,,,,,,,,,,,,,,,,,,,,,,,,,,,,,,,,,,,,,,,,,,,,,,,,,,,,,,,,,,,,,,,,,,,,,,,,,,,,,,,,,,,,,,,,,,,,,,,,,,,,,,,,,,,,,,,,,,,,,,,,,,,,,,,,,,,,,Milwaukee Accessory (4031),Unknown,49-94-0043,"Milw 9""x3/32""x7/8"" Metal Cut Off Disc","Milw 9""x3/32""x7/8"" Metal Cut Off Disc for industrial and commercial applications.","Milw 9""x3/32""x7/8"" Metal Cut Off Disc Manufactured or supplied by Milwaukee Accessory (4031). Available product information includes Size: 9 in.","Milw 9""x3/32""x7/8"" Metal Cut Off Disc designed for industrial and commercial use. Key identified specifications include Size: 9 in.",Manufacturer: Milwaukee Accessory (4031),Manufacturer Part Number: 49-94-0043,Size: 9 in,,,,,,,,,,,,,,,,,
49-94-0048,"49-94-0048 Milw 12""x7/64""x1"" Metal Cut Off Disc General Purpose",,,,Milwaukee Accessory (4031),Unknown,0.0,No evidence,"[('Size', '12', 'in')]",Size,12,in,,,,,,,,,,,,,,,,,,,,,,,,,,,,,,,,,,,,,,,,,,,,,,,,,,,,,,,,,,,,,,,,,,,,,,,,,,,,,,,,,,,,,,,,,,,,,,,,,,,,,,,,,,,,,,,,,,,,,,,,,,,,,,,,,,,,,,,,,,,,,,,,,,,,Milwaukee Accessory (4031),Unknown,49-94-0048,"Milw 12""x7/64""x1"" Metal Cut Off Disc General Purpose","Milw 12""x7/64""x1"" Metal Cut Off Disc General Purpose for industrial and commercial applications.","Milw 12""x7/64""x1"" Metal Cut Off Disc General Purpose Manufactured or supplied by Milwaukee Accessory (4031). Available product information includes Size: 12 in.","Milw 12""x7/64""x1"" Metal Cut Off Disc General Purpose designed for industrial and commercial use. Key identified specifications include Size: 12 in.",Manufacturer: Milwaukee Accessory (4031),Manufacturer Part Number: 49-94-0048,Size: 12 in,,,,,,,,,,,,,,,,,
49-94-0053,"49-94-0053 Milw 12""x1/8""x1"" Metal Cut Off Disc",,,,Milwaukee Accessory (4031),Unknown,0.0,No evidence,"[('Size', '12', 'in')]",Size,12,in,,,,,,,,,,,,,,,,,,,,,,,,,,,,,,,,,,,,,,,,,,,,,,,,,,,,,,,,,,,,,,,,,,,,,,,,,,,,,,,,,,,,,,,,,,,,,,,,,,,,,,,,,,,,,,,,,,,,,,,,,,,,,,,,,,,,,,,,,,,,,,,,,,,,Milwaukee Accessory (4031),Unknown,49-94-0053,"Milw 12""x1/8""x1"" Metal Cut Off Disc","Milw 12""x1/8""x1"" Metal Cut Off Disc for industrial and commercial applications.","Milw 12""x1/8""x1"" Metal Cut Off Disc Manufactured or supplied by Milwaukee Accessory (4031). Available product information includes Size: 12 in.","Milw 12""x1/8""x1"" Metal Cut Off Disc designed for industrial and commercial use. Key identified specifications include Size: 12 in.",Manufacturer: Milwaukee Accessory (4031),Manufacturer Part Number: 49-94-0053,Size: 12 in,,,,,,,,,,,,,,,,,
49-94-0058,"49-94-0058 Milw 12""x1/8""x20mm Metal Cut Off Disc",,,,Milwaukee Accessory (4031),Unknown,0.0,No evidence,"[('Size', '12', 'in')]",Size,12,in,,,,,,,,,,,,,,,,,,,,,,,,,,,,,,,,,,,,,,,,,,,,,,,,,,,,,,,,,,,,,,,,,,,,,,,,,,,,,,,,,,,,,,,,,,,,,,,,,,,,,,,,,,,,,,,,,,,,,,,,,,,,,,,,,,,,,,,,,,,,,,,,,,,,Milwaukee Accessory (4031),Unknown,49-94-0058,"Milw 12""x1/8""x20mm Metal Cut Off Disc","Milw 12""x1/8""x20mm Metal Cut Off Disc for industrial and commercial applications.","Milw 12""x1/8""x20mm Metal Cut Off Disc Manufactured or supplied by Milwaukee Accessory (4031). Available product information includes Size: 12 in.","Milw 12""x1/8""x20mm Metal Cut Off Disc designed for industrial and commercial use. Key identified specifications include Size: 12 in.",Manufacturer: Milwaukee Accessory (4031),Manufacturer Part Number: 49-94-0058,Size: 12 in,,,,,,,,,,,,,,,,,
49-94-0063,"49-94-0063 Milw 14""x7/64""x1"" Metal Cut Off Disc General Purpose",,,,Milwaukee Accessory (4031),Unknown,0.0,No evidence,"[('Size', '14', 'in')]",Size,14,in,,,,,,,,,,,,,,,,,,,,,,,,,,,,,,,,,,,,,,,,,,,,,,,,,,,,,,,,,,,,,,,,,,,,,,,,,,,,,,,,,,,,,,,,,,,,,,,,,,,,,,,,,,,,,,,,,,,,,,,,,,,,,,,,,,,,,,,,,,,,,,,,,,,,Milwaukee Accessory (4031),Unknown,49-94-0063,"Milw 14""x7/64""x1"" Metal Cut Off Disc General Purpose","Milw 14""x7/64""x1"" Metal Cut Off Disc General Purpose for industrial and commercial applications.","Milw 14""x7/64""x1"" Metal Cut Off Disc General Purpose Manufactured or supplied by Milwaukee Accessory (4031). Available product information includes Size: 14 in.","Milw 14""x7/64""x1"" Metal Cut Off Disc General Purpose designed for industrial and commercial use. Key identified specifications include Size: 14 in.",Manufacturer: Milwaukee Accessory (4031),Manufacturer Part Number: 49-94-0063,Size: 14 in,,,,,,,,,,,,,,,,,
49-94-0068,"49-94-0068 Milw 14""x1/8""x20mm Metal Cut Off Disc",,,,Milwaukee Accessory (4031),Unknown,0.0,No evidence,"[('Size', '14', 'in')]",Size,14,in,,,,,,,,,,,,,,,,,,,,,,,,,,,,,,,,,,,,,,,,,,,,,,,,,,,,,,,,,,,,,,,,,,,,,,,,,,,,,,,,,,,,,,,,,,,,,,,,,,,,,,,,,,,,,,,,,,,,,,,,,,,,,,,,,,,,,,,,,,,,,,,,,,,,Milwaukee Accessory (4031),Unknown,49-94-0068,"Milw 14""x1/8""x20mm Metal Cut Off Disc","Milw 14""x1/8""x20mm Metal Cut Off Disc for industrial and commercial applications.","Milw 14""x1/8""x20mm Metal Cut Off Disc Manufactured or supplied by Milwaukee Accessory (4031). Available product information includes Size: 14 in.","Milw 14""x1/8""x20mm Metal Cut Off Disc designed for industrial and commercial use. Key identified specifications include Size: 14 in.",Manufacturer: Milwaukee Accessory (4031),Manufacturer Part Number: 49-94-0068,Size: 14 in,,,,,,,,,,,,,,,,,
49-94-0073,"49-94-0073 Milw 14""x1/8""x1"" Metal Cut Off Disc",,,,Milwaukee Accessory (4031),Unknown,0.0,No evidence,"[('Size', '14', 'in')]",Size,14,in,,,,,,,,,,,,,,,,,,,,,,,,,,,,,,,,,,,,,,,,,,,,,,,,,,,,,,,,,,,,,,,,,,,,,,,,,,,,,,,,,,,,,,,,,,,,,,,,,,,,,,,,,,,,,,,,,,,,,,,,,,,,,,,,,,,,,,,,,,,,,,,,,,,,Milwaukee Accessory (4031),Unknown,49-94-0073,"Milw 14""x1/8""x1"" Metal Cut Off Disc","Milw 14""x1/8""x1"" Metal Cut Off Disc for industrial and commercial applications.","Milw 14""x1/8""x1"" Metal Cut Off Disc Manufactured or supplied by Milwaukee Accessory (4031). Available product information includes Size: 14 in.","Milw 14""x1/8""x1"" Metal Cut Off Disc designed for industrial and commercial use. Key identified specifications include Size: 14 in.",Manufacturer: Milwaukee Accessory (4031),Manufacturer Part Number: 49-94-0073,Size: 14 in,,,,,,,,,,,,,,,,,
49-94-0101,"49-94-0101 Milw 4-1/2""x.045""x7/8"" Perform+ Metal Cut Off Disc 10pc",,,,Milwaukee Accessory (4031),Unknown,0.0,No evidence,"[('Size', '4-1/2', 'in'), ('Size', '045', 'in'), ('Quantity', '10', 'pcs')]",Size,4-1/2,in,Size,045,in,Quantity,10.0,pcs,,,,,,,,,,,,,,,,,,,,,,,,,,,,,,,,,,,,,,,,,,,,,,,,,,,,,,,,,,,,,,,,,,,,,,,,,,,,,,,,,,,,,,,,,,,,,,,,,,,,,,,,,,,,,,,,,,,,,,,,,,,,,,,,,,,,,,,,,,,,,,Milwaukee Accessory (4031),Unknown,49-94-0101,"Milw 4-1/2""x.045""x7/8"" Perform+ Metal Cut Off Disc 10pc","Milw 4-1/2""x.045""x7/8"" Perform+ Metal Cut Off Disc 10pc for industrial and commercial applications.","Milw 4-1/2""x.045""x7/8"" Perform+ Metal Cut Off Disc 10pc Manufactured or supplied by Milwaukee Accessory (4031). Available product information includes Size: 4-1/2 in, Size: 045 in, Quantity: 10.0 pcs.","Milw 4-1/2""x.045""x7/8"" Perform+ Metal Cut Off Disc 10pc designed for industrial and commercial use. Key identified specifications include Size: 4-1/2 in, Size: 045 in, Quantity: 10.0 pcs.",Manufacturer: Milwaukee Accessory (4031),Manufacturer Part Number: 49-94-0101,Size: 4-1/2 in,Size: 045 in,Quantity: 10.0 pcs,,,,,,,,,,,,,,,
49-94-0107,"49-94-0107 Milw 4-1/2""x.045""x7/8"" Performance+ Metal Cut Off Disc",,,,Milwaukee Accessory (4031),Unknown,0.0,No evidence,"[('Size', '4-1/2', 'in'), ('Size', '045', 'in')]",Size,4-1/2,in,Size,045,in,,,,,,,,,,,,,,,,,,,,,,,,,,,,,,,,,,,,,,,,,,,,,,,,,,,,,,,,,,,,,,,,,,,,,,,,,,,,,,,,,,,,,,,,,,,,,,,,,,,,,,,,,,,,,,,,,,,,,,,,,,,,,,,,,,,,,,,,,,,,,,,,,Milwaukee Accessory (4031),Unknown,49-94-0107,"Milw 4-1/2""x.045""x7/8"" Performance+ Metal Cut Off Disc","Milw 4-1/2""x.045""x7/8"" Performance+ Metal Cut Off Disc for industrial and commercial applications.","Milw 4-1/2""x.045""x7/8"" Performance+ Metal Cut Off Disc Manufactured or supplied by Milwaukee Accessory (4031). Available product information includes Size: 4-1/2 in, Size: 045 in.","Milw 4-1/2""x.045""x7/8"" Performance+ Metal Cut Off Disc designed for industrial and commercial use. Key identified specifications include Size: 4-1/2 in, Size: 045 in.",Manufacturer: Milwaukee Accessory (4031),Manufacturer Part Number: 49-94-0107,Size: 4-1/2 in,Size: 045 in,,,,,,,,,,,,,,,,
49-94-0117,"49-94-0117 Milw 5""x.045""x7/8"" Performance+ Metal Cut Off Disc",,,,Milwaukee Accessory (4031),Unknown,0.0,No evidence,"[('Size', '5', 'in')]",Size,5,in,,,,,,,,,,,,,,,,,,,,,,,,,,,,,,,,,,,,,,,,,,,,,,,,,,,,,,,,,,,,,,,,,,,,,,,,,,,,,,,,,,,,,,,,,,,,,,,,,,,,,,,,,,,,,,,,,,,,,,,,,,,,,,,,,,,,,,,,,,,,,,,,,,,,Milwaukee Accessory (4031),Unknown,49-94-0117,"Milw 5""x.045""x7/8"" Performance+ Metal Cut Off Disc","Milw 5""x.045""x7/8"" Performance+ Metal Cut Off Disc for industrial and commercial applications.","Milw 5""x.045""x7/8"" Performance+ Metal Cut Off Disc Manufactured or supplied by Milwaukee Accessory (4031). Available product information includes Size: 5 in.","Milw 5""x.045""x7/8"" Performance+ Metal Cut Off Disc designed for industrial and commercial use. Key identified specifications include Size: 5 in.",Manufacturer: Milwaukee Accessory (4031),Manufacturer Part Number: 49-94-0117,Size: 5 in,,,,,,,,,,,,,,,,,
49-94-0123,"49-94-0123 Milw 6""x.045""x7/8"" Performance+ Metal Cut Off Disc",,,,Milwaukee Accessory (4031),Unknown,0.0,No evidence,"[('Size', '6', 'in')]",Size,6,in,,,,,,,,,,,,,,,,,,,,,,,,,,,,,,,,,,,,,,,,,,,,,,,,,,,,,,,,,,,,,,,,,,,,,,,,,,,,,,,,,,,,,,,,,,,,,,,,,,,,,,,,,,,,,,,,,,,,,,,,,,,,,,,,,,,,,,,,,,,,,,,,,,,,Milwaukee Accessory (4031),Unknown,49-94-0123,"Milw 6""x.045""x7/8"" Performance+ Metal Cut Off Disc","Milw 6""x.045""x7/8"" Performance+ Metal Cut Off Disc for industrial and commercial applications.","Milw 6""x.045""x7/8"" Performance+ Metal Cut Off Disc Manufactured or supplied by Milwaukee Accessory (4031). Available product information includes Size: 6 in.","Milw 6""x.045""x7/8"" Performance+ Metal Cut Off Disc designed for industrial and commercial use. Key identified specifications include Size: 6 in.",Manufacturer: Milwaukee Accessory (4031),Manufacturer Part Number: 49-94-0123,Size: 6 in,,,,,,,,,,,,,,,,,
49-94-0023,"49-94-0023 Milw 6""x.045""x7/8"" Metal Cut Off Disc",,,,Milwaukee Accessory (4031),Unknown,0.0,No evidence,"[('Size', '6', 'in')]",Size,6,in,,,,,,,,,,,,,,,,,,,,,,,,,,,,,,,,,,,,,,,,,,,,,,,,,,,,,,,,,,,,,,,,,,,,,,,,,,,,,,,,,,,,,,,,,,,,,,,,,,,,,,,,,,,,,,,,,,,,,,,,,,,,,,,,,,,,,,,,,,,,,,,,,,,,Milwaukee Accessory (4031),Unknown,49-94-0023,"Milw 6""x.045""x7/8"" Metal Cut Off Disc","Milw 6""x.045""x7/8"" Metal Cut Off Disc for industrial and commercial applications.","Milw 6""x.045""x7/8"" Metal Cut Off Disc Manufactured or supplied by Milwaukee Accessory (4031). Available product information includes Size: 6 in.","Milw 6""x.045""x7/8"" Metal Cut Off Disc designed for industrial and commercial use. Key identified specifications include Size: 6 in.",Manufacturer: Milwaukee Accessory (4031),Manufacturer Part Number: 49-94-0023,Size: 6 in,,,,,,,,,,,,,,,,,
49-94-0121,"49-94-0121 Milw 6""x.045""x7/8"" Performance+ Metal Cut Off Disc 10pc",,,,Milwaukee Accessory (4031),Unknown,0.0,No evidence,"[('Size', '6', 'in'), ('Quantity', '10', 'pcs')]",Size,6,in,Quantity,10,pcs,,,,,,,,,,,,,,,,,,,,,,,,,,,,,,,,,,,,,,,,,,,,,,,,,,,,,,,,,,,,,,,,,,,,,,,,,,,,,,,,,,,,,,,,,,,,,,,,,,,,,,,,,,,,,,,,,,,,,,,,,,,,,,,,,,,,,,,,,,,,,,,,,Milwaukee Accessory (4031),Unknown,49-94-0121,"Milw 6""x.045""x7/8"" Performance+ Metal Cut Off Disc 10pc","Milw 6""x.045""x7/8"" Performance+ Metal Cut Off Disc 10pc for industrial and commercial applications.","Milw 6""x.045""x7/8"" Performance+ Metal Cut Off Disc 10pc Manufactured or supplied by Milwaukee Accessory (4031). Available product information includes Size: 6 in, Quantity: 10 pcs.","Milw 6""x.045""x7/8"" Performance+ Metal Cut Off Disc 10pc designed for industrial and commercial use. Key identified specifications include Size: 6 in, Quantity: 10 pcs.",Manufacturer: Milwaukee Accessory (4031),Manufacturer Part Number: 49-94-0121,Size: 6 in,Quantity: 10 pcs,,,,,,,,,,,,,,,,
49-94-0127,"49-94-0127 Milw 6""x.045""x7/8"" Performance+Metal Cut Off Disc",,,,Milwaukee Accessory (4031),Unknown,0.0,No evidence,"[('Size', '6', 'in')]",Size,6,in,,,,,,,,,,,,,,,,,,,,,,,,,,,,,,,,,,,,,,,,,,,,,,,,,,,,,,,,,,,,,,,,,,,,,,,,,,,,,,,,,,,,,,,,,,,,,,,,,,,,,,,,,,,,,,,,,,,,,,,,,,,,,,,,,,,,,,,,,,,,,,,,,,,,Milwaukee Accessory (4031),Unknown,49-94-0127,"Milw 6""x.045""x7/8"" Performance+Metal Cut Off Disc","Milw 6""x.045""x7/8"" Performance+Metal Cut Off Disc for industrial and commercial applications.","Milw 6""x.045""x7/8"" Performance+Metal Cut Off Disc Manufactured or supplied by Milwaukee Accessory (4031). Available product information includes Size: 6 in.","Milw 6""x.045""x7/8"" Performance+Metal Cut Off Disc designed for industrial and commercial use. Key identified specifications include Size: 6 in.",Manufacturer: Milwaukee Accessory (4031),Manufacturer Part Number: 49-94-0127,Size: 6 in,,,,,,,,,,,,,,,,,
49-94-0137,"49-94-0137 Milw 7""x3/32""x7/8"" Performance+ Metal Cut Off Disc",,,,Milwaukee Accessory (4031),Unknown,0.0,No evidence,"[('Size', '7', 'in')]",Size,7,in,,,,,,,,,,,,,,,,,,,,,,,,,,,,,,,,,,,,,,,,,,,,,,,,,,,,,,,,,,,,,,,,,,,,,,,,,,,,,,,,,,,,,,,,,,,,,,,,,,,,,,,,,,,,,,,,,,,,,,,,,,,,,,,,,,,,,,,,,,,,,,,,,,,,Milwaukee Accessory (4031),Unknown,49-94-0137,"Milw 7""x3/32""x7/8"" Performance+ Metal Cut Off Disc","Milw 7""x3/32""x7/8"" Performance+ Metal Cut Off Disc for industrial and commercial applications.","Milw 7""x3/32""x7/8"" Performance+ Metal Cut Off Disc Manufactured or supplied by Milwaukee Accessory (4031). Available product information includes Size: 7 in.","Milw 7""x3/32""x7/8"" Performance+ Metal Cut Off Disc designed for industrial and commercial use. Key identified specifications include Size: 7 in.",Manufacturer: Milwaukee Accessory (4031),Manufacturer Part Number: 49-94-0137,Size: 7 in,,,,,,,,,,,,,,,,,
49-94-0160,"49-94-0160 Milw 14""x7/64""x1"" Performance+ Metal Cut Off Disc",,,,Milwaukee Accessory (4031),Unknown,0.0,No evidence,"[('Size', '14', 'in')]",Size,14,in,,,,,,,,,,,,,,,,,,,,,,,,,,,,,,,,,,,,,,,,,,,,,,,,,,,,,,,,,,,,,,,,,,,,,,,,,,,,,,,,,,,,,,,,,,,,,,,,,,,,,,,,,,,,,,,,,,,,,,,,,,,,,,,,,,,,,,,,,,,,,,,,,,,,Milwaukee Accessory (4031),Unknown,49-94-0160,"Milw 14""x7/64""x1"" Performance+ Metal Cut Off Disc","Milw 14""x7/64""x1"" Performance+ Metal Cut Off Disc for industrial and commercial applications.","Milw 14""x7/64""x1"" Performance+ Metal Cut Off Disc Manufactured or supplied by Milwaukee Accessory (4031). Available product information includes Size: 14 in.","Milw 14""x7/64""x1"" Performance+ Metal Cut Off Disc designed for industrial and commercial use. Key identified specifications include Size: 14 in.",Manufacturer: Milwaukee Accessory (4031),Manufacturer Part Number: 49-94-0160,Size: 14 in,,,,,,,,,,,,,,,,,
49-94-0223,"49-94-0223 Milw 6""x.045""x7/8"" Ceramic+ Metal Cut Off Disc",,,,Milwaukee Accessory (4031),Unknown,0.0,No evidence,"[('Size', '6', 'in')]",Size,6,in,,,,,,,,,,,,,,,,,,,,,,,,,,,,,,,,,,,,,,,,,,,,,,,,,,,,,,,,,,,,,,,,,,,,,,,,,,,,,,,,,,,,,,,,,,,,,,,,,,,,,,,,,,,,,,,,,,,,,,,,,,,,,,,,,,,,,,,,,,,,,,,,,,,,Milwaukee Accessory (4031),Unknown,49-94-0223,"Milw 6""x.045""x7/8"" Ceramic+ Metal Cut Off Disc","Milw 6""x.045""x7/8"" Ceramic+ Metal Cut Off Disc for industrial and commercial applications.","Milw 6""x.045""x7/8"" Ceramic+ Metal Cut Off Disc Manufactured or supplied by Milwaukee Accessory (4031). Available product information includes Size: 6 in.","Milw 6""x.045""x7/8"" Ceramic+ Metal Cut Off Disc designed for industrial and commercial use. Key identified specifications include Size: 6 in.",Manufacturer: Milwaukee Accessory (4031),Manufacturer Part Number: 49-94-0223,Size: 6 in,,,,,,,,,,,,,,,,,
49-94-0445,"49-94-0445 Milw 10""x3/32""x5/8"" Performance+ Metal Cut Off Disc",,,,Milwaukee Accessory (4031),Unknown,0.0,No evidence,"[('Size', '10', 'in')]",Size,10,in,,,,,,,,,,,,,,,,,,,,,,,,,,,,,,,,,,,,,,,,,,,,,,,,,,,,,,,,,,,,,,,,,,,,,,,,,,,,,,,,,,,,,,,,,,,,,,,,,,,,,,,,,,,,,,,,,,,,,,,,,,,,,,,,,,,,,,,,,,,,,,,,,,,,Milwaukee Accessory (4031),Unknown,49-94-0445,"Milw 10""x3/32""x5/8"" Performance+ Metal Cut Off Disc","Milw 10""x3/32""x5/8"" Performance+ Metal Cut Off Disc for industrial and commercial applications.","Milw 10""x3/32""x5/8"" Performance+ Metal Cut Off Disc Manufactured or supplied by Milwaukee Accessory (4031). Available product information includes Size: 10 in.","Milw 10""x3/32""x5/8"" Performance+ Metal Cut Off Disc designed for industrial and commercial use. Key identified specifications include Size: 10 in.",Manufacturer: Milwaukee Accessory (4031),Manufacturer Part Number: 49-94-0445,Size: 10 in,,,,,,,,,,,,,,,,,
49-94-0803,"49-94-0803 Milw 4-1/2""x1/8""x7/8"" Dual Metal Cut and Grind Disc",,,,Milwaukee Accessory (4031),Unknown,0.0,No evidence,"[('Size', '4-1/2', 'in')]",Size,4-1/2,in,,,,,,,,,,,,,,,,,,,,,,,,,,,,,,,,,,,,,,,,,,,,,,,,,,,,,,,,,,,,,,,,,,,,,,,,,,,,,,,,,,,,,,,,,,,,,,,,,,,,,,,,,,,,,,,,,,,,,,,,,,,,,,,,,,,,,,,,,,,,,,,,,,,,Milwaukee Accessory (4031),Unknown,49-94-0803,"Milw 4-1/2""x1/8""x7/8"" Dual Metal Cut and Grind Disc","Milw 4-1/2""x1/8""x7/8"" Dual Metal Cut and Grind Disc for industrial and commercial applications.","Milw 4-1/2""x1/8""x7/8"" Dual Metal Cut and Grind Disc Manufactured or supplied by Milwaukee Accessory (4031). Available product information includes Size: 4-1/2 in.","Milw 4-1/2""x1/8""x7/8"" Dual Metal Cut and Grind Disc designed for industrial and commercial use. Key identified specifications include Size: 4-1/2 in.",Manufacturer: Milwaukee Accessory (4031),Manufacturer Part Number: 49-94-0803,Size: 4-1/2 in,,,,,,,,,,,,,,,,,
49-94-0903,"49-94-0903 Milw 4-1/2""x1/8""x7/8""Perform+Dual Metal Cut and Grind Disc",,,,Milwaukee Accessory (4031),Unknown,0.0,No evidence,"[('Size', '4-1/2', 'in')]",Size,4-1/2,in,,,,,,,,,,,,,,,,,,,,,,,,,,,,,,,,,,,,,,,,,,,,,,,,,,,,,,,,,,,,,,,,,,,,,,,,,,,,,,,,,,,,,,,,,,,,,,,,,,,,,,,,,,,,,,,,,,,,,,,,,,,,,,,,,,,,,,,,,,,,,,,,,,,,Milwaukee Accessory (4031),Unknown,49-94-0903,"Milw 4-1/2""x1/8""x7/8""Perform+Dual Metal Cut and Grind Disc","Milw 4-1/2""x1/8""x7/8""Perform+Dual Metal Cut and Grind Disc for industrial and commercial applications.","Milw 4-1/2""x1/8""x7/8""Perform+Dual Metal Cut and Grind Disc Manufactured or supplied by Milwaukee Accessory (4031). Available product information includes Size: 4-1/2 in.","Milw 4-1/2""x1/8""x7/8""Perform+Dual Metal Cut and Grind Disc designed for industrial and commercial use. Key identified specifications include Size: 4-1/2 in.",Manufacturer: Milwaukee Accessory (4031),Manufacturer Part Number: 49-94-0903,Size: 4-1/2 in,,,,,,,,,,,,,,,,,
49-94-0907,"49-94-0907 Milw 4-1/2""x1/8""x5/8-11""Perform+Dual Metal Cut n Grind Disc",,,,Milwaukee Accessory (4031),Unknown,0.0,No evidence,"[('Size', '4-1/2', 'in')]",Size,4-1/2,in,,,,,,,,,,,,,,,,,,,,,,,,,,,,,,,,,,,,,,,,,,,,,,,,,,,,,,,,,,,,,,,,,,,,,,,,,,,,,,,,,,,,,,,,,,,,,,,,,,,,,,,,,,,,,,,,,,,,,,,,,,,,,,,,,,,,,,,,,,,,,,,,,,,,Milwaukee Accessory (4031),Unknown,49-94-0907,"Milw 4-1/2""x1/8""x5/8-11""Perform+Dual Metal Cut n Grind Disc","Milw 4-1/2""x1/8""x5/8-11""Perform+Dual Metal Cut n Grind Disc for industrial and commercial applications.","Milw 4-1/2""x1/8""x5/8-11""Perform+Dual Metal Cut n Grind Disc Manufactured or supplied by Milwaukee Accessory (4031). Available product information includes Size: 4-1/2 in.","Milw 4-1/2""x1/8""x5/8-11""Perform+Dual Metal Cut n Grind Disc designed for industrial and commercial use. Key identified specifications include Size: 4-1/2 in.",Manufacturer: Milwaukee Accessory (4031),Manufacturer Part Number: 49-94-0907,Size: 4-1/2 in,,,,,,,,,,,,,,,,,
49-94-0923,"49-94-0923 Milw 6""x1/8""x7/8"" Perform+Dual Metal Cut and Grind Disc",,,,Milwaukee Accessory (4031),Unknown,0.0,No evidence,"[('Size', '6', 'in')]",Size,6,in,,,,,,,,,,,,,,,,,,,,,,,,,,,,,,,,,,,,,,,,,,,,,,,,,,,,,,,,,,,,,,,,,,,,,,,,,,,,,,,,,,,,,,,,,,,,,,,,,,,,,,,,,,,,,,,,,,,,,,,,,,,,,,,,,,,,,,,,,,,,,,,,,,,,Milwaukee Accessory (4031),Unknown,49-94-0923,"Milw 6""x1/8""x7/8"" Perform+Dual Metal Cut and Grind Disc","Milw 6""x1/8""x7/8"" Perform+Dual Metal Cut and Grind Disc for industrial and commercial applications.","Milw 6""x1/8""x7/8"" Perform+Dual Metal Cut and Grind Disc Manufactured or supplied by Milwaukee Accessory (4031). Available product information includes Size: 6 in.","Milw 6""x1/8""x7/8"" Perform+Dual Metal Cut and Grind Disc designed for industrial and commercial use. Key identified specifications include Size: 6 in.",Manufacturer: Milwaukee Accessory (4031),Manufacturer Part Number: 49-94-0923,Size: 6 in,,,,,,,,,,,,,,,,,
49-94-1900,"49-94-1900 Milw 4""x1/8""x5/8"" Masonry Cut Off Disc",,,,Milwaukee Accessory (4031),Unknown,0.0,No evidence,"[('Size', '4', 'in')]",Size,4,in,,,,,,,,,,,,,,,,,,,,,,,,,,,,,,,,,,,,,,,,,,,,,,,,,,,,,,,,,,,,,,,,,,,,,,,,,,,,,,,,,,,,,,,,,,,,,,,,,,,,,,,,,,,,,,,,,,,,,,,,,,,,,,,,,,,,,,,,,,,,,,,,,,,,Milwaukee Accessory (4031),Unknown,49-94-1900,"Milw 4""x1/8""x5/8"" Masonry Cut Off Disc","Milw 4""x1/8""x5/8"" Masonry Cut Off Disc for industrial and commercial applications.","Milw 4""x1/8""x5/8"" Masonry Cut Off Disc Manufactured or supplied by Milwaukee Accessory (4031). Available product information includes Size: 4 in.","Milw 4""x1/8""x5/8"" Masonry Cut Off Disc designed for industrial and commercial use. Key identified specifications include Size: 4 in.",Manufacturer: Milwaukee Accessory (4031),Manufacturer Part Number: 49-94-1900,Size: 4 in,,,,,,,,,,,,,,,,,
49-94-1905,"49-94-1905 Milw 4-1/2""x1/8""x7/8"" Masonry Cut Off Disc",,,,Milwaukee Accessory (4031),Unknown,0.0,No evidence,"[('Size', '4-1/2', 'in')]",Size,4-1/2,in,,,,,,,,,,,,,,,,,,,,,,,,,,,,,,,,,,,,,,,,,,,,,,,,,,,,,,,,,,,,,,,,,,,,,,,,,,,,,,,,,,,,,,,,,,,,,,,,,,,,,,,,,,,,,,,,,,,,,,,,,,,,,,,,,,,,,,,,,,,,,,,,,,,,Milwaukee Accessory (4031),Unknown,49-94-1905,"Milw 4-1/2""x1/8""x7/8"" Masonry Cut Off Disc","Milw 4-1/2""x1/8""x7/8"" Masonry Cut Off Disc for industrial and commercial applications.","Milw 4-1/2""x1/8""x7/8"" Masonry Cut Off Disc Manufactured or supplied by Milwaukee Accessory (4031). Available product information includes Size: 4-1/2 in.","Milw 4-1/2""x1/8""x7/8"" Masonry Cut Off Disc designed for industrial and commercial use. Key identified specifications include Size: 4-1/2 in.",Manufacturer: Milwaukee Accessory (4031),Manufacturer Part Number: 49-94-1905,Size: 4-1/2 in,,,,,,,,,,,,,,,,,
49-94-1915,"49-94-1915 Milw 6-1/2""x1/8""x5/8"" DKO Masonry Cut Off Disc",,,,Milwaukee Accessory (4031),Unknown,0.0,No evidence,"[('Size', '6-1/2', 'in')]",Size,6-1/2,in,,,,,,,,,,,,,,,,,,,,,,,,,,,,,,,,,,,,,,,,,,,,,,,,,,,,,,,,,,,,,,,,,,,,,,,,,,,,,,,,,,,,,,,,,,,,,,,,,,,,,,,,,,,,,,,,,,,,,,,,,,,,,,,,,,,,,,,,,,,,,,,,,,,,Milwaukee Accessory (4031),Unknown,49-94-1915,"Milw 6-1/2""x1/8""x5/8"" DKO Masonry Cut Off Disc","Milw 6-1/2""x1/8""x5/8"" DKO Masonry Cut Off Disc for industrial and commercial applications.","Milw 6-1/2""x1/8""x5/8"" DKO Masonry Cut Off Disc Manufactured or supplied by Milwaukee Accessory (4031). Available product information includes Size: 6-1/2 in.","Milw 6-1/2""x1/8""x5/8"" DKO Masonry Cut Off Disc designed for industrial and commercial use. Key identified specifications include Size: 6-1/2 in.",Manufacturer: Milwaukee Accessory (4031),Manufacturer Part Number: 49-94-1915,Size: 6-1/2 in,,,,,,,,,,,,,,,,,
49-94-1920,"49-94-1920 Milw 7""x1/8""x5/8"" DKO Masonry Cut Off Disc",,,,Milwaukee Accessory (4031),Unknown,0.0,No evidence,"[('Size', '7', 'in')]",Size,7,in,,,,,,,,,,,,,,,,,,,,,,,,,,,,,,,,,,,,,,,,,,,,,,,,,,,,,,,,,,,,,,,,,,,,,,,,,,,,,,,,,,,,,,,,,,,,,,,,,,,,,,,,,,,,,,,,,,,,,,,,,,,,,,,,,,,,,,,,,,,,,,,,,,,,Milwaukee Accessory (4031),Unknown,49-94-1920,"Milw 7""x1/8""x5/8"" DKO Masonry Cut Off Disc","Milw 7""x1/8""x5/8"" DKO Masonry Cut Off Disc for industrial and commercial applications.","Milw 7""x1/8""x5/8"" DKO Masonry Cut Off Disc Manufactured or supplied by Milwaukee Accessory (4031). Available product information includes Size: 7 in.","Milw 7""x1/8""x5/8"" DKO Masonry Cut Off Disc designed for industrial and commercial use. Key identified specifications include Size: 7 in.",Manufacturer: Milwaukee Accessory (4031),Manufacturer Part Number: 49-94-1920,Size: 7 in,,,,,,,,,,,,,,,,,
49-94-1925,"49-94-1925 Milw 10""x1/8""x5/8"" Masonry Cut Off Disc",,,,Milwaukee Accessory (4031),Unknown,0.0,No evidence,"[('Size', '10', 'in')]",Size,10,in,,,,,,,,,,,,,,,,,,,,,,,,,,,,,,,,,,,,,,,,,,,,,,,,,,,,,,,,,,,,,,,,,,,,,,,,,,,,,,,,,,,,,,,,,,,,,,,,,,,,,,,,,,,,,,,,,,,,,,,,,,,,,,,,,,,,,,,,,,,,,,,,,,,,Milwaukee Accessory (4031),Unknown,49-94-1925,"Milw 10""x1/8""x5/8"" Masonry Cut Off Disc","Milw 10""x1/8""x5/8"" Masonry Cut Off Disc for industrial and commercial applications.","Milw 10""x1/8""x5/8"" Masonry Cut Off Disc Manufactured or supplied by Milwaukee Accessory (4031). Available product information includes Size: 10 in.","Milw 10""x1/8""x5/8"" Masonry Cut Off Disc designed for industrial and commercial use. Key identified specifications include Size: 10 in.",Manufacturer: Milwaukee Accessory (4031),Manufacturer Part Number: 49-94-1925,Size: 10 in,,,,,,,,,,,,,,,,,
49-94-1935,"49-94-1935 Milw 12""x1/8""x1"" Masonry Cut Off Disc",,,,Milwaukee Accessory (4031),Unknown,0.0,No evidence,"[('Size', '12', 'in')]",Size,12,in,,,,,,,,,,,,,,,,,,,,,,,,,,,,,,,,,,,,,,,,,,,,,,,,,,,,,,,,,,,,,,,,,,,,,,,,,,,,,,,,,,,,,,,,,,,,,,,,,,,,,,,,,,,,,,,,,,,,,,,,,,,,,,,,,,,,,,,,,,,,,,,,,,,,Milwaukee Accessory (4031),Unknown,49-94-1935,"Milw 12""x1/8""x1"" Masonry Cut Off Disc","Milw 12""x1/8""x1"" Masonry Cut Off Disc for industrial and commercial applications.","Milw 12""x1/8""x1"" Masonry Cut Off Disc Manufactured or supplied by Milwaukee Accessory (4031). Available product information includes Size: 12 in.","Milw 12""x1/8""x1"" Masonry Cut Off Disc designed for industrial and commercial use. Key identified specifications include Size: 12 in.",Manufacturer: Milwaukee Accessory (4031),Manufacturer Part Number: 49-94-1935,Size: 12 in,,,,,,,,,,,,,,,,,
49-94-1940,"49-94-1940 Milw 14""x1/8""x1"" Masonry Cut Off Disc",,,,Milwaukee Accessory (4031),Unknown,0.0,No evidence,"[('Size', '14', 'in')]",Size,14,in,,,,,,,,,,,,,,,,,,,,,,,,,,,,,,,,,,,,,,,,,,,,,,,,,,,,,,,,,,,,,,,,,,,,,,,,,,,,,,,,,,,,,,,,,,,,,,,,,,,,,,,,,,,,,,,,,,,,,,,,,,,,,,,,,,,,,,,,,,,,,,,,,,,,Milwaukee Accessory (4031),Unknown,49-94-1940,"Milw 14""x1/8""x1"" Masonry Cut Off Disc","Milw 14""x1/8""x1"" Masonry Cut Off Disc for industrial and commercial applications.","Milw 14""x1/8""x1"" Masonry Cut Off Disc Manufactured or supplied by Milwaukee Accessory (4031). Available product information includes Size: 14 in.","Milw 14""x1/8""x1"" Masonry Cut Off Disc designed for industrial and commercial use. Key identified specifications include Size: 14 in.",Manufacturer: Milwaukee Accessory (4031),Manufacturer Part Number: 49-94-1940,Size: 14 in,,,,,,,,,,,,,,,,,
49-94-0501,"49-94-0501 Milw 4""x1/4""x5/8"" Metal Grinding Wheel",,,,Milwaukee Accessory (4031),Unknown,0.0,No evidence,"[('Size', '4', 'in')]",Size,4,in,,,,,,,,,,,,,,,,,,,,,,,,,,,,,,,,,,,,,,,,,,,,,,,,,,,,,,,,,,,,,,,,,,,,,,,,,,,,,,,,,,,,,,,,,,,,,,,,,,,,,,,,,,,,,,,,,,,,,,,,,,,,,,,,,,,,,,,,,,,,,,,,,,,,Milwaukee Accessory (4031),Unknown,49-94-0501,"Milw 4""x1/4""x5/8"" Metal Grinding Wheel","Milw 4""x1/4""x5/8"" Metal Grinding Wheel for industrial and commercial applications.","Milw 4""x1/4""x5/8"" Metal Grinding Wheel Manufactured or supplied by Milwaukee Accessory (4031). Available product information includes Size: 4 in.","Milw 4""x1/4""x5/8"" Metal Grinding Wheel designed for industrial and commercial use. Key identified specifications include Size: 4 in.",Manufacturer: Milwaukee Accessory (4031),Manufacturer Part Number: 49-94-0501,Size: 4 in,,,,,,,,,,,,,,,,,
49-94-0503,"49-94-0503 Milw 4-1/2""x1/4""x7/8"" Metal Grinding Wheel",,,,Milwaukee Accessory (4031),Unknown,0.0,No evidence,"[('Size', '4-1/2', 'in')]",Size,4-1/2,in,,,,,,,,,,,,,,,,,,,,,,,,,,,,,,,,,,,,,,,,,,,,,,,,,,,,,,,,,,,,,,,,,,,,,,,,,,,,,,,,,,,,,,,,,,,,,,,,,,,,,,,,,,,,,,,,,,,,,,,,,,,,,,,,,,,,,,,,,,,,,,,,,,,,Milwaukee Accessory (4031),Unknown,49-94-0503,"Milw 4-1/2""x1/4""x7/8"" Metal Grinding Wheel","Milw 4-1/2""x1/4""x7/8"" Metal Grinding Wheel for industrial and commercial applications.","Milw 4-1/2""x1/4""x7/8"" Metal Grinding Wheel Manufactured or supplied by Milwaukee Accessory (4031). Available product information includes Size: 4-1/2 in.","Milw 4-1/2""x1/4""x7/8"" Metal Grinding Wheel designed for industrial and commercial use. Key identified specifications include Size: 4-1/2 in.",Manufacturer: Milwaukee Accessory (4031),Manufacturer Part Number: 49-94-0503,Size: 4-1/2 in,,,,,,,,,,,,,,,,,
49-94-0523,"49-94-0523 Milw 6""x1/4""x7/8"" Metal Grinding Wheel",,,,Milwaukee Accessory (4031),Unknown,0.0,No evidence,"[('Size', '6', 'in')]",Size,6,in,,,,,,,,,,,,,,,,,,,,,,,,,,,,,,,,,,,,,,,,,,,,,,,,,,,,,,,,,,,,,,,,,,,,,,,,,,,,,,,,,,,,,,,,,,,,,,,,,,,,,,,,,,,,,,,,,,,,,,,,,,,,,,,,,,,,,,,,,,,,,,,,,,,,Milwaukee Accessory (4031),Unknown,49-94-0523,"Milw 6""x1/4""x7/8"" Metal Grinding Wheel","Milw 6""x1/4""x7/8"" Metal Grinding Wheel for industrial and commercial applications.","Milw 6""x1/4""x7/8"" Metal Grinding Wheel Manufactured or supplied by Milwaukee Accessory (4031). Available product information includes Size: 6 in.","Milw 6""x1/4""x7/8"" Metal Grinding Wheel designed for industrial and commercial use. Key identified specifications include Size: 6 in.",Manufacturer: Milwaukee Accessory (4031),Manufacturer Part Number: 49-94-0523,Size: 6 in,,,,,,,,,,,,,,,,,
49-94-1955,"49-94-1955 Milw 4-1/2""x1/4""x7/8"" Masonry Grinding Wheel",,,,Milwaukee Accessory (4031),Unknown,0.0,No evidence,"[('Size', '4-1/2', 'in')]",Size,4-1/2,in,,,,,,,,,,,,,,,,,,,,,,,,,,,,,,,,,,,,,,,,,,,,,,,,,,,,,,,,,,,,,,,,,,,,,,,,,,,,,,,,,,,,,,,,,,,,,,,,,,,,,,,,,,,,,,,,,,,,,,,,,,,,,,,,,,,,,,,,,,,,,,,,,,,,Milwaukee Accessory (4031),Unknown,49-94-1955,"Milw 4-1/2""x1/4""x7/8"" Masonry Grinding Wheel","Milw 4-1/2""x1/4""x7/8"" Masonry Grinding Wheel for industrial and commercial applications.","Milw 4-1/2""x1/4""x7/8"" Masonry Grinding Wheel Manufactured or supplied by Milwaukee Accessory (4031). Available product information includes Size: 4-1/2 in.","Milw 4-1/2""x1/4""x7/8"" Masonry Grinding Wheel designed for industrial and commercial use. Key identified specifications include Size: 4-1/2 in.",Manufacturer: Milwaukee Accessory (4031),Manufacturer Part Number: 49-94-1955,Size: 4-1/2 in,,,,,,,,,,,,,,,,,
49-94-1965,"49-94-1965 Milw 7""x1/4""x7/8"" Masonry Grinding Wheel",,,,Milwaukee Accessory (4031),Unknown,0.0,No evidence,"[('Size', '7', 'in')]",Size,7,in,,,,,,,,,,,,,,,,,,,,,,,,,,,,,,,,,,,,,,,,,,,,,,,,,,,,,,,,,,,,,,,,,,,,,,,,,,,,,,,,,,,,,,,,,,,,,,,,,,,,,,,,,,,,,,,,,,,,,,,,,,,,,,,,,,,,,,,,,,,,,,,,,,,,Milwaukee Accessory (4031),Unknown,49-94-1965,"Milw 7""x1/4""x7/8"" Masonry Grinding Wheel","Milw 7""x1/4""x7/8"" Masonry Grinding Wheel for industrial and commercial applications.","Milw 7""x1/4""x7/8"" Masonry Grinding Wheel Manufactured or supplied by Milwaukee Accessory (4031). Available product information includes Size: 7 in.","Milw 7""x1/4""x7/8"" Masonry Grinding Wheel designed for industrial and commercial use. Key identified specifications include Size: 7 in.",Manufacturer: Milwaukee Accessory (4031),Manufacturer Part Number: 49-94-1965,Size: 7 in,,,,,,,,,,,,,,,,,
49-94-0513,"49-94-0513 Milw 5""x1/4""x7/8"" Metal Grinding Wheel",,,,Milwaukee Accessory (4031),Unknown,0.0,No evidence,"[('Size', '5', 'in')]",Size,5,in,,,,,,,,,,,,,,,,,,,,,,,,,,,,,,,,,,,,,,,,,,,,,,,,,,,,,,,,,,,,,,,,,,,,,,,,,,,,,,,,,,,,,,,,,,,,,,,,,,,,,,,,,,,,,,,,,,,,,,,,,,,,,,,,,,,,,,,,,,,,,,,,,,,,Milwaukee Accessory (4031),Unknown,49-94-0513,"Milw 5""x1/4""x7/8"" Metal Grinding Wheel","Milw 5""x1/4""x7/8"" Metal Grinding Wheel for industrial and commercial applications.","Milw 5""x1/4""x7/8"" Metal Grinding Wheel Manufactured or supplied by Milwaukee Accessory (4031). Available product information includes Size: 5 in.","Milw 5""x1/4""x7/8"" Metal Grinding Wheel designed for industrial and commercial use. Key identified specifications include Size: 5 in.",Manufacturer: Milwaukee Accessory (4031),Manufacturer Part Number: 49-94-0513,Size: 5 in,,,,,,,,,,,,,,,,,
49-94-0533,"49-94-0533 Milw 7""x1/4""x7/8"" Metal Grinding Wheel",,,,Milwaukee Accessory (4031),Unknown,0.0,No evidence,"[('Size', '7', 'in')]",Size,7,in,,,,,,,,,,,,,,,,,,,,,,,,,,,,,,,,,,,,,,,,,,,,,,,,,,,,,,,,,,,,,,,,,,,,,,,,,,,,,,,,,,,,,,,,,,,,,,,,,,,,,,,,,,,,,,,,,,,,,,,,,,,,,,,,,,,,,,,,,,,,,,,,,,,,Milwaukee Accessory (4031),Unknown,49-94-0533,"Milw 7""x1/4""x7/8"" Metal Grinding Wheel","Milw 7""x1/4""x7/8"" Metal Grinding Wheel for industrial and commercial applications.","Milw 7""x1/4""x7/8"" Metal Grinding Wheel Manufactured or supplied by Milwaukee Accessory (4031). Available product information includes Size: 7 in.","Milw 7""x1/4""x7/8"" Metal Grinding Wheel designed for industrial and commercial use. Key identified specifications include Size: 7 in.",Manufacturer: Milwaukee Accessory (4031),Manufacturer Part Number: 49-94-0533,Size: 7 in,,,,,,,,,,,,,,,,,
DFBLBLOMFN01G,DFBLBLOMFN01G Diablo 220 Grit - Flat Edge Sanding Sponge,,,,Freud Inc (2435),Diablo,0.6,Product description,[],,,,,,,,,,,,,,,,,,,,,,,,,,,,,,,,,,,,,,,,,,,,,,,,,,,,,,,,,,,,,,,,,,,,,,,,,,,,,,,,,,,,,,,,,,,,,,,,,,,,,,,,,,,,,,,,,,,,,,,,,,,,,,,,,,,,,,,,,,,,,,,,,,,,,,,Freud Inc (2435),Diablo,DFBLBLOMFN01G,Diablo 220 Grit - Flat Edge Sanding Sponge,Diablo 220 Grit - Flat Edge Sanding Sponge for industrial and commercial applications.,Diablo 220 Grit - Flat Edge Sanding Sponge Manufactured or supplied by Freud Inc (2435).,Diablo 220 Grit - Flat Edge Sanding Sponge designed for industrial and commercial use.,Brand: Diablo,Manufacturer: Freud Inc (2435),Manufacturer Part Number: DFBLBLOMFN01G,,,,,,,,,,,,,,,,,
1700-1PK-BB40,3/4x60' Vinyl Elect Tape,,,3M,3 M Co (5293),3M,0.7,Structured source,"[('Dimension', '4 x 60', '')]",Dimension,4 x 60,,,,,,,,,,,,,,,,,,,,,,,,,,,,,,,,,,,,,,,,,,,,,,,,,,,,,,,,,,,,,,,,,,,,,,,,,,,,,,,,,,,,,,,,,,,,,,,,,,,,,,,,,,,,,,,,,,,,,,,,,,,,,,,,,,,,,,,,,,,,,,,,,,,,,3 M Co (5293),3M,1700-1PK-BB40,3M 3/4x60' Vinyl Elect Tape,3M 3/4x60' Vinyl Elect Tape for industrial and commercial applications.,3M 3/4x60' Vinyl Elect Tape Manufactured or supplied by 3 M Co (5293). Available product information includes Dimension: 4 x 60.,3M 3/4x60' Vinyl Elect Tape designed for industrial and commercial use. Key identified specifications include Dimension: 4 x 60.,Brand: 3M,Manufacturer: 3 M Co (5293),Manufacturer Part Number: 1700-1PK-BB40,Dimension: 4 x 60,,,,,,,,,,,,,,,,
ASH-40-40-04,1.5x1.5x13' Legacy Emseal Tape,,,,Emseal Joint Systems Ltd (EMSJO),Unknown,0.0,No evidence,"[('Dimension', '1.5 x 1', '')]",Dimension,1.5 x 1,,,,,,,,,,,,,,,,,,,,,,,,,,,,,,,,,,,,,,,,,,,,,,,,,,,,,,,,,,,,,,,,,,,,,,,,,,,,,,,,,,,,,,,,,,,,,,,,,,,,,,,,,,,,,,,,,,,,,,,,,,,,,,,,,,,,,,,,,,,,,,,,,,,,,Emseal Joint Systems Ltd (EMSJO),Unknown,ASH-40-40-04,1.5x1.5x13' Legacy Emseal Tape,1.5x1.5x13' Legacy Emseal Tape for industrial and commercial applications.,1.5x1.5x13' Legacy Emseal Tape Manufactured or supplied by Emseal Joint Systems Ltd (EMSJO). Available product information includes Dimension: 1.5 x 1.,1.5x1.5x13' Legacy Emseal Tape designed for industrial and commercial use. Key identified specifications include Dimension: 1.5 x 1.,Manufacturer: Emseal Joint Systems Ltd (EMSJO),Manufacturer Part Number: ASH-40-40-04,Dimension: 1.5 x 1,,,,,,,,,,,,,,,,,
KDFM404KPS,KDFM404KPS Dishwasher SS,,,,Appliance Dealers Cooperative (APPDE),Unknown,0.0,No evidence,[],,,,,,,,,,,,,,,,,,,,,,,,,,,,,,,,,,,,,,,,,,,,,,,,,,,,,,,,,,,,,,,,,,,,,,,,,,,,,,,,,,,,,,,,,,,,,,,,,,,,,,,,,,,,,,,,,,,,,,,,,,,,,,,,,,,,,,,,,,,,,,,,,,,,,,,Appliance Dealers Cooperative (APPDE),Unknown,KDFM404KPS,Dishwasher SS,Dishwasher SS for industrial and commercial applications.,Dishwasher SS Manufactured or supplied by Appliance Dealers Cooperative (APPDE).,Dishwasher SS designed for industrial and commercial use.,Manufacturer: Appliance Dealers Cooperative (APPDE),Manufacturer Part Number: KDFM404KPS,,,,,,,,,,,,,,,,,,
PDSH4816AF,PDSH4816AF Dishwasher SS - Display Only,,,,Appliance Dealers Cooperative (APPDE),Unknown,0.0,No evidence,[],,,,,,,,,,,,,,,,,,,,,,,,,,,,,,,,,,,,,,,,,,,,,,,,,,,,,,,,,,,,,,,,,,,,,,,,,,,,,,,,,,,,,,,,,,,,,,,,,,,,,,,,,,,,,,,,,,,,,,,,,,,,,,,,,,,,,,,,,,,,,,,,,,,,,,,Appliance Dealers Cooperative (APPDE),Unknown,PDSH4816AF,Dishwasher SS - Display Only,Dishwasher SS - Display Only for industrial and commercial applications.,Dishwasher SS - Display Only Manufactured or supplied by Appliance Dealers Cooperative (APPDE).,Dishwasher SS - Display Only designed for industrial and commercial use.,Manufacturer: Appliance Dealers Cooperative (APPDE),Manufacturer Part Number: PDSH4816AF,,,,,,,,,,,,,,,,,,
PDT715SYVFS,PDT715SYVFS Ge Dishwasher SS,,,,Appliance Dealers Cooperative (APPDE),Unknown,0.0,No evidence,[],,,,,,,,,,,,,,,,,,,,,,,,,,,,,,,,,,,,,,,,,,,,,,,,,,,,,,,,,,,,,,,,,,,,,,,,,,,,,,,,,,,,,,,,,,,,,,,,,,,,,,,,,,,,,,,,,,,,,,,,,,,,,,,,,,,,,,,,,,,,,,,,,,,,,,,Appliance Dealers Cooperative (APPDE),Unknown,PDT715SYVFS,Ge Dishwasher SS,Ge Dishwasher SS for industrial and commercial applications.,Ge Dishwasher SS Manufactured or supplied by Appliance Dealers Cooperative (APPDE).,Ge Dishwasher SS designed for industrial and commercial use.,Manufacturer: Appliance Dealers Cooperative (APPDE),Manufacturer Part Number: PDT715SYVFS,,,,,,,,,,,,,,,,,,
LDPH5554D,LDPH5554D LG Dishwasher BSS,,,,Appliance Dealers Cooperative (APPDE),Unknown,0.0,No evidence,[],,,,,,,,,,,,,,,,,,,,,,,,,,,,,,,,,,,,,,,,,,,,,,,,,,,,,,,,,,,,,,,,,,,,,,,,,,,,,,,,,,,,,,,,,,,,,,,,,,,,,,,,,,,,,,,,,,,,,,,,,,,,,,,,,,,,,,,,,,,,,,,,,,,,,,,Appliance Dealers Cooperative (APPDE),Unknown,LDPH5554D,LG Dishwasher BSS,LG Dishwasher BSS for industrial and commercial applications.,LG Dishwasher BSS Manufactured or supplied by Appliance Dealers Cooperative (APPDE).,LG Dishwasher BSS designed for industrial and commercial use.,Manufacturer: Appliance Dealers Cooperative (APPDE),Manufacturer Part Number: LDPH5554D,,,,,,,,,,,,,,,,,,
WDTS7024RZ,WDTS7024RZ Dishwasher SS - Display Only,,,,Appliance Dealers Cooperative (APPDE),Unknown,0.0,No evidence,[],,,,,,,,,,,,,,,,,,,,,,,,,,,,,,,,,,,,,,,,,,,,,,,,,,,,,,,,,,,,,,,,,,,,,,,,,,,,,,,,,,,,,,,,,,,,,,,,,,,,,,,,,,,,,,,,,,,,,,,,,,,,,,,,,,,,,,,,,,,,,,,,,,,,,,,Appliance Dealers Cooperative (APPDE),Unknown,WDTS7024RZ,Dishwasher SS - Display Only,Dishwasher SS - Display Only for industrial and commercial applications.,Dishwasher SS - Display Only Manufactured or supplied by Appliance Dealers Cooperative (APPDE).,Dishwasher SS - Display Only designed for industrial and commercial use.,Manufacturer: Appliance Dealers Cooperative (APPDE),Manufacturer Part Number: WDTS7024RZ,,,,,,,,,,,,,,,,,,
PDD415PYYFS,PDD415PYYFS GE Dishwasher SS,,,,Appliance Dealers Cooperative (APPDE),Unknown,0.0,No evidence,[],,,,,,,,,,,,,,,,,,,,,,,,,,,,,,,,,,,,,,,,,,,,,,,,,,,,,,,,,,,,,,,,,,,,,,,,,,,,,,,,,,,,,,,,,,,,,,,,,,,,,,,,,,,,,,,,,,,,,,,,,,,,,,,,,,,,,,,,,,,,,,,,,,,,,,,Appliance Dealers Cooperative (APPDE),Unknown,PDD415PYYFS,GE Dishwasher SS,GE Dishwasher SS for industrial and commercial applications.,GE Dishwasher SS Manufactured or supplied by Appliance Dealers Cooperative (APPDE).,GE Dishwasher SS designed for industrial and commercial use.,Manufacturer: Appliance Dealers Cooperative (APPDE),Manufacturer Part Number: PDD415PYYFS,,,,,,,,,,,,,,,,,,
KDTS424SBE,KDTS424SBE Kitchen Aid Dishwasher Bk,,,,Appliance Dealers Cooperative (APPDE),Unknown,0.0,No evidence,[],,,,,,,,,,,,,,,,,,,,,,,,,,,,,,,,,,,,,,,,,,,,,,,,,,,,,,,,,,,,,,,,,,,,,,,,,,,,,,,,,,,,,,,,,,,,,,,,,,,,,,,,,,,,,,,,,,,,,,,,,,,,,,,,,,,,,,,,,,,,,,,,,,,,,,,Appliance Dealers Cooperative (APPDE),Unknown,KDTS424SBE,Kitchen Aid Dishwasher Bk,Kitchen Aid Dishwasher Bk for industrial and commercial applications.,Kitchen Aid Dishwasher Bk Manufactured or supplied by Appliance Dealers Cooperative (APPDE).,Kitchen Aid Dishwasher Bk designed for industrial and commercial use.,Manufacturer: Appliance Dealers Cooperative (APPDE),Manufacturer Part Number: KDTS424SBE,,,,,,,,,,,,,,,,,,
KDTS324SPS,KDTS324SPS Kitchen Aid Dishwasher SS,,,,Appliance Dealers Cooperative (APPDE),Unknown,0.0,No evidence,[],,,,,,,,,,,,,,,,,,,,,,,,,,,,,,,,,,,,,,,,,,,,,,,,,,,,,,,,,,,,,,,,,,,,,,,,,,,,,,,,,,,,,,,,,,,,,,,,,,,,,,,,,,,,,,,,,,,,,,,,,,,,,,,,,,,,,,,,,,,,,,,,,,,,,,,Appliance Dealers Cooperative (APPDE),Unknown,KDTS324SPS,Kitchen Aid Dishwasher SS,Kitchen Aid Dishwasher SS for industrial and commercial applications.,Kitchen Aid Dishwasher SS Manufactured or supplied by Appliance Dealers Cooperative (APPDE).,Kitchen Aid Dishwasher SS designed for industrial and commercial use.,Manufacturer: Appliance Dealers Cooperative (APPDE),Manufacturer Part Number: KDTS324SPS,,,,,,,,,,,,,,,,,,
KDPS624SJP,KDPS624SJP Dishwasher Juniper - Display Only,,,,Appliance Dealers Cooperative (APPDE),Unknown,0.0,No evidence,[],,,,,,,,,,,,,,,,,,,,,,,,,,,,,,,,,,,,,,,,,,,,,,,,,,,,,,,,,,,,,,,,,,,,,,,,,,,,,,,,,,,,,,,,,,,,,,,,,,,,,,,,,,,,,,,,,,,,,,,,,,,,,,,,,,,,,,,,,,,,,,,,,,,,,,,Appliance Dealers Cooperative (APPDE),Unknown,KDPS624SJP,Dishwasher Juniper - Display Only,Dishwasher Juniper - Display Only for industrial and commercial applications.,Dishwasher Juniper - Display Only Manufactured or supplied by Appliance Dealers Cooperative (APPDE).,Dishwasher Juniper - Display Only designed for industrial and commercial use.,Manufacturer: Appliance Dealers Cooperative (APPDE),Manufacturer Part Number: KDPS624SJP,,,,,,,,,,,,,,,,,,
KDTS624SBE,KDTS624SBE Dishwasher BO Display Only,,,,Appliance Dealers Cooperative (APPDE),Unknown,0.0,No evidence,[],,,,,,,,,,,,,,,,,,,,,,,,,,,,,,,,,,,,,,,,,,,,,,,,,,,,,,,,,,,,,,,,,,,,,,,,,,,,,,,,,,,,,,,,,,,,,,,,,,,,,,,,,,,,,,,,,,,,,,,,,,,,,,,,,,,,,,,,,,,,,,,,,,,,,,,Appliance Dealers Cooperative (APPDE),Unknown,KDTS624SBE,Dishwasher BO Display Only,Dishwasher BO Display Only for industrial and commercial applications.,Dishwasher BO Display Only Manufactured or supplied by Appliance Dealers Cooperative (APPDE).,Dishwasher BO Display Only designed for industrial and commercial use.,Manufacturer: Appliance Dealers Cooperative (APPDE),Manufacturer Part Number: KDTS624SBE,,,,,,,,,,,,,,,,,,
D519127,D519127 Heater Kit,,,,V & V Appliance Parts Inc (VVAPP),Unknown,0.0,No evidence,[],,,,,,,,,,,,,,,,,,,,,,,,,,,,,,,,,,,,,,,,,,,,,,,,,,,,,,,,,,,,,,,,,,,,,,,,,,,,,,,,,,,,,,,,,,,,,,,,,,,,,,,,,,,,,,,,,,,,,,,,,,,,,,,,,,,,,,,,,,,,,,,,,,,,,,,V & V Appliance Parts Inc (VVAPP),Unknown,D519127,Heater Kit,Heater Kit for industrial and commercial applications.,Heater Kit Manufactured or supplied by V & V Appliance Parts Inc (VVAPP).,Heater Kit designed for industrial and commercial use.,Manufacturer: V & V Appliance Parts Inc (VVAPP),Manufacturer Part Number: D519127,,,,,,,,,,,,,,,,,,
DF7004WE,DF7004WE Speed Queen Elect Dryer Wh,,,,Appliance Dealers Cooperative (APPDE),Unknown,0.0,No evidence,[],,,,,,,,,,,,,,,,,,,,,,,,,,,,,,,,,,,,,,,,,,,,,,,,,,,,,,,,,,,,,,,,,,,,,,,,,,,,,,,,,,,,,,,,,,,,,,,,,,,,,,,,,,,,,,,,,,,,,,,,,,,,,,,,,,,,,,,,,,,,,,,,,,,,,,,Appliance Dealers Cooperative (APPDE),Unknown,DF7004WE,Speed Queen Elect Dryer Wh,Speed Queen Elect Dryer Wh for industrial and commercial applications.,Speed Queen Elect Dryer Wh Manufactured or supplied by Appliance Dealers Cooperative (APPDE).,Speed Queen Elect Dryer Wh designed for industrial and commercial use.,Manufacturer: Appliance Dealers Cooperative (APPDE),Manufacturer Part Number: DF7004WE,,,,,,,,,,,,,,,,,,
DR7004BE,DR7004BE SQ Elect Dryer Bk,,,,Appliance Dealers Cooperative (APPDE),Unknown,0.0,No evidence,[],,,,,,,,,,,,,,,,,,,,,,,,,,,,,,,,,,,,,,,,,,,,,,,,,,,,,,,,,,,,,,,,,,,,,,,,,,,,,,,,,,,,,,,,,,,,,,,,,,,,,,,,,,,,,,,,,,,,,,,,,,,,,,,,,,,,,,,,,,,,,,,,,,,,,,,Appliance Dealers Cooperative (APPDE),Unknown,DR7004BE,SQ Elect Dryer Bk,SQ Elect Dryer Bk for industrial and commercial applications.,SQ Elect Dryer Bk Manufactured or supplied by Appliance Dealers Cooperative (APPDE).,SQ Elect Dryer Bk designed for industrial and commercial use.,Manufacturer: Appliance Dealers Cooperative (APPDE),Manufacturer Part Number: DR7004BE,,,,,,,,,,,,,,,,,,
DV2000WE,DV2000WE SQ Elect Dryer Wh,,,,Appliance Dealers Cooperative (APPDE),Unknown,0.0,No evidence,[],,,,,,,,,,,,,,,,,,,,,,,,,,,,,,,,,,,,,,,,,,,,,,,,,,,,,,,,,,,,,,,,,,,,,,,,,,,,,,,,,,,,,,,,,,,,,,,,,,,,,,,,,,,,,,,,,,,,,,,,,,,,,,,,,,,,,,,,,,,,,,,,,,,,,,,Appliance Dealers Cooperative (APPDE),Unknown,DV2000WE,SQ Elect Dryer Wh,SQ Elect Dryer Wh for industrial and commercial applications.,SQ Elect Dryer Wh Manufactured or supplied by Appliance Dealers Cooperative (APPDE).,SQ Elect Dryer Wh designed for industrial and commercial use.,Manufacturer: Appliance Dealers Cooperative (APPDE),Manufacturer Part Number: DV2000WE,,,,,,,,,,,,,,,,,,
DC5004WE,DC5004WE SQ Elect Dryer Wh,,,,Appliance Dealers Cooperative (APPDE),Unknown,0.0,No evidence,[],,,,,,,,,,,,,,,,,,,,,,,,,,,,,,,,,,,,,,,,,,,,,,,,,,,,,,,,,,,,,,,,,,,,,,,,,,,,,,,,,,,,,,,,,,,,,,,,,,,,,,,,,,,,,,,,,,,,,,,,,,,,,,,,,,,,,,,,,,,,,,,,,,,,,,,Appliance Dealers Cooperative (APPDE),Unknown,DC5004WE,SQ Elect Dryer Wh,SQ Elect Dryer Wh for industrial and commercial applications.,SQ Elect Dryer Wh Manufactured or supplied by Appliance Dealers Cooperative (APPDE).,SQ Elect Dryer Wh designed for industrial and commercial use.,Manufacturer: Appliance Dealers Cooperative (APPDE),Manufacturer Part Number: DC5004WE,,,,,,,,,,,,,,,,,,
DC5004BE,DC5004BE SQ Elect Dryer Bk,,,,Appliance Dealers Cooperative (APPDE),Unknown,0.0,No evidence,[],,,,,,,,,,,,,,,,,,,,,,,,,,,,,,,,,,,,,,,,,,,,,,,,,,,,,,,,,,,,,,,,,,,,,,,,,,,,,,,,,,,,,,,,,,,,,,,,,,,,,,,,,,,,,,,,,,,,,,,,,,,,,,,,,,,,,,,,,,,,,,,,,,,,,,,Appliance Dealers Cooperative (APPDE),Unknown,DC5004BE,SQ Elect Dryer Bk,SQ Elect Dryer Bk for industrial and commercial applications.,SQ Elect Dryer Bk Manufactured or supplied by Appliance Dealers Cooperative (APPDE).,SQ Elect Dryer Bk designed for industrial and commercial use.,Manufacturer: Appliance Dealers Cooperative (APPDE),Manufacturer Part Number: DC5004BE,,,,,,,,,,,,,,,,,,
WKE100HWA,WKE100HWA LG Laundry Center Wh - Display,,,,Appliance Dealers Cooperative (APPDE),Unknown,0.0,No evidence,[],,,,,,,,,,,,,,,,,,,,,,,,,,,,,,,,,,,,,,,,,,,,,,,,,,,,,,,,,,,,,,,,,,,,,,,,,,,,,,,,,,,,,,,,,,,,,,,,,,,,,,,,,,,,,,,,,,,,,,,,,,,,,,,,,,,,,,,,,,,,,,,,,,,,,,,Appliance Dealers Cooperative (APPDE),Unknown,WKE100HWA,LG Laundry Center Wh - Display,LG Laundry Center Wh - Display for industrial and commercial applications.,LG Laundry Center Wh - Display Manufactured or supplied by Appliance Dealers Cooperative (APPDE).,LG Laundry Center Wh - Display designed for industrial and commercial use.,Manufacturer: Appliance Dealers Cooperative (APPDE),Manufacturer Part Number: WKE100HWA,,,,,,,,,,,,,,,,,,
FF7011WN,FF7011WN Speed Queen Washer Wh,,,,Appliance Dealers Cooperative (APPDE),Unknown,0.0,No evidence,[],,,,,,,,,,,,,,,,,,,,,,,,,,,,,,,,,,,,,,,,,,,,,,,,,,,,,,,,,,,,,,,,,,,,,,,,,,,,,,,,,,,,,,,,,,,,,,,,,,,,,,,,,,,,,,,,,,,,,,,,,,,,,,,,,,,,,,,,,,,,,,,,,,,,,,,Appliance Dealers Cooperative (APPDE),Unknown,FF7011WN,Speed Queen Washer Wh,Speed Queen Washer Wh for industrial and commercial applications.,Speed Queen Washer Wh Manufactured or supplied by Appliance Dealers Cooperative (APPDE).,Speed Queen Washer Wh designed for industrial and commercial use.,Manufacturer: Appliance Dealers Cooperative (APPDE),Manufacturer Part Number: FF7011WN,,,,,,,,,,,,,,,,,,
PTD70GBPTDG,PTD70GBPTDG GE Gas Dryer DG,,,,Appliance Dealers Cooperative (APPDE),Unknown,0.0,No evidence,[],,,,,,,,,,,,,,,,,,,,,,,,,,,,,,,,,,,,,,,,,,,,,,,,,,,,,,,,,,,,,,,,,,,,,,,,,,,,,,,,,,,,,,,,,,,,,,,,,,,,,,,,,,,,,,,,,,,,,,,,,,,,,,,,,,,,,,,,,,,,,,,,,,,,,,,Appliance Dealers Cooperative (APPDE),Unknown,PTD70GBPTDG,GE Gas Dryer DG,GE Gas Dryer DG for industrial and commercial applications.,GE Gas Dryer DG Manufactured or supplied by Appliance Dealers Cooperative (APPDE).,GE Gas Dryer DG designed for industrial and commercial use.,Manufacturer: Appliance Dealers Cooperative (APPDE),Manufacturer Part Number: PTD70GBPTDG,,,,,,,,,,,,,,,,,,
PTD70GBSTWS,PTD70GBSTWS GE Gas Dryer Wh,,,,Appliance Dealers Cooperative (APPDE),Unknown,0.0,No evidence,[],,,,,,,,,,,,,,,,,,,,,,,,,,,,,,,,,,,,,,,,,,,,,,,,,,,,,,,,,,,,,,,,,,,,,,,,,,,,,,,,,,,,,,,,,,,,,,,,,,,,,,,,,,,,,,,,,,,,,,,,,,,,,,,,,,,,,,,,,,,,,,,,,,,,,,,Appliance Dealers Cooperative (APPDE),Unknown,PTD70GBSTWS,GE Gas Dryer Wh,GE Gas Dryer Wh for industrial and commercial applications.,GE Gas Dryer Wh Manufactured or supplied by Appliance Dealers Cooperative (APPDE).,GE Gas Dryer Wh designed for industrial and commercial use.,Manufacturer: Appliance Dealers Cooperative (APPDE),Manufacturer Part Number: PTD70GBSTWS,,,,,,,,,,,,,,,,,,
DR5004WG,DR5004WG SQ Gas Dryer Wh,,,,Appliance Dealers Cooperative (APPDE),Unknown,0.0,No evidence,[],,,,,,,,,,,,,,,,,,,,,,,,,,,,,,,,,,,,,,,,,,,,,,,,,,,,,,,,,,,,,,,,,,,,,,,,,,,,,,,,,,,,,,,,,,,,,,,,,,,,,,,,,,,,,,,,,,,,,,,,,,,,,,,,,,,,,,,,,,,,,,,,,,,,,,,Appliance Dealers Cooperative (APPDE),Unknown,DR5004WG,SQ Gas Dryer Wh,SQ Gas Dryer Wh for industrial and commercial applications.,SQ Gas Dryer Wh Manufactured or supplied by Appliance Dealers Cooperative (APPDE).,SQ Gas Dryer Wh designed for industrial and commercial use.,Manufacturer: Appliance Dealers Cooperative (APPDE),Manufacturer Part Number: DR5004WG,,,,,,,,,,,,,,,,,,
DR7004BG,DR7004BG SQ Gas Dryer Bk,,,,Appliance Dealers Cooperative (APPDE),Unknown,0.0,No evidence,[],,,,,,,,,,,,,,,,,,,,,,,,,,,,,,,,,,,,,,,,,,,,,,,,,,,,,,,,,,,,,,,,,,,,,,,,,,,,,,,,,,,,,,,,,,,,,,,,,,,,,,,,,,,,,,,,,,,,,,,,,,,,,,,,,,,,,,,,,,,,,,,,,,,,,,,Appliance Dealers Cooperative (APPDE),Unknown,DR7004BG,SQ Gas Dryer Bk,SQ Gas Dryer Bk for industrial and commercial applications.,SQ Gas Dryer Bk Manufactured or supplied by Appliance Dealers Cooperative (APPDE).,SQ Gas Dryer Bk designed for industrial and commercial use.,Manufacturer: Appliance Dealers Cooperative (APPDE),Manufacturer Part Number: DR7004BG,,,,,,,,,,,,,,,,,,
DR7004WG,DR7004WG SQ Gas Dryer Wh,,,,Appliance Dealers Cooperative (APPDE),Unknown,0.0,No evidence,[],,,,,,,,,,,,,,,,,,,,,,,,,,,,,,,,,,,,,,,,,,,,,,,,,,,,,,,,,,,,,,,,,,,,,,,,,,,,,,,,,,,,,,,,,,,,,,,,,,,,,,,,,,,,,,,,,,,,,,,,,,,,,,,,,,,,,,,,,,,,,,,,,,,,,,,Appliance Dealers Cooperative (APPDE),Unknown,DR7004WG,SQ Gas Dryer Wh,SQ Gas Dryer Wh for industrial and commercial applications.,SQ Gas Dryer Wh Manufactured or supplied by Appliance Dealers Cooperative (APPDE).,SQ Gas Dryer Wh designed for industrial and commercial use.,Manufacturer: Appliance Dealers Cooperative (APPDE),Manufacturer Part Number: DR7004WG,,,,,,,,,,,,,,,,,,
DV2000WG,DV2000WG SQ Gas Dryer Wh,,,,Appliance Dealers Cooperative (APPDE),Unknown,0.0,No evidence,[],,,,,,,,,,,,,,,,,,,,,,,,,,,,,,,,,,,,,,,,,,,,,,,,,,,,,,,,,,,,,,,,,,,,,,,,,,,,,,,,,,,,,,,,,,,,,,,,,,,,,,,,,,,,,,,,,,,,,,,,,,,,,,,,,,,,,,,,,,,,,,,,,,,,,,,Appliance Dealers Cooperative (APPDE),Unknown,DV2000WG,SQ Gas Dryer Wh,SQ Gas Dryer Wh for industrial and commercial applications.,SQ Gas Dryer Wh Manufactured or supplied by Appliance Dealers Cooperative (APPDE).,SQ Gas Dryer Wh designed for industrial and commercial use.,Manufacturer: Appliance Dealers Cooperative (APPDE),Manufacturer Part Number: DV2000WG,,,,,,,,,,,,,,,,,,
DC5004WG,DC5004WG SQ Gas Dryer Wh,,,,Appliance Dealers Cooperative (APPDE),Unknown,0.0,No evidence,[],,,,,,,,,,,,,,,,,,,,,,,,,,,,,,,,,,,,,,,,,,,,,,,,,,,,,,,,,,,,,,,,,,,,,,,,,,,,,,,,,,,,,,,,,,,,,,,,,,,,,,,,,,,,,,,,,,,,,,,,,,,,,,,,,,,,,,,,,,,,,,,,,,,,,,,Appliance Dealers Cooperative (APPDE),Unknown,DC5004WG,SQ Gas Dryer Wh,SQ Gas Dryer Wh for industrial and commercial applications.,SQ Gas Dryer Wh Manufactured or supplied by Appliance Dealers Cooperative (APPDE).,SQ Gas Dryer Wh designed for industrial and commercial use.,Manufacturer: Appliance Dealers Cooperative (APPDE),Manufacturer Part Number: DC5004WG,,,,,,,,,,,,,,,,,,
DC5004BG,DC5004BG SQ Gas Dryer Bk,,,,Appliance Dealers Cooperative (APPDE),Unknown,0.0,No evidence,[],,,,,,,,,,,,,,,,,,,,,,,,,,,,,,,,,,,,,,,,,,,,,,,,,,,,,,,,,,,,,,,,,,,,,,,,,,,,,,,,,,,,,,,,,,,,,,,,,,,,,,,,,,,,,,,,,,,,,,,,,,,,,,,,,,,,,,,,,,,,,,,,,,,,,,,Appliance Dealers Cooperative (APPDE),Unknown,DC5004BG,SQ Gas Dryer Bk,SQ Gas Dryer Bk for industrial and commercial applications.,SQ Gas Dryer Bk Manufactured or supplied by Appliance Dealers Cooperative (APPDE).,SQ Gas Dryer Bk designed for industrial and commercial use.,Manufacturer: Appliance Dealers Cooperative (APPDE),Manufacturer Part Number: DC5004BG,,,,,,,,,,,,,,,,,,
PTW705BSTWS,PTW705BSTWS GE Washer Wh,,,,Appliance Dealers Cooperative (APPDE),Unknown,0.0,No evidence,[],,,,,,,,,,,,,,,,,,,,,,,,,,,,,,,,,,,,,,,,,,,,,,,,,,,,,,,,,,,,,,,,,,,,,,,,,,,,,,,,,,,,,,,,,,,,,,,,,,,,,,,,,,,,,,,,,,,,,,,,,,,,,,,,,,,,,,,,,,,,,,,,,,,,,,,Appliance Dealers Cooperative (APPDE),Unknown,PTW705BSTWS,GE Washer Wh,GE Washer Wh for industrial and commercial applications.,GE Washer Wh Manufactured or supplied by Appliance Dealers Cooperative (APPDE).,GE Washer Wh designed for industrial and commercial use.,Manufacturer: Appliance Dealers Cooperative (APPDE),Manufacturer Part Number: PTW705BSTWS,,,,,,,,,,,,,,,,,,
MVWP586GW,MVWP586GW Washer Wh - Display,,,,Appliance Dealers Cooperative (APPDE),Unknown,0.0,No evidence,[],,,,,,,,,,,,,,,,,,,,,,,,,,,,,,,,,,,,,,,,,,,,,,,,,,,,,,,,,,,,,,,,,,,,,,,,,,,,,,,,,,,,,,,,,,,,,,,,,,,,,,,,,,,,,,,,,,,,,,,,,,,,,,,,,,,,,,,,,,,,,,,,,,,,,,,Appliance Dealers Cooperative (APPDE),Unknown,MVWP586GW,Washer Wh - Display,Washer Wh - Display for industrial and commercial applications.,Washer Wh - Display Manufactured or supplied by Appliance Dealers Cooperative (APPDE).,Washer Wh - Display designed for industrial and commercial use.,Manufacturer: Appliance Dealers Cooperative (APPDE),Manufacturer Part Number: MVWP586GW,,,,,,,,,,,,,,,,,,
TV2000WN,TV2000WN SQ Elect Washer,,,,Appliance Dealers Cooperative (APPDE),Unknown,0.0,No evidence,[],,,,,,,,,,,,,,,,,,,,,,,,,,,,,,,,,,,,,,,,,,,,,,,,,,,,,,,,,,,,,,,,,,,,,,,,,,,,,,,,,,,,,,,,,,,,,,,,,,,,,,,,,,,,,,,,,,,,,,,,,,,,,,,,,,,,,,,,,,,,,,,,,,,,,,,Appliance Dealers Cooperative (APPDE),Unknown,TV2000WN,SQ Elect Washer,SQ Elect Washer for industrial and commercial applications.,SQ Elect Washer Manufactured or supplied by Appliance Dealers Cooperative (APPDE).,SQ Elect Washer designed for industrial and commercial use.,Manufacturer: Appliance Dealers Cooperative (APPDE),Manufacturer Part Number: TV2000WN,,,,,,,,,,,,,,,,,,
TC5003BN,TC5003BN SQ Washer Bk,,,,Appliance Dealers Cooperative (APPDE),Unknown,0.0,No evidence,[],,,,,,,,,,,,,,,,,,,,,,,,,,,,,,,,,,,,,,,,,,,,,,,,,,,,,,,,,,,,,,,,,,,,,,,,,,,,,,,,,,,,,,,,,,,,,,,,,,,,,,,,,,,,,,,,,,,,,,,,,,,,,,,,,,,,,,,,,,,,,,,,,,,,,,,Appliance Dealers Cooperative (APPDE),Unknown,TC5003BN,SQ Washer Bk,SQ Washer Bk for industrial and commercial applications.,SQ Washer Bk Manufactured or supplied by Appliance Dealers Cooperative (APPDE).,SQ Washer Bk designed for industrial and commercial use.,Manufacturer: Appliance Dealers Cooperative (APPDE),Manufacturer Part Number: TC5003BN,,,,,,,,,,,,,,,,,,
TR7006WN,TR7006WN Speed Queen Washer Wh,,,,Appliance Dealers Cooperative (APPDE),Unknown,0.0,No evidence,[],,,,,,,,,,,,,,,,,,,,,,,,,,,,,,,,,,,,,,,,,,,,,,,,,,,,,,,,,,,,,,,,,,,,,,,,,,,,,,,,,,,,,,,,,,,,,,,,,,,,,,,,,,,,,,,,,,,,,,,,,,,,,,,,,,,,,,,,,,,,,,,,,,,,,,,Appliance Dealers Cooperative (APPDE),Unknown,TR7006WN,Speed Queen Washer Wh,Speed Queen Washer Wh for industrial and commercial applications.,Speed Queen Washer Wh Manufactured or supplied by Appliance Dealers Cooperative (APPDE).,Speed Queen Washer Wh designed for industrial and commercial use.,Manufacturer: Appliance Dealers Cooperative (APPDE),Manufacturer Part Number: TR7006WN,,,,,,,,,,,,,,,,,,
TR7006BN,TR7006BN Speed Queen Washer Bk,,,,Appliance Dealers Cooperative (APPDE),Unknown,0.0,No evidence,[],,,,,,,,,,,,,,,,,,,,,,,,,,,,,,,,,,,,,,,,,,,,,,,,,,,,,,,,,,,,,,,,,,,,,,,,,,,,,,,,,,,,,,,,,,,,,,,,,,,,,,,,,,,,,,,,,,,,,,,,,,,,,,,,,,,,,,,,,,,,,,,,,,,,,,,Appliance Dealers Cooperative (APPDE),Unknown,TR7006BN,Speed Queen Washer Bk,Speed Queen Washer Bk for industrial and commercial applications.,Speed Queen Washer Bk Manufactured or supplied by Appliance Dealers Cooperative (APPDE).,Speed Queen Washer Bk designed for industrial and commercial use.,Manufacturer: Appliance Dealers Cooperative (APPDE),Manufacturer Part Number: TR7006BN,,,,,,,,,,,,,,,,,,
TR5006WN,TR5006WN Speed Queen Washer Wh,,,,Appliance Dealers Cooperative (APPDE),Unknown,0.0,No evidence,[],,,,,,,,,,,,,,,,,,,,,,,,,,,,,,,,,,,,,,,,,,,,,,,,,,,,,,,,,,,,,,,,,,,,,,,,,,,,,,,,,,,,,,,,,,,,,,,,,,,,,,,,,,,,,,,,,,,,,,,,,,,,,,,,,,,,,,,,,,,,,,,,,,,,,,,Appliance Dealers Cooperative (APPDE),Unknown,TR5006WN,Speed Queen Washer Wh,Speed Queen Washer Wh for industrial and commercial applications.,Speed Queen Washer Wh Manufactured or supplied by Appliance Dealers Cooperative (APPDE).,Speed Queen Washer Wh designed for industrial and commercial use.,Manufacturer: Appliance Dealers Cooperative (APPDE),Manufacturer Part Number: TR5006WN,,,,,,,,,,,,,,,,,,
05134545001,9516 Kneeling Pad& Bttl Opener,,,,Wera Tools NA Inc (WERTO),Unknown,0.0,No evidence,[],,,,,,,,,,,,,,,,,,,,,,,,,,,,,,,,,,,,,,,,,,,,,,,,,,,,,,,,,,,,,,,,,,,,,,,,,,,,,,,,,,,,,,,,,,,,,,,,,,,,,,,,,,,,,,,,,,,,,,,,,,,,,,,,,,,,,,,,,,,,,,,,,,,,,,,Wera Tools NA Inc (WERTO),Unknown,05134545001,9516 Kneeling Pad& Bttl Opener,9516 Kneeling Pad& Bttl Opener for industrial and commercial applications.,9516 Kneeling Pad& Bttl Opener Manufactured or supplied by Wera Tools NA Inc (WERTO).,9516 Kneeling Pad& Bttl Opener designed for industrial and commercial use.,Manufacturer: Wera Tools NA Inc (WERTO),Manufacturer Part Number: 05134545001,,,,,,,,,,,,,,,,,,
LNL65301,LNL65301 Digital Tire Pressure - Inflator Gauge,,,,-,Unknown,0.0,No evidence,[],,,,,,,,,,,,,,,,,,,,,,,,,,,,,,,,,,,,,,,,,,,,,,,,,,,,,,,,,,,,,,,,,,,,,,,,,,,,,,,,,,,,,,,,,,,,,,,,,,,,,,,,,,,,,,,,,,,,,,,,,,,,,,,,,,,,,,,,,,,,,,,,,,,,,,,-,Unknown,LNL65301,Digital Tire Pressure - Inflator Gauge,Digital Tire Pressure - Inflator Gauge for industrial and commercial applications.,Digital Tire Pressure - Inflator Gauge Manufactured or supplied by -.,Digital Tire Pressure - Inflator Gauge designed for industrial and commercial use.,Manufacturer: -,Manufacturer Part Number: LNL65301,,,,,,,,,,,,,,,,,,
25-A,Charcoal Black 25-A Mortar - Type N,,,,Rees Cast Stone Company (REECA),Unknown,0.0,No evidence,[],,,,,,,,,,,,,,,,,,,,,,,,,,,,,,,,,,,,,,,,,,,,,,,,,,,,,,,,,,,,,,,,,,,,,,,,,,,,,,,,,,,,,,,,,,,,,,,,,,,,,,,,,,,,,,,,,,,,,,,,,,,,,,,,,,,,,,,,,,,,,,,,,,,,,,,Rees Cast Stone Company (REECA),Unknown,25-A,Charcoal Black  Mortar - Type N,Charcoal Black  Mortar - Type N for industrial and commercial applications.,Charcoal Black  Mortar - Type N Manufactured or supplied by Rees Cast Stone Company (REECA).,Charcoal Black  Mortar - Type N designed for industrial and commercial use.,Manufacturer: Rees Cast Stone Company (REECA),Manufacturer Part Number: 25-A,,,,,,,,,,,,,,,,,,
38-E,Dark Chocolate 38-E Mortar - Type N,,,,Rees Cast Stone Company (REECA),Unknown,0.0,No evidence,[],,,,,,,,,,,,,,,,,,,,,,,,,,,,,,,,,,,,,,,,,,,,,,,,,,,,,,,,,,,,,,,,,,,,,,,,,,,,,,,,,,,,,,,,,,,,,,,,,,,,,,,,,,,,,,,,,,,,,,,,,,,,,,,,,,,,,,,,,,,,,,,,,,,,,,,Rees Cast Stone Company (REECA),Unknown,38-E,Dark Chocolate  Mortar - Type N,Dark Chocolate  Mortar - Type N for industrial and commercial applications.,Dark Chocolate  Mortar - Type N Manufactured or supplied by Rees Cast Stone Company (REECA).,Dark Chocolate  Mortar - Type N designed for industrial and commercial use.,Manufacturer: Rees Cast Stone Company (REECA),Manufacturer Part Number: 38-E,,,,,,,,,,,,,,,,,,
59-J,Light Buff 59-J Mortar - Type N,,,,Rees Cast Stone Company (REECA),Unknown,0.0,No evidence,[],,,,,,,,,,,,,,,,,,,,,,,,,,,,,,,,,,,,,,,,,,,,,,,,,,,,,,,,,,,,,,,,,,,,,,,,,,,,,,,,,,,,,,,,,,,,,,,,,,,,,,,,,,,,,,,,,,,,,,,,,,,,,,,,,,,,,,,,,,,,,,,,,,,,,,,Rees Cast Stone Company (REECA),Unknown,59-J,Light Buff  Mortar - Type N,Light Buff  Mortar - Type N for industrial and commercial applications.,Light Buff  Mortar - Type N Manufactured or supplied by Rees Cast Stone Company (REECA).,Light Buff  Mortar - Type N designed for industrial and commercial use.,Manufacturer: Rees Cast Stone Company (REECA),Manufacturer Part Number: 59-J,,,,,,,,,,,,,,,,,,
44-A,Light Chocolate 44-A Mortar - Type N,,,,Rees Cast Stone Company (REECA),Unknown,0.0,No evidence,[],,,,,,,,,,,,,,,,,,,,,,,,,,,,,,,,,,,,,,,,,,,,,,,,,,,,,,,,,,,,,,,,,,,,,,,,,,,,,,,,,,,,,,,,,,,,,,,,,,,,,,,,,,,,,,,,,,,,,,,,,,,,,,,,,,,,,,,,,,,,,,,,,,,,,,,Rees Cast Stone Company (REECA),Unknown,44-A,Light Chocolate  Mortar - Type N,Light Chocolate  Mortar - Type N for industrial and commercial applications.,Light Chocolate  Mortar - Type N Manufactured or supplied by Rees Cast Stone Company (REECA).,Light Chocolate  Mortar - Type N designed for industrial and commercial use.,Manufacturer: Rees Cast Stone Company (REECA),Manufacturer Part Number: 44-A,,,,,,,,,,,,,,,,,,
543302126,6' Wh Select T-Rail Kit Horiz - w/Sq Composite Balusters,TREX,,,U S Lumber (3073),TREX,0.7,Structured source,[],,,,,,,,,,,,,,,,,,,,,,,,,,,,,,,,,,,,,,,,,,,,,,,,,,,,,,,,,,,,,,,,,,,,,,,,,,,,,,,,,,,,,,,,,,,,,,,,,,,,,,,,,,,,,,,,,,,,,,,,,,,,,,,,,,,,,,,,,,,,,,,,,,,,,,,U S Lumber (3073),TREX,543302126,TREX 6' Wh Select T-Rail Kit Horiz - w/Sq Composite Balusters,TREX 6' Wh Select T-Rail Kit Horiz - w/Sq Composite Balusters for industrial and commercial applications.,TREX 6' Wh Select T-Rail Kit Horiz - w/Sq Composite Balusters Manufactured or supplied by U S Lumber (3073).,TREX 6' Wh Select T-Rail Kit Horiz - w/Sq Composite Balusters designed for industrial and commercial use.,Brand: TREX,Manufacturer: U S Lumber (3073),Manufacturer Part Number: 543302126,,,,,,,,,,,,,,,,,
543302146,8' Wh Select T-Rail Kit Horiz - w/Sq Composite Balusters,TREX,,,U S Lumber (3073),TREX,0.7,Structured source,[],,,,,,,,,,,,,,,,,,,,,,,,,,,,,,,,,,,,,,,,,,,,,,,,,,,,,,,,,,,,,,,,,,,,,,,,,,,,,,,,,,,,,,,,,,,,,,,,,,,,,,,,,,,,,,,,,,,,,,,,,,,,,,,,,,,,,,,,,,,,,,,,,,,,,,,U S Lumber (3073),TREX,543302146,TREX 8' Wh Select T-Rail Kit Horiz - w/Sq Composite Balusters,TREX 8' Wh Select T-Rail Kit Horiz - w/Sq Composite Balusters for industrial and commercial applications.,TREX 8' Wh Select T-Rail Kit Horiz - w/Sq Composite Balusters Manufactured or supplied by U S Lumber (3073).,TREX 8' Wh Select T-Rail Kit Horiz - w/Sq Composite Balusters designed for industrial and commercial use.,Brand: TREX,Manufacturer: U S Lumber (3073),Manufacturer Part Number: 543302146,,,,,,,,,,,,,,,,,
73019603,Finyline Wh 6' Fl Rail Kit Sq,,,,-,Unknown,0.0,No evidence,[],,,,,,,,,,,,,,,,,,,,,,,,,,,,,,,,,,,,,,,,,,,,,,,,,,,,,,,,,,,,,,,,,,,,,,,,,,,,,,,,,,,,,,,,,,,,,,,,,,,,,,,,,,,,,,,,,,,,,,,,,,,,,,,,,,,,,,,,,,,,,,,,,,,,,,,-,Unknown,73019603,Finyline Wh 6' Fl Rail Kit Sq,Finyline Wh 6' Fl Rail Kit Sq for industrial and commercial applications.,Finyline Wh 6' Fl Rail Kit Sq Manufactured or supplied by -.,Finyline Wh 6' Fl Rail Kit Sq designed for industrial and commercial use.,Manufacturer: -,Manufacturer Part Number: 73019603,,,,,,,,,,,,,,,,,,
73019652,Finyline Wh 8' Fl Rail Kit Sq,,,,-,Unknown,0.0,No evidence,[],,,,,,,,,,,,,,,,,,,,,,,,,,,,,,,,,,,,,,,,,,,,,,,,,,,,,,,,,,,,,,,,,,,,,,,,,,,,,,,,,,,,,,,,,,,,,,,,,,,,,,,,,,,,,,,,,,,,,,,,,,,,,,,,,,,,,,,,,,,,,,,,,,,,,,,-,Unknown,73019652,Finyline Wh 8' Fl Rail Kit Sq,Finyline Wh 8' Fl Rail Kit Sq for industrial and commercial applications.,Finyline Wh 8' Fl Rail Kit Sq Manufactured or supplied by -.,Finyline Wh 8' Fl Rail Kit Sq designed for industrial and commercial use.,Manufacturer: -,Manufacturer Part Number: 73019652,,,,,,,,,,,,,,,,,,
73019517,Finyline Wh 10' Fl Rail Kit Sq,,,,-,Unknown,0.0,No evidence,[],,,,,,,,,,,,,,,,,,,,,,,,,,,,,,,,,,,,,,,,,,,,,,,,,,,,,,,,,,,,,,,,,,,,,,,,,,,,,,,,,,,,,,,,,,,,,,,,,,,,,,,,,,,,,,,,,,,,,,,,,,,,,,,,,,,,,,,,,,,,,,,,,,,,,,,-,Unknown,73019517,Finyline Wh 10' Fl Rail Kit Sq,Finyline Wh 10' Fl Rail Kit Sq for industrial and commercial applications.,Finyline Wh 10' Fl Rail Kit Sq Manufactured or supplied by -.,Finyline Wh 10' Fl Rail Kit Sq designed for industrial and commercial use.,Manufacturer: -,Manufacturer Part Number: 73019517,,,,,,,,,,,,,,,,,,
73019602,Finyline Wh 6' Fl Rail Kit Rd - w/Black Alum Balusters,,,,-,Unknown,0.0,No evidence,[],,,,,,,,,,,,,,,,,,,,,,,,,,,,,,,,,,,,,,,,,,,,,,,,,,,,,,,,,,,,,,,,,,,,,,,,,,,,,,,,,,,,,,,,,,,,,,,,,,,,,,,,,,,,,,,,,,,,,,,,,,,,,,,,,,,,,,,,,,,,,,,,,,,,,,,-,Unknown,73019602,Finyline Wh 6' Fl Rail Kit Rd - w/Black Alum Balusters,Finyline Wh 6' Fl Rail Kit Rd - w/Black Alum Balusters for industrial and commercial applications.,Finyline Wh 6' Fl Rail Kit Rd - w/Black Alum Balusters Manufactured or supplied by -.,Finyline Wh 6' Fl Rail Kit Rd - w/Black Alum Balusters designed for industrial and commercial use.,Manufacturer: -,Manufacturer Part Number: 73019602,,,,,,,,,,,,,,,,,,
73019651,Finyline Wh 8' Fl Rail Kit Rd - w/Black Alum Balusters,,,,-,Unknown,0.0,No evidence,[],,,,,,,,,,,,,,,,,,,,,,,,,,,,,,,,,,,,,,,,,,,,,,,,,,,,,,,,,,,,,,,,,,,,,,,,,,,,,,,,,,,,,,,,,,,,,,,,,,,,,,,,,,,,,,,,,,,,,,,,,,,,,,,,,,,,,,,,,,,,,,,,,,,,,,,-,Unknown,73019651,Finyline Wh 8' Fl Rail Kit Rd - w/Black Alum Balusters,Finyline Wh 8' Fl Rail Kit Rd - w/Black Alum Balusters for industrial and commercial applications.,Finyline Wh 8' Fl Rail Kit Rd - w/Black Alum Balusters Manufactured or supplied by -.,Finyline Wh 8' Fl Rail Kit Rd - w/Black Alum Balusters designed for industrial and commercial use.,Manufacturer: -,Manufacturer Part Number: 73019651,,,,,,,,,,,,,,,,,,
73019516,Finyline Wh 10' Fl Rail Kit Rd - w/Black Alum Balusters,,,,-,Unknown,0.0,No evidence,[],,,,,,,,,,,,,,,,,,,,,,,,,,,,,,,,,,,,,,,,,,,,,,,,,,,,,,,,,,,,,,,,,,,,,,,,,,,,,,,,,,,,,,,,,,,,,,,,,,,,,,,,,,,,,,,,,,,,,,,,,,,,,,,,,,,,,,,,,,,,,,,,,,,,,,,-,Unknown,73019516,Finyline Wh 10' Fl Rail Kit Rd - w/Black Alum Balusters,Finyline Wh 10' Fl Rail Kit Rd - w/Black Alum Balusters for industrial and commercial applications.,Finyline Wh 10' Fl Rail Kit Rd - w/Black Alum Balusters Manufactured or supplied by -.,Finyline Wh 10' Fl Rail Kit Rd - w/Black Alum Balusters designed for industrial and commercial use.,Manufacturer: -,Manufacturer Part Number: 73019516,,,,,,,,,,,,,,,,,,
543300256,6' Black Select Classic Horiz - Rail w/Rnd Black Alum Baluster,TREX,,,Boise Cascade Building Materials (BOICA),TREX,0.7,Structured source,[],,,,,,,,,,,,,,,,,,,,,,,,,,,,,,,,,,,,,,,,,,,,,,,,,,,,,,,,,,,,,,,,,,,,,,,,,,,,,,,,,,,,,,,,,,,,,,,,,,,,,,,,,,,,,,,,,,,,,,,,,,,,,,,,,,,,,,,,,,,,,,,,,,,,,,,Boise Cascade Building Materials (BOICA),TREX,543300256,TREX 6' Black Select Classic Horiz - Rail w/Rnd Black Alum Baluster,TREX 6' Black Select Classic Horiz - Rail w/Rnd Black Alum Baluster for industrial and commercial applications.,TREX 6' Black Select Classic Horiz - Rail w/Rnd Black Alum Baluster Manufactured or supplied by Boise Cascade Building Materials (BOICA).,TREX 6' Black Select Classic Horiz - Rail w/Rnd Black Alum Baluster designed for industrial and commercial use.,Brand: TREX,Manufacturer: Boise Cascade Building Materials (BOICA),Manufacturer Part Number: 543300256,,,,,,,,,,,,,,,,,
543300276,8' Black Select Classic Horiz - Rail w/Rnd Black Alum Baluster,TREX,,,Boise Cascade Building Materials (BOICA),TREX,0.7,Structured source,[],,,,,,,,,,,,,,,,,,,,,,,,,,,,,,,,,,,,,,,,,,,,,,,,,,,,,,,,,,,,,,,,,,,,,,,,,,,,,,,,,,,,,,,,,,,,,,,,,,,,,,,,,,,,,,,,,,,,,,,,,,,,,,,,,,,,,,,,,,,,,,,,,,,,,,,Boise Cascade Building Materials (BOICA),TREX,543300276,TREX 8' Black Select Classic Horiz - Rail w/Rnd Black Alum Baluster,TREX 8' Black Select Classic Horiz - Rail w/Rnd Black Alum Baluster for industrial and commercial applications.,TREX 8' Black Select Classic Horiz - Rail w/Rnd Black Alum Baluster Manufactured or supplied by Boise Cascade Building Materials (BOICA).,TREX 8' Black Select Classic Horiz - Rail w/Rnd Black Alum Baluster designed for industrial and commercial use.,Brand: TREX,Manufacturer: Boise Cascade Building Materials (BOICA),Manufacturer Part Number: 543300276,,,,,,,,,,,,,,,,,
73045028,Custom Finyline Wh Gate Sq Bal,,,,-,Unknown,0.0,No evidence,[],,,,,,,,,,,,,,,,,,,,,,,,,,,,,,,,,,,,,,,,,,,,,,,,,,,,,,,,,,,,,,,,,,,,,,,,,,,,,,,,,,,,,,,,,,,,,,,,,,,,,,,,,,,,,,,,,,,,,,,,,,,,,,,,,,,,,,,,,,,,,,,,,,,,,,,-,Unknown,73045028,Custom Finyline Wh Gate Sq Bal,Custom Finyline Wh Gate Sq Bal for industrial and commercial applications.,Custom Finyline Wh Gate Sq Bal Manufactured or supplied by -.,Custom Finyline Wh Gate Sq Bal designed for industrial and commercial use.,Manufacturer: -,Manufacturer Part Number: 73045028,,,,,,,,,,,,,,,,,,
73045031,Custom Finyline Wh Gate Rd - w/Black Alum Balusters,,,,-,Unknown,0.0,No evidence,[],,,,,,,,,,,,,,,,,,,,,,,,,,,,,,,,,,,,,,,,,,,,,,,,,,,,,,,,,,,,,,,,,,,,,,,,,,,,,,,,,,,,,,,,,,,,,,,,,,,,,,,,,,,,,,,,,,,,,,,,,,,,,,,,,,,,,,,,,,,,,,,,,,,,,,,-,Unknown,73045031,Custom Finyline Wh Gate Rd - w/Black Alum Balusters,Custom Finyline Wh Gate Rd - w/Black Alum Balusters for industrial and commercial applications.,Custom Finyline Wh Gate Rd - w/Black Alum Balusters Manufactured or supplied by -.,Custom Finyline Wh Gate Rd - w/Black Alum Balusters designed for industrial and commercial use.,Manufacturer: -,Manufacturer Part Number: 73045031,,,,,,,,,,,,,,,,,,
543340126,"6'x36"" Select Alm w/Sq Bal Hor - Assembled Black Rail Panel",TREX,,,Boise Cascade Building Materials (BOICA),TREX,0.7,Structured source,"[('Size', '36', 'in')]",Size,36,in,,,,,,,,,,,,,,,,,,,,,,,,,,,,,,,,,,,,,,,,,,,,,,,,,,,,,,,,,,,,,,,,,,,,,,,,,,,,,,,,,,,,,,,,,,,,,,,,,,,,,,,,,,,,,,,,,,,,,,,,,,,,,,,,,,,,,,,,,,,,,,,,,,,,Boise Cascade Building Materials (BOICA),TREX,543340126,"TREX 6'x36"" Select Alm w/Sq Bal Hor - Assembled Black Rail Panel","TREX 6'x36"" Select Alm w/Sq Bal Hor - Assembled Black Rail Panel for industrial and commercial applications.","TREX 6'x36"" Select Alm w/Sq Bal Hor - Assembled Black Rail Panel Manufactured or supplied by Boise Cascade Building Materials (BOICA). Available product information includes Size: 36 in.","TREX 6'x36"" Select Alm w/Sq Bal Hor - Assembled Black Rail Panel designed for industrial and commercial use. Key identified specifications include Size: 36 in.",Brand: TREX,Manufacturer: Boise Cascade Building Materials (BOICA),Manufacturer Part Number: 543340126,Size: 36 in,,,,,,,,,,,,,,,,
543340127,"6'x36"" Select Alm w/Sq Bal Str - Assembled Black Rail Panel",TREX,,,Boise Cascade Building Materials (BOICA),TREX,0.7,Structured source,"[('Size', '36', 'in')]",Size,36,in,,,,,,,,,,,,,,,,,,,,,,,,,,,,,,,,,,,,,,,,,,,,,,,,,,,,,,,,,,,,,,,,,,,,,,,,,,,,,,,,,,,,,,,,,,,,,,,,,,,,,,,,,,,,,,,,,,,,,,,,,,,,,,,,,,,,,,,,,,,,,,,,,,,,Boise Cascade Building Materials (BOICA),TREX,543340127,"TREX 6'x36"" Select Alm w/Sq Bal Str - Assembled Black Rail Panel","TREX 6'x36"" Select Alm w/Sq Bal Str - Assembled Black Rail Panel for industrial and commercial applications.","TREX 6'x36"" Select Alm w/Sq Bal Str - Assembled Black Rail Panel Manufactured or supplied by Boise Cascade Building Materials (BOICA). Available product information includes Size: 36 in.","TREX 6'x36"" Select Alm w/Sq Bal Str - Assembled Black Rail Panel designed for industrial and commercial use. Key identified specifications include Size: 36 in.",Brand: TREX,Manufacturer: Boise Cascade Building Materials (BOICA),Manufacturer Part Number: 543340127,Size: 36 in,,,,,,,,,,,,,,,,
543340146,"8'x36"" Select Alm w/Sq Bal Hor - Assembled Black Rail Panel",TREX,,,Boise Cascade Building Materials (BOICA),TREX,0.7,Structured source,"[('Size', '36', 'in')]",Size,36,in,,,,,,,,,,,,,,,,,,,,,,,,,,,,,,,,,,,,,,,,,,,,,,,,,,,,,,,,,,,,,,,,,,,,,,,,,,,,,,,,,,,,,,,,,,,,,,,,,,,,,,,,,,,,,,,,,,,,,,,,,,,,,,,,,,,,,,,,,,,,,,,,,,,,Boise Cascade Building Materials (BOICA),TREX,543340146,"TREX 8'x36"" Select Alm w/Sq Bal Hor - Assembled Black Rail Panel","TREX 8'x36"" Select Alm w/Sq Bal Hor - Assembled Black Rail Panel for industrial and commercial applications.","TREX 8'x36"" Select Alm w/Sq Bal Hor - Assembled Black Rail Panel Manufactured or supplied by Boise Cascade Building Materials (BOICA). Available product information includes Size: 36 in.","TREX 8'x36"" Select Alm w/Sq Bal Hor - Assembled Black Rail Panel designed for industrial and commercial use. Key identified specifications include Size: 36 in.",Brand: TREX,Manufacturer: Boise Cascade Building Materials (BOICA),Manufacturer Part Number: 543340146,Size: 36 in,,,,,,,,,,,,,,,,
543340147,"8'x36"" Select Alm w/Sq Bal Str - Assembled Black Rail Panel",TREX,,,Boise Cascade Building Materials (BOICA),TREX,0.7,Structured source,"[('Size', '36', 'in')]",Size,36,in,,,,,,,,,,,,,,,,,,,,,,,,,,,,,,,,,,,,,,,,,,,,,,,,,,,,,,,,,,,,,,,,,,,,,,,,,,,,,,,,,,,,,,,,,,,,,,,,,,,,,,,,,,,,,,,,,,,,,,,,,,,,,,,,,,,,,,,,,,,,,,,,,,,,Boise Cascade Building Materials (BOICA),TREX,543340147,"TREX 8'x36"" Select Alm w/Sq Bal Str - Assembled Black Rail Panel","TREX 8'x36"" Select Alm w/Sq Bal Str - Assembled Black Rail Panel for industrial and commercial applications.","TREX 8'x36"" Select Alm w/Sq Bal Str - Assembled Black Rail Panel Manufactured or supplied by Boise Cascade Building Materials (BOICA). Available product information includes Size: 36 in.","TREX 8'x36"" Select Alm w/Sq Bal Str - Assembled Black Rail Panel designed for industrial and commercial use. Key identified specifications include Size: 36 in.",Brand: TREX,Manufacturer: Boise Cascade Building Materials (BOICA),Manufacturer Part Number: 543340147,Size: 36 in,,,,,,,,,,,,,,,,
ADB15516CS,1x6-16' Coastline Sq Edge - Vintage Azek PVC Decking,TIMBERTECH,,,Parksite (6151),TIMBERTECH,0.7,Structured source,"[('Dimension', '1 x 6', '')]",Dimension,1 x 6,,,,,,,,,,,,,,,,,,,,,,,,,,,,,,,,,,,,,,,,,,,,,,,,,,,,,,,,,,,,,,,,,,,,,,,,,,,,,,,,,,,,,,,,,,,,,,,,,,,,,,,,,,,,,,,,,,,,,,,,,,,,,,,,,,,,,,,,,,,,,,,,,,,,,Parksite (6151),TIMBERTECH,ADB15516CS,TIMBERTECH 1x6-16' Coastline Sq Edge - Vintage Azek PVC Decking,TIMBERTECH 1x6-16' Coastline Sq Edge - Vintage Azek PVC Decking for industrial and commercial applications.,TIMBERTECH 1x6-16' Coastline Sq Edge - Vintage Azek PVC Decking Manufactured or supplied by Parksite (6151). Available product information includes Dimension: 1 x 6.,TIMBERTECH 1x6-16' Coastline Sq Edge - Vintage Azek PVC Decking designed for industrial and commercial use. Key identified specifications include Dimension: 1 x 6.,Brand: TIMBERTECH,Manufacturer: Parksite (6151),Manufacturer Part Number: ADB15516CS,Dimension: 1 x 6,,,,,,,,,,,,,,,,
ADB15520CS,1x6-20' Coastline Sq Edge - Vintage Azek PVC Decking,TIMBERTECH,,,Parksite (6151),TIMBERTECH,0.7,Structured source,"[('Dimension', '1 x 6', '')]",Dimension,1 x 6,,,,,,,,,,,,,,,,,,,,,,,,,,,,,,,,,,,,,,,,,,,,,,,,,,,,,,,,,,,,,,,,,,,,,,,,,,,,,,,,,,,,,,,,,,,,,,,,,,,,,,,,,,,,,,,,,,,,,,,,,,,,,,,,,,,,,,,,,,,,,,,,,,,,,Parksite (6151),TIMBERTECH,ADB15520CS,TIMBERTECH 1x6-20' Coastline Sq Edge - Vintage Azek PVC Decking,TIMBERTECH 1x6-20' Coastline Sq Edge - Vintage Azek PVC Decking for industrial and commercial applications.,TIMBERTECH 1x6-20' Coastline Sq Edge - Vintage Azek PVC Decking Manufactured or supplied by Parksite (6151). Available product information includes Dimension: 1 x 6.,TIMBERTECH 1x6-20' Coastline Sq Edge - Vintage Azek PVC Decking designed for industrial and commercial use. Key identified specifications include Dimension: 1 x 6.,Brand: TIMBERTECH,Manufacturer: Parksite (6151),Manufacturer Part Number: ADB15520CS,Dimension: 1 x 6,,,,,,,,,,,,,,,,
ADB15516EW,1x6-16' English Walnut Sq Edge - Vintage Azek PVC Decking,TIMBERTECH,,,Parksite (6151),TIMBERTECH,0.7,Structured source,"[('Dimension', '1 x 6', '')]",Dimension,1 x 6,,,,,,,,,,,,,,,,,,,,,,,,,,,,,,,,,,,,,,,,,,,,,,,,,,,,,,,,,,,,,,,,,,,,,,,,,,,,,,,,,,,,,,,,,,,,,,,,,,,,,,,,,,,,,,,,,,,,,,,,,,,,,,,,,,,,,,,,,,,,,,,,,,,,,Parksite (6151),TIMBERTECH,ADB15516EW,TIMBERTECH 1x6-16' English Walnut Sq Edge - Vintage Azek PVC Decking,TIMBERTECH 1x6-16' English Walnut Sq Edge - Vintage Azek PVC Decking for industrial and commercial applications.,TIMBERTECH 1x6-16' English Walnut Sq Edge - Vintage Azek PVC Decking Manufactured or supplied by Parksite (6151). Available product information includes Dimension: 1 x 6.,TIMBERTECH 1x6-16' English Walnut Sq Edge - Vintage Azek PVC Decking designed for industrial and commercial use. Key identified specifications include Dimension: 1 x 6.,Brand: TIMBERTECH,Manufacturer: Parksite (6151),Manufacturer Part Number: ADB15516EW,Dimension: 1 x 6,,,,,,,,,,,,,,,,
ADB15520EW,1x6-20' English Walnut Sq Edge - Vintage Azek PVC Decking,TIMBERTECH,,,Parksite (6151),TIMBERTECH,0.7,Structured source,"[('Dimension', '1 x 6', '')]",Dimension,1 x 6,,,,,,,,,,,,,,,,,,,,,,,,,,,,,,,,,,,,,,,,,,,,,,,,,,,,,,,,,,,,,,,,,,,,,,,,,,,,,,,,,,,,,,,,,,,,,,,,,,,,,,,,,,,,,,,,,,,,,,,,,,,,,,,,,,,,,,,,,,,,,,,,,,,,,Parksite (6151),TIMBERTECH,ADB15520EW,TIMBERTECH 1x6-20' English Walnut Sq Edge - Vintage Azek PVC Decking,TIMBERTECH 1x6-20' English Walnut Sq Edge - Vintage Azek PVC Decking for industrial and commercial applications.,TIMBERTECH 1x6-20' English Walnut Sq Edge - Vintage Azek PVC Decking Manufactured or supplied by Parksite (6151). Available product information includes Dimension: 1 x 6.,TIMBERTECH 1x6-20' English Walnut Sq Edge - Vintage Azek PVC Decking designed for industrial and commercial use. Key identified specifications include Dimension: 1 x 6.,Brand: TIMBERTECH,Manufacturer: Parksite (6151),Manufacturer Part Number: ADB15520EW,Dimension: 1 x 6,,,,,,,,,,,,,,,,
ADB15516MH,1x6-16' Mahogany Sq Edge - Vintage Azek PVC Decking,TIMBERTECH,,,Parksite (6151),TIMBERTECH,0.7,Structured source,"[('Dimension', '1 x 6', '')]",Dimension,1 x 6,,,,,,,,,,,,,,,,,,,,,,,,,,,,,,,,,,,,,,,,,,,,,,,,,,,,,,,,,,,,,,,,,,,,,,,,,,,,,,,,,,,,,,,,,,,,,,,,,,,,,,,,,,,,,,,,,,,,,,,,,,,,,,,,,,,,,,,,,,,,,,,,,,,,,Parksite (6151),TIMBERTECH,ADB15516MH,TIMBERTECH 1x6-16' Mahogany Sq Edge - Vintage Azek PVC Decking,TIMBERTECH 1x6-16' Mahogany Sq Edge - Vintage Azek PVC Decking for industrial and commercial applications.,TIMBERTECH 1x6-16' Mahogany Sq Edge - Vintage Azek PVC Decking Manufactured or supplied by Parksite (6151). Available product information includes Dimension: 1 x 6.,TIMBERTECH 1x6-16' Mahogany Sq Edge - Vintage Azek PVC Decking designed for industrial and commercial use. Key identified specifications include Dimension: 1 x 6.,Brand: TIMBERTECH,Manufacturer: Parksite (6151),Manufacturer Part Number: ADB15516MH,Dimension: 1 x 6,,,,,,,,,,,,,,,,
ADB15520MH,1x6-20' Mahogany Sq Edge - Vintage Azek PVC Decking,TIMBERTECH,,,Parksite (6151),TIMBERTECH,0.7,Structured source,"[('Dimension', '1 x 6', '')]",Dimension,1 x 6,,,,,,,,,,,,,,,,,,,,,,,,,,,,,,,,,,,,,,,,,,,,,,,,,,,,,,,,,,,,,,,,,,,,,,,,,,,,,,,,,,,,,,,,,,,,,,,,,,,,,,,,,,,,,,,,,,,,,,,,,,,,,,,,,,,,,,,,,,,,,,,,,,,,,Parksite (6151),TIMBERTECH,ADB15520MH,TIMBERTECH 1x6-20' Mahogany Sq Edge - Vintage Azek PVC Decking,TIMBERTECH 1x6-20' Mahogany Sq Edge - Vintage Azek PVC Decking for industrial and commercial applications.,TIMBERTECH 1x6-20' Mahogany Sq Edge - Vintage Azek PVC Decking Manufactured or supplied by Parksite (6151). Available product information includes Dimension: 1 x 6.,TIMBERTECH 1x6-20' Mahogany Sq Edge - Vintage Azek PVC Decking designed for industrial and commercial use. Key identified specifications include Dimension: 1 x 6.,Brand: TIMBERTECH,Manufacturer: Parksite (6151),Manufacturer Part Number: ADB15520MH,Dimension: 1 x 6,,,,,,,,,,,,,,,,
ADB15516WT,1x6-16' Weathered Teak Sq Edge - Vintage Azek PVC Decking,TIMBERTECH,,,Parksite (6151),TIMBERTECH,0.7,Structured source,"[('Dimension', '1 x 6', '')]",Dimension,1 x 6,,,,,,,,,,,,,,,,,,,,,,,,,,,,,,,,,,,,,,,,,,,,,,,,,,,,,,,,,,,,,,,,,,,,,,,,,,,,,,,,,,,,,,,,,,,,,,,,,,,,,,,,,,,,,,,,,,,,,,,,,,,,,,,,,,,,,,,,,,,,,,,,,,,,,Parksite (6151),TIMBERTECH,ADB15516WT,TIMBERTECH 1x6-16' Weathered Teak Sq Edge - Vintage Azek PVC Decking,TIMBERTECH 1x6-16' Weathered Teak Sq Edge - Vintage Azek PVC Decking for industrial and commercial applications.,TIMBERTECH 1x6-16' Weathered Teak Sq Edge - Vintage Azek PVC Decking Manufactured or supplied by Parksite (6151). Available product information includes Dimension: 1 x 6.,TIMBERTECH 1x6-16' Weathered Teak Sq Edge - Vintage Azek PVC Decking designed for industrial and commercial use. Key identified specifications include Dimension: 1 x 6.,Brand: TIMBERTECH,Manufacturer: Parksite (6151),Manufacturer Part Number: ADB15516WT,Dimension: 1 x 6,,,,,,,,,,,,,,,,
ADB15520WT,1x6-20' Weathered Teak Sq Edge - Vintage Azek PVC Decking,TIMBERTECH,,,Parksite (6151),TIMBERTECH,0.7,Structured source,"[('Dimension', '1 x 6', '')]",Dimension,1 x 6,,,,,,,,,,,,,,,,,,,,,,,,,,,,,,,,,,,,,,,,,,,,,,,,,,,,,,,,,,,,,,,,,,,,,,,,,,,,,,,,,,,,,,,,,,,,,,,,,,,,,,,,,,,,,,,,,,,,,,,,,,,,,,,,,,,,,,,,,,,,,,,,,,,,,Parksite (6151),TIMBERTECH,ADB15520WT,TIMBERTECH 1x6-20' Weathered Teak Sq Edge - Vintage Azek PVC Decking,TIMBERTECH 1x6-20' Weathered Teak Sq Edge - Vintage Azek PVC Decking for industrial and commercial applications.,TIMBERTECH 1x6-20' Weathered Teak Sq Edge - Vintage Azek PVC Decking Manufactured or supplied by Parksite (6151). Available product information includes Dimension: 1 x 6.,TIMBERTECH 1x6-20' Weathered Teak Sq Edge - Vintage Azek PVC Decking designed for industrial and commercial use. Key identified specifications include Dimension: 1 x 6.,Brand: TIMBERTECH,Manufacturer: Parksite (6151),Manufacturer Part Number: ADB15520WT,Dimension: 1 x 6,,,,,,,,,,,,,,,,
AGB15512CS,1x6-12' Coastline Grooved - Vintage Azek PVC Decking,TIMBERTECH,,,Parksite (6151),TIMBERTECH,0.7,Structured source,"[('Dimension', '1 x 6', '')]",Dimension,1 x 6,,,,,,,,,,,,,,,,,,,,,,,,,,,,,,,,,,,,,,,,,,,,,,,,,,,,,,,,,,,,,,,,,,,,,,,,,,,,,,,,,,,,,,,,,,,,,,,,,,,,,,,,,,,,,,,,,,,,,,,,,,,,,,,,,,,,,,,,,,,,,,,,,,,,,Parksite (6151),TIMBERTECH,AGB15512CS,TIMBERTECH 1x6-12' Coastline Grooved - Vintage Azek PVC Decking,TIMBERTECH 1x6-12' Coastline Grooved - Vintage Azek PVC Decking for industrial and commercial applications.,TIMBERTECH 1x6-12' Coastline Grooved - Vintage Azek PVC Decking Manufactured or supplied by Parksite (6151). Available product information includes Dimension: 1 x 6.,TIMBERTECH 1x6-12' Coastline Grooved - Vintage Azek PVC Decking designed for industrial and commercial use. Key identified specifications include Dimension: 1 x 6.,Brand: TIMBERTECH,Manufacturer: Parksite (6151),Manufacturer Part Number: AGB15512CS,Dimension: 1 x 6,,,,,,,,,,,,,,,,
AGB15516CS,1x6-16' Coastline Grooved - Vintage Azek PVC Decking,TIMBERTECH,,,Parksite (6151),TIMBERTECH,0.7,Structured source,"[('Dimension', '1 x 6', '')]",Dimension,1 x 6,,,,,,,,,,,,,,,,,,,,,,,,,,,,,,,,,,,,,,,,,,,,,,,,,,,,,,,,,,,,,,,,,,,,,,,,,,,,,,,,,,,,,,,,,,,,,,,,,,,,,,,,,,,,,,,,,,,,,,,,,,,,,,,,,,,,,,,,,,,,,,,,,,,,,Parksite (6151),TIMBERTECH,AGB15516CS,TIMBERTECH 1x6-16' Coastline Grooved - Vintage Azek PVC Decking,TIMBERTECH 1x6-16' Coastline Grooved - Vintage Azek PVC Decking for industrial and commercial applications.,TIMBERTECH 1x6-16' Coastline Grooved - Vintage Azek PVC Decking Manufactured or supplied by Parksite (6151). Available product information includes Dimension: 1 x 6.,TIMBERTECH 1x6-16' Coastline Grooved - Vintage Azek PVC Decking designed for industrial and commercial use. Key identified specifications include Dimension: 1 x 6.,Brand: TIMBERTECH,Manufacturer: Parksite (6151),Manufacturer Part Number: AGB15516CS,Dimension: 1 x 6,,,,,,,,,,,,,,,,
AGB15520CS,1x6-20' Coastline Grooved - Vintage Azek PVC Decking,TIMBERTECH,,,Parksite (6151),TIMBERTECH,0.7,Structured source,"[('Dimension', '1 x 6', '')]",Dimension,1 x 6,,,,,,,,,,,,,,,,,,,,,,,,,,,,,,,,,,,,,,,,,,,,,,,,,,,,,,,,,,,,,,,,,,,,,,,,,,,,,,,,,,,,,,,,,,,,,,,,,,,,,,,,,,,,,,,,,,,,,,,,,,,,,,,,,,,,,,,,,,,,,,,,,,,,,Parksite (6151),TIMBERTECH,AGB15520CS,TIMBERTECH 1x6-20' Coastline Grooved - Vintage Azek PVC Decking,TIMBERTECH 1x6-20' Coastline Grooved - Vintage Azek PVC Decking for industrial and commercial applications.,TIMBERTECH 1x6-20' Coastline Grooved - Vintage Azek PVC Decking Manufactured or supplied by Parksite (6151). Available product information includes Dimension: 1 x 6.,TIMBERTECH 1x6-20' Coastline Grooved - Vintage Azek PVC Decking designed for industrial and commercial use. Key identified specifications include Dimension: 1 x 6.,Brand: TIMBERTECH,Manufacturer: Parksite (6151),Manufacturer Part Number: AGB15520CS,Dimension: 1 x 6,,,,,,,,,,,,,,,,
AGB15512EW,1x6-12' English Walnut Grooved - Vintage Azek PVC Decking,TIMBERTECH,,,Parksite (6151),TIMBERTECH,0.7,Structured source,"[('Dimension', '1 x 6', '')]",Dimension,1 x 6,,,,,,,,,,,,,,,,,,,,,,,,,,,,,,,,,,,,,,,,,,,,,,,,,,,,,,,,,,,,,,,,,,,,,,,,,,,,,,,,,,,,,,,,,,,,,,,,,,,,,,,,,,,,,,,,,,,,,,,,,,,,,,,,,,,,,,,,,,,,,,,,,,,,,Parksite (6151),TIMBERTECH,AGB15512EW,TIMBERTECH 1x6-12' English Walnut Grooved - Vintage Azek PVC Decking,TIMBERTECH 1x6-12' English Walnut Grooved - Vintage Azek PVC Decking for industrial and commercial applications.,TIMBERTECH 1x6-12' English Walnut Grooved - Vintage Azek PVC Decking Manufactured or supplied by Parksite (6151). Available product information includes Dimension: 1 x 6.,TIMBERTECH 1x6-12' English Walnut Grooved - Vintage Azek PVC Decking designed for industrial and commercial use. Key identified specifications include Dimension: 1 x 6.,Brand: TIMBERTECH,Manufacturer: Parksite (6151),Manufacturer Part Number: AGB15512EW,Dimension: 1 x 6,,,,,,,,,,,,,,,,
AGB15516EW,1x6-16' English Walnut Grooved - Vintage Azek PVC Decking,TIMBERTECH,,,Parksite (6151),TIMBERTECH,0.7,Structured source,"[('Dimension', '1 x 6', '')]",Dimension,1 x 6,,,,,,,,,,,,,,,,,,,,,,,,,,,,,,,,,,,,,,,,,,,,,,,,,,,,,,,,,,,,,,,,,,,,,,,,,,,,,,,,,,,,,,,,,,,,,,,,,,,,,,,,,,,,,,,,,,,,,,,,,,,,,,,,,,,,,,,,,,,,,,,,,,,,,Parksite (6151),TIMBERTECH,AGB15516EW,TIMBERTECH 1x6-16' English Walnut Grooved - Vintage Azek PVC Decking,TIMBERTECH 1x6-16' English Walnut Grooved - Vintage Azek PVC Decking for industrial and commercial applications.,TIMBERTECH 1x6-16' English Walnut Grooved - Vintage Azek PVC Decking Manufactured or supplied by Parksite (6151). Available product information includes Dimension: 1 x 6.,TIMBERTECH 1x6-16' English Walnut Grooved - Vintage Azek PVC Decking designed for industrial and commercial use. Key identified specifications include Dimension: 1 x 6.,Brand: TIMBERTECH,Manufacturer: Parksite (6151),Manufacturer Part Number: AGB15516EW,Dimension: 1 x 6,,,,,,,,,,,,,,,,
AGB15520EW,1x6-20' English Walnut Grooved - Vintage Azek PVC Decking,TIMBERTECH,,,Parksite (6151),TIMBERTECH,0.7,Structured source,"[('Dimension', '1 x 6', '')]",Dimension,1 x 6,,,,,,,,,,,,,,,,,,,,,,,,,,,,,,,,,,,,,,,,,,,,,,,,,,,,,,,,,,,,,,,,,,,,,,,,,,,,,,,,,,,,,,,,,,,,,,,,,,,,,,,,,,,,,,,,,,,,,,,,,,,,,,,,,,,,,,,,,,,,,,,,,,,,,Parksite (6151),TIMBERTECH,AGB15520EW,TIMBERTECH 1x6-20' English Walnut Grooved - Vintage Azek PVC Decking,TIMBERTECH 1x6-20' English Walnut Grooved - Vintage Azek PVC Decking for industrial and commercial applications.,TIMBERTECH 1x6-20' English Walnut Grooved - Vintage Azek PVC Decking Manufactured or supplied by Parksite (6151). Available product information includes Dimension: 1 x 6.,TIMBERTECH 1x6-20' English Walnut Grooved - Vintage Azek PVC Decking designed for industrial and commercial use. Key identified specifications include Dimension: 1 x 6.,Brand: TIMBERTECH,Manufacturer: Parksite (6151),Manufacturer Part Number: AGB15520EW,Dimension: 1 x 6,,,,,,,,,,,,,,,,
AGB15512MH,1x6-12' Mahogany Grooved - Vintage Azek PVC Decking,TIMBERTECH,,,Parksite (6151),TIMBERTECH,0.7,Structured source,"[('Dimension', '1 x 6', '')]",Dimension,1 x 6,,,,,,,,,,,,,,,,,,,,,,,,,,,,,,,,,,,,,,,,,,,,,,,,,,,,,,,,,,,,,,,,,,,,,,,,,,,,,,,,,,,,,,,,,,,,,,,,,,,,,,,,,,,,,,,,,,,,,,,,,,,,,,,,,,,,,,,,,,,,,,,,,,,,,Parksite (6151),TIMBERTECH,AGB15512MH,TIMBERTECH 1x6-12' Mahogany Grooved - Vintage Azek PVC Decking,TIMBERTECH 1x6-12' Mahogany Grooved - Vintage Azek PVC Decking for industrial and commercial applications.,TIMBERTECH 1x6-12' Mahogany Grooved - Vintage Azek PVC Decking Manufactured or supplied by Parksite (6151). Available product information includes Dimension: 1 x 6.,TIMBERTECH 1x6-12' Mahogany Grooved - Vintage Azek PVC Decking designed for industrial and commercial use. Key identified specifications include Dimension: 1 x 6.,Brand: TIMBERTECH,Manufacturer: Parksite (6151),Manufacturer Part Number: AGB15512MH,Dimension: 1 x 6,,,,,,,,,,,,,,,,
AGB15516MH,1x6-16' Mahogany Grooved - Vintage Azek PVC Decking,TIMBERTECH,,,Parksite (6151),TIMBERTECH,0.7,Structured source,"[('Dimension', '1 x 6', '')]",Dimension,1 x 6,,,,,,,,,,,,,,,,,,,,,,,,,,,,,,,,,,,,,,,,,,,,,,,,,,,,,,,,,,,,,,,,,,,,,,,,,,,,,,,,,,,,,,,,,,,,,,,,,,,,,,,,,,,,,,,,,,,,,,,,,,,,,,,,,,,,,,,,,,,,,,,,,,,,,Parksite (6151),TIMBERTECH,AGB15516MH,TIMBERTECH 1x6-16' Mahogany Grooved - Vintage Azek PVC Decking,TIMBERTECH 1x6-16' Mahogany Grooved - Vintage Azek PVC Decking for industrial and commercial applications.,TIMBERTECH 1x6-16' Mahogany Grooved - Vintage Azek PVC Decking Manufactured or supplied by Parksite (6151). Available product information includes Dimension: 1 x 6.,TIMBERTECH 1x6-16' Mahogany Grooved - Vintage Azek PVC Decking designed for industrial and commercial use. Key identified specifications include Dimension: 1 x 6.,Brand: TIMBERTECH,Manufacturer: Parksite (6151),Manufacturer Part Number: AGB15516MH,Dimension: 1 x 6,,,,,,,,,,,,,,,,
AGB15520MH,1x6-20' Mahogany Grooved - Vintage Azek PVC Decking,TIMBERTECH,,,Parksite (6151),TIMBERTECH,0.7,Structured source,"[('Dimension', '1 x 6', '')]",Dimension,1 x 6,,,,,,,,,,,,,,,,,,,,,,,,,,,,,,,,,,,,,,,,,,,,,,,,,,,,,,,,,,,,,,,,,,,,,,,,,,,,,,,,,,,,,,,,,,,,,,,,,,,,,,,,,,,,,,,,,,,,,,,,,,,,,,,,,,,,,,,,,,,,,,,,,,,,,Parksite (6151),TIMBERTECH,AGB15520MH,TIMBERTECH 1x6-20' Mahogany Grooved - Vintage Azek PVC Decking,TIMBERTECH 1x6-20' Mahogany Grooved - Vintage Azek PVC Decking for industrial and commercial applications.,TIMBERTECH 1x6-20' Mahogany Grooved - Vintage Azek PVC Decking Manufactured or supplied by Parksite (6151). Available product information includes Dimension: 1 x 6.,TIMBERTECH 1x6-20' Mahogany Grooved - Vintage Azek PVC Decking designed for industrial and commercial use. Key identified specifications include Dimension: 1 x 6.,Brand: TIMBERTECH,Manufacturer: Parksite (6151),Manufacturer Part Number: AGB15520MH,Dimension: 1 x 6,,,,,,,,,,,,,,,,
AGB15512WT,1x6-12' Weathered Teak Grooved - Vintage Azek PVC Decking,TIMBERTECH,,,Parksite (6151),TIMBERTECH,0.7,Structured source,"[('Dimension', '1 x 6', '')]",Dimension,1 x 6,,,,,,,,,,,,,,,,,,,,,,,,,,,,,,,,,,,,,,,,,,,,,,,,,,,,,,,,,,,,,,,,,,,,,,,,,,,,,,,,,,,,,,,,,,,,,,,,,,,,,,,,,,,,,,,,,,,,,,,,,,,,,,,,,,,,,,,,,,,,,,,,,,,,,Parksite (6151),TIMBERTECH,AGB15512WT,TIMBERTECH 1x6-12' Weathered Teak Grooved - Vintage Azek PVC Decking,TIMBERTECH 1x6-12' Weathered Teak Grooved - Vintage Azek PVC Decking for industrial and commercial applications.,TIMBERTECH 1x6-12' Weathered Teak Grooved - Vintage Azek PVC Decking Manufactured or supplied by Parksite (6151). Available product information includes Dimension: 1 x 6.,TIMBERTECH 1x6-12' Weathered Teak Grooved - Vintage Azek PVC Decking designed for industrial and commercial use. Key identified specifications include Dimension: 1 x 6.,Brand: TIMBERTECH,Manufacturer: Parksite (6151),Manufacturer Part Number: AGB15512WT,Dimension: 1 x 6,,,,,,,,,,,,,,,,
AGB15516WT,1x6-16' Weathered Teak Grooved - Vintage Azek PVC Decking,TIMBERTECH,,,Parksite (6151),TIMBERTECH,0.7,Structured source,"[('Dimension', '1 x 6', '')]",Dimension,1 x 6,,,,,,,,,,,,,,,,,,,,,,,,,,,,,,,,,,,,,,,,,,,,,,,,,,,,,,,,,,,,,,,,,,,,,,,,,,,,,,,,,,,,,,,,,,,,,,,,,,,,,,,,,,,,,,,,,,,,,,,,,,,,,,,,,,,,,,,,,,,,,,,,,,,,,Parksite (6151),TIMBERTECH,AGB15516WT,TIMBERTECH 1x6-16' Weathered Teak Grooved - Vintage Azek PVC Decking,TIMBERTECH 1x6-16' Weathered Teak Grooved - Vintage Azek PVC Decking for industrial and commercial applications.,TIMBERTECH 1x6-16' Weathered Teak Grooved - Vintage Azek PVC Decking Manufactured or supplied by Parksite (6151). Available product information includes Dimension: 1 x 6.,TIMBERTECH 1x6-16' Weathered Teak Grooved - Vintage Azek PVC Decking designed for industrial and commercial use. Key identified specifications include Dimension: 1 x 6.,Brand: TIMBERTECH,Manufacturer: Parksite (6151),Manufacturer Part Number: AGB15516WT,Dimension: 1 x 6,,,,,,,,,,,,,,,,
AGB15520WT,1x6-20' Weathered Teak Grooved - Vintage Azek PVC Decking,TIMBERTECH,,,Parksite (6151),TIMBERTECH,0.7,Structured source,"[('Dimension', '1 x 6', '')]",Dimension,1 x 6,,,,,,,,,,,,,,,,,,,,,,,,,,,,,,,,,,,,,,,,,,,,,,,,,,,,,,,,,,,,,,,,,,,,,,,,,,,,,,,,,,,,,,,,,,,,,,,,,,,,,,,,,,,,,,,,,,,,,,,,,,,,,,,,,,,,,,,,,,,,,,,,,,,,,Parksite (6151),TIMBERTECH,AGB15520WT,TIMBERTECH 1x6-20' Weathered Teak Grooved - Vintage Azek PVC Decking,TIMBERTECH 1x6-20' Weathered Teak Grooved - Vintage Azek PVC Decking for industrial and commercial applications.,TIMBERTECH 1x6-20' Weathered Teak Grooved - Vintage Azek PVC Decking Manufactured or supplied by Parksite (6151). Available product information includes Dimension: 1 x 6.,TIMBERTECH 1x6-20' Weathered Teak Grooved - Vintage Azek PVC Decking designed for industrial and commercial use. Key identified specifications include Dimension: 1 x 6.,Brand: TIMBERTECH,Manufacturer: Parksite (6151),Manufacturer Part Number: AGB15520WT,Dimension: 1 x 6,,,,,,,,,,,,,,,,
ADB15516AW,1x6-16' American Walnut Sq Edg - Landmark Azek PVC Decking,TIMBERTECH,,,Parksite (6151),TIMBERTECH,0.7,Structured source,"[('Dimension', '1 x 6', '')]",Dimension,1 x 6,,,,,,,,,,,,,,,,,,,,,,,,,,,,,,,,,,,,,,,,,,,,,,,,,,,,,,,,,,,,,,,,,,,,,,,,,,,,,,,,,,,,,,,,,,,,,,,,,,,,,,,,,,,,,,,,,,,,,,,,,,,,,,,,,,,,,,,,,,,,,,,,,,,,,Parksite (6151),TIMBERTECH,ADB15516AW,TIMBERTECH 1x6-16' American Walnut Sq Edg - Landmark Azek PVC Decking,TIMBERTECH 1x6-16' American Walnut Sq Edg - Landmark Azek PVC Decking for industrial and commercial applications.,TIMBERTECH 1x6-16' American Walnut Sq Edg - Landmark Azek PVC Decking Manufactured or supplied by Parksite (6151). Available product information includes Dimension: 1 x 6.,TIMBERTECH 1x6-16' American Walnut Sq Edg - Landmark Azek PVC Decking designed for industrial and commercial use. Key identified specifications include Dimension: 1 x 6.,Brand: TIMBERTECH,Manufacturer: Parksite (6151),Manufacturer Part Number: ADB15516AW,Dimension: 1 x 6,,,,,,,,,,,,,,,,
ADB15520AW,1x6-20' American Walnut Sq Edg - Landmark Azek PVC Decking,TIMBERTECH,,,Parksite (6151),TIMBERTECH,0.7,Structured source,"[('Dimension', '1 x 6', '')]",Dimension,1 x 6,,,,,,,,,,,,,,,,,,,,,,,,,,,,,,,,,,,,,,,,,,,,,,,,,,,,,,,,,,,,,,,,,,,,,,,,,,,,,,,,,,,,,,,,,,,,,,,,,,,,,,,,,,,,,,,,,,,,,,,,,,,,,,,,,,,,,,,,,,,,,,,,,,,,,Parksite (6151),TIMBERTECH,ADB15520AW,TIMBERTECH 1x6-20' American Walnut Sq Edg - Landmark Azek PVC Decking,TIMBERTECH 1x6-20' American Walnut Sq Edg - Landmark Azek PVC Decking for industrial and commercial applications.,TIMBERTECH 1x6-20' American Walnut Sq Edg - Landmark Azek PVC Decking Manufactured or supplied by Parksite (6151). Available product information includes Dimension: 1 x 6.,TIMBERTECH 1x6-20' American Walnut Sq Edg - Landmark Azek PVC Decking designed for industrial and commercial use. Key identified specifications include Dimension: 1 x 6.,Brand: TIMBERTECH,Manufacturer: Parksite (6151),Manufacturer Part Number: ADB15520AW,Dimension: 1 x 6,,,,,,,,,,,,,,,,
ADB15516CG,1x6-16' Castle Gate Sq Edge - Landmark Azek PVC Decking,TIMBERTECH,,,Parksite (6151),TIMBERTECH,0.7,Structured source,"[('Dimension', '1 x 6', '')]",Dimension,1 x 6,,,,,,,,,,,,,,,,,,,,,,,,,,,,,,,,,,,,,,,,,,,,,,,,,,,,,,,,,,,,,,,,,,,,,,,,,,,,,,,,,,,,,,,,,,,,,,,,,,,,,,,,,,,,,,,,,,,,,,,,,,,,,,,,,,,,,,,,,,,,,,,,,,,,,Parksite (6151),TIMBERTECH,ADB15516CG,TIMBERTECH 1x6-16' Castle Gate Sq Edge - Landmark Azek PVC Decking,TIMBERTECH 1x6-16' Castle Gate Sq Edge - Landmark Azek PVC Decking for industrial and commercial applications.,TIMBERTECH 1x6-16' Castle Gate Sq Edge - Landmark Azek PVC Decking Manufactured or supplied by Parksite (6151). Available product information includes Dimension: 1 x 6.,TIMBERTECH 1x6-16' Castle Gate Sq Edge - Landmark Azek PVC Decking designed for industrial and commercial use. Key identified specifications include Dimension: 1 x 6.,Brand: TIMBERTECH,Manufacturer: Parksite (6151),Manufacturer Part Number: ADB15516CG,Dimension: 1 x 6,,,,,,,,,,,,,,,,
ADB15520CG,1x6-20' Castle Gate Sq Edge - Landmark Azek PVC Decking,TIMBERTECH,,,Parksite (6151),TIMBERTECH,0.7,Structured source,"[('Dimension', '1 x 6', '')]",Dimension,1 x 6,,,,,,,,,,,,,,,,,,,,,,,,,,,,,,,,,,,,,,,,,,,,,,,,,,,,,,,,,,,,,,,,,,,,,,,,,,,,,,,,,,,,,,,,,,,,,,,,,,,,,,,,,,,,,,,,,,,,,,,,,,,,,,,,,,,,,,,,,,,,,,,,,,,,,Parksite (6151),TIMBERTECH,ADB15520CG,TIMBERTECH 1x6-20' Castle Gate Sq Edge - Landmark Azek PVC Decking,TIMBERTECH 1x6-20' Castle Gate Sq Edge - Landmark Azek PVC Decking for industrial and commercial applications.,TIMBERTECH 1x6-20' Castle Gate Sq Edge - Landmark Azek PVC Decking Manufactured or supplied by Parksite (6151). Available product information includes Dimension: 1 x 6.,TIMBERTECH 1x6-20' Castle Gate Sq Edge - Landmark Azek PVC Decking designed for industrial and commercial use. Key identified specifications include Dimension: 1 x 6.,Brand: TIMBERTECH,Manufacturer: Parksite (6151),Manufacturer Part Number: ADB15520CG,Dimension: 1 x 6,,,,,,,,,,,,,,,,
ADB15516FW,1x6-16' French White Oak Sq Ed - Landmark Azek PVC Decking,TIMBERTECH,,,Parksite (6151),TIMBERTECH,0.7,Structured source,"[('Dimension', '1 x 6', '')]",Dimension,1 x 6,,,,,,,,,,,,,,,,,,,,,,,,,,,,,,,,,,,,,,,,,,,,,,,,,,,,,,,,,,,,,,,,,,,,,,,,,,,,,,,,,,,,,,,,,,,,,,,,,,,,,,,,,,,,,,,,,,,,,,,,,,,,,,,,,,,,,,,,,,,,,,,,,,,,,Parksite (6151),TIMBERTECH,ADB15516FW,TIMBERTECH 1x6-16' French White Oak Sq Ed - Landmark Azek PVC Decking,TIMBERTECH 1x6-16' French White Oak Sq Ed - Landmark Azek PVC Decking for industrial and commercial applications.,TIMBERTECH 1x6-16' French White Oak Sq Ed - Landmark Azek PVC Decking Manufactured or supplied by Parksite (6151). Available product information includes Dimension: 1 x 6.,TIMBERTECH 1x6-16' French White Oak Sq Ed - Landmark Azek PVC Decking designed for industrial and commercial use. Key identified specifications include Dimension: 1 x 6.,Brand: TIMBERTECH,Manufacturer: Parksite (6151),Manufacturer Part Number: ADB15516FW,Dimension: 1 x 6,,,,,,,,,,,,,,,,
ADB15520FW,1x6-20' French White Oak Sq Ed - Landmark Azek PVC Decking,TIMBERTECH,,,Parksite (6151),TIMBERTECH,0.7,Structured source,"[('Dimension', '1 x 6', '')]",Dimension,1 x 6,,,,,,,,,,,,,,,,,,,,,,,,,,,,,,,,,,,,,,,,,,,,,,,,,,,,,,,,,,,,,,,,,,,,,,,,,,,,,,,,,,,,,,,,,,,,,,,,,,,,,,,,,,,,,,,,,,,,,,,,,,,,,,,,,,,,,,,,,,,,,,,,,,,,,Parksite (6151),TIMBERTECH,ADB15520FW,TIMBERTECH 1x6-20' French White Oak Sq Ed - Landmark Azek PVC Decking,TIMBERTECH 1x6-20' French White Oak Sq Ed - Landmark Azek PVC Decking for industrial and commercial applications.,TIMBERTECH 1x6-20' French White Oak Sq Ed - Landmark Azek PVC Decking Manufactured or supplied by Parksite (6151). Available product information includes Dimension: 1 x 6.,TIMBERTECH 1x6-20' French White Oak Sq Ed - Landmark Azek PVC Decking designed for industrial and commercial use. Key identified specifications include Dimension: 1 x 6.,Brand: TIMBERTECH,Manufacturer: Parksite (6151),Manufacturer Part Number: ADB15520FW,Dimension: 1 x 6,,,,,,,,,,,,,,,,
AGB15512AW,1x6-12' American Walnut Groove - Landmark Azek PVC Decking,TIMBERTECH,,,Parksite (6151),TIMBERTECH,0.7,Structured source,"[('Dimension', '1 x 6', '')]",Dimension,1 x 6,,,,,,,,,,,,,,,,,,,,,,,,,,,,,,,,,,,,,,,,,,,,,,,,,,,,,,,,,,,,,,,,,,,,,,,,,,,,,,,,,,,,,,,,,,,,,,,,,,,,,,,,,,,,,,,,,,,,,,,,,,,,,,,,,,,,,,,,,,,,,,,,,,,,,Parksite (6151),TIMBERTECH,AGB15512AW,TIMBERTECH 1x6-12' American Walnut Groove - Landmark Azek PVC Decking,TIMBERTECH 1x6-12' American Walnut Groove - Landmark Azek PVC Decking for industrial and commercial applications.,TIMBERTECH 1x6-12' American Walnut Groove - Landmark Azek PVC Decking Manufactured or supplied by Parksite (6151). Available product information includes Dimension: 1 x 6.,TIMBERTECH 1x6-12' American Walnut Groove - Landmark Azek PVC Decking designed for industrial and commercial use. Key identified specifications include Dimension: 1 x 6.,Brand: TIMBERTECH,Manufacturer: Parksite (6151),Manufacturer Part Number: AGB15512AW,Dimension: 1 x 6,,,,,,,,,,,,,,,,
AGB15516AW,1x6-16' American Walnut Groove - Landmark Azek PVC Decking,TIMBERTECH,,,Parksite (6151),TIMBERTECH,0.7,Structured source,"[('Dimension', '1 x 6', '')]",Dimension,1 x 6,,,,,,,,,,,,,,,,,,,,,,,,,,,,,,,,,,,,,,,,,,,,,,,,,,,,,,,,,,,,,,,,,,,,,,,,,,,,,,,,,,,,,,,,,,,,,,,,,,,,,,,,,,,,,,,,,,,,,,,,,,,,,,,,,,,,,,,,,,,,,,,,,,,,,Parksite (6151),TIMBERTECH,AGB15516AW,TIMBERTECH 1x6-16' American Walnut Groove - Landmark Azek PVC Decking,TIMBERTECH 1x6-16' American Walnut Groove - Landmark Azek PVC Decking for industrial and commercial applications.,TIMBERTECH 1x6-16' American Walnut Groove - Landmark Azek PVC Decking Manufactured or supplied by Parksite (6151). Available product information includes Dimension: 1 x 6.,TIMBERTECH 1x6-16' American Walnut Groove - Landmark Azek PVC Decking designed for industrial and commercial use. Key identified specifications include Dimension: 1 x 6.,Brand: TIMBERTECH,Manufacturer: Parksite (6151),Manufacturer Part Number: AGB15516AW,Dimension: 1 x 6,,,,,,,,,,,,,,,,
AGB15520AW,1x6-20' American Walnut Groove - Landmark Azek PVC Decking,TIMBERTECH,,,Parksite (6151),TIMBERTECH,0.7,Structured source,"[('Dimension', '1 x 6', '')]",Dimension,1 x 6,,,,,,,,,,,,,,,,,,,,,,,,,,,,,,,,,,,,,,,,,,,,,,,,,,,,,,,,,,,,,,,,,,,,,,,,,,,,,,,,,,,,,,,,,,,,,,,,,,,,,,,,,,,,,,,,,,,,,,,,,,,,,,,,,,,,,,,,,,,,,,,,,,,,,Parksite (6151),TIMBERTECH,AGB15520AW,TIMBERTECH 1x6-20' American Walnut Groove - Landmark Azek PVC Decking,TIMBERTECH 1x6-20' American Walnut Groove - Landmark Azek PVC Decking for industrial and commercial applications.,TIMBERTECH 1x6-20' American Walnut Groove - Landmark Azek PVC Decking Manufactured or supplied by Parksite (6151). Available product information includes Dimension: 1 x 6.,TIMBERTECH 1x6-20' American Walnut Groove - Landmark Azek PVC Decking designed for industrial and commercial use. Key identified specifications include Dimension: 1 x 6.,Brand: TIMBERTECH,Manufacturer: Parksite (6151),Manufacturer Part Number: AGB15520AW,Dimension: 1 x 6,,,,,,,,,,,,,,,,
AGB15512CG,1x6-12' Castle Gate Grooved - Landmark Azek PVC Decking,TIMBERTECH,,,Parksite (6151),TIMBERTECH,0.7,Structured source,"[('Dimension', '1 x 6', '')]",Dimension,1 x 6,,,,,,,,,,,,,,,,,,,,,,,,,,,,,,,,,,,,,,,,,,,,,,,,,,,,,,,,,,,,,,,,,,,,,,,,,,,,,,,,,,,,,,,,,,,,,,,,,,,,,,,,,,,,,,,,,,,,,,,,,,,,,,,,,,,,,,,,,,,,,,,,,,,,,Parksite (6151),TIMBERTECH,AGB15512CG,TIMBERTECH 1x6-12' Castle Gate Grooved - Landmark Azek PVC Decking,TIMBERTECH 1x6-12' Castle Gate Grooved - Landmark Azek PVC Decking for industrial and commercial applications.,TIMBERTECH 1x6-12' Castle Gate Grooved - Landmark Azek PVC Decking Manufactured or supplied by Parksite (6151). Available product information includes Dimension: 1 x 6.,TIMBERTECH 1x6-12' Castle Gate Grooved - Landmark Azek PVC Decking designed for industrial and commercial use. Key identified specifications include Dimension: 1 x 6.,Brand: TIMBERTECH,Manufacturer: Parksite (6151),Manufacturer Part Number: AGB15512CG,Dimension: 1 x 6,,,,,,,,,,,,,,,,
AGB15516CG,1x6-16' Castle Gate Grooved - Landmark Azek PVC Decking,TIMBERTECH,,,Parksite (6151),TIMBERTECH,0.7,Structured source,"[('Dimension', '1 x 6', '')]",Dimension,1 x 6,,,,,,,,,,,,,,,,,,,,,,,,,,,,,,,,,,,,,,,,,,,,,,,,,,,,,,,,,,,,,,,,,,,,,,,,,,,,,,,,,,,,,,,,,,,,,,,,,,,,,,,,,,,,,,,,,,,,,,,,,,,,,,,,,,,,,,,,,,,,,,,,,,,,,Parksite (6151),TIMBERTECH,AGB15516CG,TIMBERTECH 1x6-16' Castle Gate Grooved - Landmark Azek PVC Decking,TIMBERTECH 1x6-16' Castle Gate Grooved - Landmark Azek PVC Decking for industrial and commercial applications.,TIMBERTECH 1x6-16' Castle Gate Grooved - Landmark Azek PVC Decking Manufactured or supplied by Parksite (6151). Available product information includes Dimension: 1 x 6.,TIMBERTECH 1x6-16' Castle Gate Grooved - Landmark Azek PVC Decking designed for industrial and commercial use. Key identified specifications include Dimension: 1 x 6.,Brand: TIMBERTECH,Manufacturer: Parksite (6151),Manufacturer Part Number: AGB15516CG,Dimension: 1 x 6,,,,,,,,,,,,,,,,
AGB15520CG,1x6-20' Castle Gate Grooved - Landmark Azek PVC Decking,TIMBERTECH,,,Parksite (6151),TIMBERTECH,0.7,Structured source,"[('Dimension', '1 x 6', '')]",Dimension,1 x 6,,,,,,,,,,,,,,,,,,,,,,,,,,,,,,,,,,,,,,,,,,,,,,,,,,,,,,,,,,,,,,,,,,,,,,,,,,,,,,,,,,,,,,,,,,,,,,,,,,,,,,,,,,,,,,,,,,,,,,,,,,,,,,,,,,,,,,,,,,,,,,,,,,,,,Parksite (6151),TIMBERTECH,AGB15520CG,TIMBERTECH 1x6-20' Castle Gate Grooved - Landmark Azek PVC Decking,TIMBERTECH 1x6-20' Castle Gate Grooved - Landmark Azek PVC Decking for industrial and commercial applications.,TIMBERTECH 1x6-20' Castle Gate Grooved - Landmark Azek PVC Decking Manufactured or supplied by Parksite (6151). Available product information includes Dimension: 1 x 6.,TIMBERTECH 1x6-20' Castle Gate Grooved - Landmark Azek PVC Decking designed for industrial and commercial use. Key identified specifications include Dimension: 1 x 6.,Brand: TIMBERTECH,Manufacturer: Parksite (6151),Manufacturer Part Number: AGB15520CG,Dimension: 1 x 6,,,,,,,,,,,,,,,,
AGB15512FW,1x6-12' French White Oak Groov - Landmark Azek PVC Decking,TIMBERTECH,,,Parksite (6151),TIMBERTECH,0.7,Structured source,"[('Dimension', '1 x 6', '')]",Dimension,1 x 6,,,,,,,,,,,,,,,,,,,,,,,,,,,,,,,,,,,,,,,,,,,,,,,,,,,,,,,,,,,,,,,,,,,,,,,,,,,,,,,,,,,,,,,,,,,,,,,,,,,,,,,,,,,,,,,,,,,,,,,,,,,,,,,,,,,,,,,,,,,,,,,,,,,,,Parksite (6151),TIMBERTECH,AGB15512FW,TIMBERTECH 1x6-12' French White Oak Groov - Landmark Azek PVC Decking,TIMBERTECH 1x6-12' French White Oak Groov - Landmark Azek PVC Decking for industrial and commercial applications.,TIMBERTECH 1x6-12' French White Oak Groov - Landmark Azek PVC Decking Manufactured or supplied by Parksite (6151). Available product information includes Dimension: 1 x 6.,TIMBERTECH 1x6-12' French White Oak Groov - Landmark Azek PVC Decking designed for industrial and commercial use. Key identified specifications include Dimension: 1 x 6.,Brand: TIMBERTECH,Manufacturer: Parksite (6151),Manufacturer Part Number: AGB15512FW,Dimension: 1 x 6,,,,,,,,,,,,,,,,
AGB15516FW,1x6-16' French White Oak Groov - Landmark Azek PVC Decking,TIMBERTECH,,,Parksite (6151),TIMBERTECH,0.7,Structured source,"[('Dimension', '1 x 6', '')]",Dimension,1 x 6,,,,,,,,,,,,,,,,,,,,,,,,,,,,,,,,,,,,,,,,,,,,,,,,,,,,,,,,,,,,,,,,,,,,,,,,,,,,,,,,,,,,,,,,,,,,,,,,,,,,,,,,,,,,,,,,,,,,,,,,,,,,,,,,,,,,,,,,,,,,,,,,,,,,,Parksite (6151),TIMBERTECH,AGB15516FW,TIMBERTECH 1x6-16' French White Oak Groov - Landmark Azek PVC Decking,TIMBERTECH 1x6-16' French White Oak Groov - Landmark Azek PVC Decking for industrial and commercial applications.,TIMBERTECH 1x6-16' French White Oak Groov - Landmark Azek PVC Decking Manufactured or supplied by Parksite (6151). Available product information includes Dimension: 1 x 6.,TIMBERTECH 1x6-16' French White Oak Groov - Landmark Azek PVC Decking designed for industrial and commercial use. Key identified specifications include Dimension: 1 x 6.,Brand: TIMBERTECH,Manufacturer: Parksite (6151),Manufacturer Part Number: AGB15516FW,Dimension: 1 x 6,,,,,,,,,,,,,,,,
AGB15520FW,1x6-20' French White Oak Groov - Landmark Azek PVC Decking,TIMBERTECH,,,Parksite (6151),TIMBERTECH,0.7,Structured source,"[('Dimension', '1 x 6', '')]",Dimension,1 x 6,,,,,,,,,,,,,,,,,,,,,,,,,,,,,,,,,,,,,,,,,,,,,,,,,,,,,,,,,,,,,,,,,,,,,,,,,,,,,,,,,,,,,,,,,,,,,,,,,,,,,,,,,,,,,,,,,,,,,,,,,,,,,,,,,,,,,,,,,,,,,,,,,,,,,Parksite (6151),TIMBERTECH,AGB15520FW,TIMBERTECH 1x6-20' French White Oak Groov - Landmark Azek PVC Decking,TIMBERTECH 1x6-20' French White Oak Groov - Landmark Azek PVC Decking for industrial and commercial applications.,TIMBERTECH 1x6-20' French White Oak Groov - Landmark Azek PVC Decking Manufactured or supplied by Parksite (6151). Available product information includes Dimension: 1 x 6.,TIMBERTECH 1x6-20' French White Oak Groov - Landmark Azek PVC Decking designed for industrial and commercial use. Key identified specifications include Dimension: 1 x 6.,Brand: TIMBERTECH,Manufacturer: Parksite (6151),Manufacturer Part Number: AGB15520FW,Dimension: 1 x 6,,,,,,,,,,,,,,,,
ADCB15516BS,1x6-16' Brownstone Sq Edge - Harvest Azek PVC Decking,TIMBERTECH,,,Parksite (6151),TIMBERTECH,0.7,Structured source,"[('Dimension', '1 x 6', '')]",Dimension,1 x 6,,,,,,,,,,,,,,,,,,,,,,,,,,,,,,,,,,,,,,,,,,,,,,,,,,,,,,,,,,,,,,,,,,,,,,,,,,,,,,,,,,,,,,,,,,,,,,,,,,,,,,,,,,,,,,,,,,,,,,,,,,,,,,,,,,,,,,,,,,,,,,,,,,,,,Parksite (6151),TIMBERTECH,ADCB15516BS,TIMBERTECH 1x6-16' Brownstone Sq Edge - Harvest Azek PVC Decking,TIMBERTECH 1x6-16' Brownstone Sq Edge - Harvest Azek PVC Decking for industrial and commercial applications.,TIMBERTECH 1x6-16' Brownstone Sq Edge - Harvest Azek PVC Decking Manufactured or supplied by Parksite (6151). Available product information includes Dimension: 1 x 6.,TIMBERTECH 1x6-16' Brownstone Sq Edge - Harvest Azek PVC Decking designed for industrial and commercial use. Key identified specifications include Dimension: 1 x 6.,Brand: TIMBERTECH,Manufacturer: Parksite (6151),Manufacturer Part Number: ADCB15516BS,Dimension: 1 x 6,,,,,,,,,,,,,,,,
ADCB15520BS,1x6-20' Brownstone Sq Edge - Harvest Azek PVC Decking,TIMBERTECH,,,Parksite (6151),TIMBERTECH,0.7,Structured source,"[('Dimension', '1 x 6', '')]",Dimension,1 x 6,,,,,,,,,,,,,,,,,,,,,,,,,,,,,,,,,,,,,,,,,,,,,,,,,,,,,,,,,,,,,,,,,,,,,,,,,,,,,,,,,,,,,,,,,,,,,,,,,,,,,,,,,,,,,,,,,,,,,,,,,,,,,,,,,,,,,,,,,,,,,,,,,,,,,Parksite (6151),TIMBERTECH,ADCB15520BS,TIMBERTECH 1x6-20' Brownstone Sq Edge - Harvest Azek PVC Decking,TIMBERTECH 1x6-20' Brownstone Sq Edge - Harvest Azek PVC Decking for industrial and commercial applications.,TIMBERTECH 1x6-20' Brownstone Sq Edge - Harvest Azek PVC Decking Manufactured or supplied by Parksite (6151). Available product information includes Dimension: 1 x 6.,TIMBERTECH 1x6-20' Brownstone Sq Edge - Harvest Azek PVC Decking designed for industrial and commercial use. Key identified specifications include Dimension: 1 x 6.,Brand: TIMBERTECH,Manufacturer: Parksite (6151),Manufacturer Part Number: ADCB15520BS,Dimension: 1 x 6,,,,,,,,,,,,,,,,
ADCB15516SG,1x6-16' Slate Gray Sq Edge - Harvest Azek PVC Decking,TIMBERTECH,,,Parksite (6151),TIMBERTECH,0.7,Structured source,"[('Dimension', '1 x 6', '')]",Dimension,1 x 6,,,,,,,,,,,,,,,,,,,,,,,,,,,,,,,,,,,,,,,,,,,,,,,,,,,,,,,,,,,,,,,,,,,,,,,,,,,,,,,,,,,,,,,,,,,,,,,,,,,,,,,,,,,,,,,,,,,,,,,,,,,,,,,,,,,,,,,,,,,,,,,,,,,,,Parksite (6151),TIMBERTECH,ADCB15516SG,TIMBERTECH 1x6-16' Slate Gray Sq Edge - Harvest Azek PVC Decking,TIMBERTECH 1x6-16' Slate Gray Sq Edge - Harvest Azek PVC Decking for industrial and commercial applications.,TIMBERTECH 1x6-16' Slate Gray Sq Edge - Harvest Azek PVC Decking Manufactured or supplied by Parksite (6151). Available product information includes Dimension: 1 x 6.,TIMBERTECH 1x6-16' Slate Gray Sq Edge - Harvest Azek PVC Decking designed for industrial and commercial use. Key identified specifications include Dimension: 1 x 6.,Brand: TIMBERTECH,Manufacturer: Parksite (6151),Manufacturer Part Number: ADCB15516SG,Dimension: 1 x 6,,,,,,,,,,,,,,,,
ADCB15520SG,1x6-20' Slate Gray Sq Edge - Harvest Azek PVC Decking,TIMBERTECH,,,Parksite (6151),TIMBERTECH,0.7,Structured source,"[('Dimension', '1 x 6', '')]",Dimension,1 x 6,,,,,,,,,,,,,,,,,,,,,,,,,,,,,,,,,,,,,,,,,,,,,,,,,,,,,,,,,,,,,,,,,,,,,,,,,,,,,,,,,,,,,,,,,,,,,,,,,,,,,,,,,,,,,,,,,,,,,,,,,,,,,,,,,,,,,,,,,,,,,,,,,,,,,Parksite (6151),TIMBERTECH,ADCB15520SG,TIMBERTECH 1x6-20' Slate Gray Sq Edge - Harvest Azek PVC Decking,TIMBERTECH 1x6-20' Slate Gray Sq Edge - Harvest Azek PVC Decking for industrial and commercial applications.,TIMBERTECH 1x6-20' Slate Gray Sq Edge - Harvest Azek PVC Decking Manufactured or supplied by Parksite (6151). Available product information includes Dimension: 1 x 6.,TIMBERTECH 1x6-20' Slate Gray Sq Edge - Harvest Azek PVC Decking designed for industrial and commercial use. Key identified specifications include Dimension: 1 x 6.,Brand: TIMBERTECH,Manufacturer: Parksite (6151),Manufacturer Part Number: ADCB15520SG,Dimension: 1 x 6,,,,,,,,,,,,,,,,
AGB15512BS,1x6-12' Brownstone Grooved - Harvest Azek PVC Decking,TIMBERTECH,,,Parksite (6151),TIMBERTECH,0.7,Structured source,"[('Dimension', '1 x 6', '')]",Dimension,1 x 6,,,,,,,,,,,,,,,,,,,,,,,,,,,,,,,,,,,,,,,,,,,,,,,,,,,,,,,,,,,,,,,,,,,,,,,,,,,,,,,,,,,,,,,,,,,,,,,,,,,,,,,,,,,,,,,,,,,,,,,,,,,,,,,,,,,,,,,,,,,,,,,,,,,,,Parksite (6151),TIMBERTECH,AGB15512BS,TIMBERTECH 1x6-12' Brownstone Grooved - Harvest Azek PVC Decking,TIMBERTECH 1x6-12' Brownstone Grooved - Harvest Azek PVC Decking for industrial and commercial applications.,TIMBERTECH 1x6-12' Brownstone Grooved - Harvest Azek PVC Decking Manufactured or supplied by Parksite (6151). Available product information includes Dimension: 1 x 6.,TIMBERTECH 1x6-12' Brownstone Grooved - Harvest Azek PVC Decking designed for industrial and commercial use. Key identified specifications include Dimension: 1 x 6.,Brand: TIMBERTECH,Manufacturer: Parksite (6151),Manufacturer Part Number: AGB15512BS,Dimension: 1 x 6,,,,,,,,,,,,,,,,
AGB15516BS,1x6-16' Brownstone Grooved - Harvest Azek PVC Decking,TIMBERTECH,,,Parksite (6151),TIMBERTECH,0.7,Structured source,"[('Dimension', '1 x 6', '')]",Dimension,1 x 6,,,,,,,,,,,,,,,,,,,,,,,,,,,,,,,,,,,,,,,,,,,,,,,,,,,,,,,,,,,,,,,,,,,,,,,,,,,,,,,,,,,,,,,,,,,,,,,,,,,,,,,,,,,,,,,,,,,,,,,,,,,,,,,,,,,,,,,,,,,,,,,,,,,,,Parksite (6151),TIMBERTECH,AGB15516BS,TIMBERTECH 1x6-16' Brownstone Grooved - Harvest Azek PVC Decking,TIMBERTECH 1x6-16' Brownstone Grooved - Harvest Azek PVC Decking for industrial and commercial applications.,TIMBERTECH 1x6-16' Brownstone Grooved - Harvest Azek PVC Decking Manufactured or supplied by Parksite (6151). Available product information includes Dimension: 1 x 6.,TIMBERTECH 1x6-16' Brownstone Grooved - Harvest Azek PVC Decking designed for industrial and commercial use. Key identified specifications include Dimension: 1 x 6.,Brand: TIMBERTECH,Manufacturer: Parksite (6151),Manufacturer Part Number: AGB15516BS,Dimension: 1 x 6,,,,,,,,,,,,,,,,
AGB15520BS,1x6-20' Brownstone Grooved - Harvest Azek PVC Decking,TIMBERTECH,,,Parksite (6151),TIMBERTECH,0.7,Structured source,"[('Dimension', '1 x 6', '')]",Dimension,1 x 6,,,,,,,,,,,,,,,,,,,,,,,,,,,,,,,,,,,,,,,,,,,,,,,,,,,,,,,,,,,,,,,,,,,,,,,,,,,,,,,,,,,,,,,,,,,,,,,,,,,,,,,,,,,,,,,,,,,,,,,,,,,,,,,,,,,,,,,,,,,,,,,,,,,,,Parksite (6151),TIMBERTECH,AGB15520BS,TIMBERTECH 1x6-20' Brownstone Grooved - Harvest Azek PVC Decking,TIMBERTECH 1x6-20' Brownstone Grooved - Harvest Azek PVC Decking for industrial and commercial applications.,TIMBERTECH 1x6-20' Brownstone Grooved - Harvest Azek PVC Decking Manufactured or supplied by Parksite (6151). Available product information includes Dimension: 1 x 6.,TIMBERTECH 1x6-20' Brownstone Grooved - Harvest Azek PVC Decking designed for industrial and commercial use. Key identified specifications include Dimension: 1 x 6.,Brand: TIMBERTECH,Manufacturer: Parksite (6151),Manufacturer Part Number: AGB15520BS,Dimension: 1 x 6,,,,,,,,,,,,,,,,
AGB15512SG,1x6-12' Slate Gray Grooved - Harvest Azek PVC Decking,TIMBERTECH,,,Parksite (6151),TIMBERTECH,0.7,Structured source,"[('Dimension', '1 x 6', '')]",Dimension,1 x 6,,,,,,,,,,,,,,,,,,,,,,,,,,,,,,,,,,,,,,,,,,,,,,,,,,,,,,,,,,,,,,,,,,,,,,,,,,,,,,,,,,,,,,,,,,,,,,,,,,,,,,,,,,,,,,,,,,,,,,,,,,,,,,,,,,,,,,,,,,,,,,,,,,,,,Parksite (6151),TIMBERTECH,AGB15512SG,TIMBERTECH 1x6-12' Slate Gray Grooved - Harvest Azek PVC Decking,TIMBERTECH 1x6-12' Slate Gray Grooved - Harvest Azek PVC Decking for industrial and commercial applications.,TIMBERTECH 1x6-12' Slate Gray Grooved - Harvest Azek PVC Decking Manufactured or supplied by Parksite (6151). Available product information includes Dimension: 1 x 6.,TIMBERTECH 1x6-12' Slate Gray Grooved - Harvest Azek PVC Decking designed for industrial and commercial use. Key identified specifications include Dimension: 1 x 6.,Brand: TIMBERTECH,Manufacturer: Parksite (6151),Manufacturer Part Number: AGB15512SG,Dimension: 1 x 6,,,,,,,,,,,,,,,,
AGB15516SG,1x6-16' Slate Gray Grooved - Harvest Azek PVC Decking,TIMBERTECH,,,Parksite (6151),TIMBERTECH,0.7,Structured source,"[('Dimension', '1 x 6', '')]",Dimension,1 x 6,,,,,,,,,,,,,,,,,,,,,,,,,,,,,,,,,,,,,,,,,,,,,,,,,,,,,,,,,,,,,,,,,,,,,,,,,,,,,,,,,,,,,,,,,,,,,,,,,,,,,,,,,,,,,,,,,,,,,,,,,,,,,,,,,,,,,,,,,,,,,,,,,,,,,Parksite (6151),TIMBERTECH,AGB15516SG,TIMBERTECH 1x6-16' Slate Gray Grooved - Harvest Azek PVC Decking,TIMBERTECH 1x6-16' Slate Gray Grooved - Harvest Azek PVC Decking for industrial and commercial applications.,TIMBERTECH 1x6-16' Slate Gray Grooved - Harvest Azek PVC Decking Manufactured or supplied by Parksite (6151). Available product information includes Dimension: 1 x 6.,TIMBERTECH 1x6-16' Slate Gray Grooved - Harvest Azek PVC Decking designed for industrial and commercial use. Key identified specifications include Dimension: 1 x 6.,Brand: TIMBERTECH,Manufacturer: Parksite (6151),Manufacturer Part Number: AGB15516SG,Dimension: 1 x 6,,,,,,,,,,,,,,,,
AGB15520SG,1x6-20' Slate Gray Grooved - Harvest Azek PVC Decking,TIMBERTECH,,,Parksite (6151),TIMBERTECH,0.7,Structured source,"[('Dimension', '1 x 6', '')]",Dimension,1 x 6,,,,,,,,,,,,,,,,,,,,,,,,,,,,,,,,,,,,,,,,,,,,,,,,,,,,,,,,,,,,,,,,,,,,,,,,,,,,,,,,,,,,,,,,,,,,,,,,,,,,,,,,,,,,,,,,,,,,,,,,,,,,,,,,,,,,,,,,,,,,,,,,,,,,,Parksite (6151),TIMBERTECH,AGB15520SG,TIMBERTECH 1x6-20' Slate Gray Grooved - Harvest Azek PVC Decking,TIMBERTECH 1x6-20' Slate Gray Grooved - Harvest Azek PVC Decking for industrial and commercial applications.,TIMBERTECH 1x6-20' Slate Gray Grooved - Harvest Azek PVC Decking Manufactured or supplied by Parksite (6151). Available product information includes Dimension: 1 x 6.,TIMBERTECH 1x6-20' Slate Gray Grooved - Harvest Azek PVC Decking designed for industrial and commercial use. Key identified specifications include Dimension: 1 x 6.,Brand: TIMBERTECH,Manufacturer: Parksite (6151),Manufacturer Part Number: AGB15520SG,Dimension: 1 x 6,,,,,,,,,,,,,,,,
543140016,1nx6-16' Biscayne Sq Edge - Trex Transcend Lineage Decking,TREX,,,U S Lumber (3073),TREX,0.7,Structured source,[],,,,,,,,,,,,,,,,,,,,,,,,,,,,,,,,,,,,,,,,,,,,,,,,,,,,,,,,,,,,,,,,,,,,,,,,,,,,,,,,,,,,,,,,,,,,,,,,,,,,,,,,,,,,,,,,,,,,,,,,,,,,,,,,,,,,,,,,,,,,,,,,,,,,,,,U S Lumber (3073),TREX,543140016,1nx6-16' Biscayne Sq Edge - Trex Transcend Lineage Decking,1nx6-16' Biscayne Sq Edge - Trex Transcend Lineage Decking for industrial and commercial applications.,1nx6-16' Biscayne Sq Edge - Trex Transcend Lineage Decking Manufactured or supplied by U S Lumber (3073).,1nx6-16' Biscayne Sq Edge - Trex Transcend Lineage Decking designed for industrial and commercial use.,Brand: TREX,Manufacturer: U S Lumber (3073),Manufacturer Part Number: 543140016,,,,,,,,,,,,,,,,,
543140020,1nx6-20' Biscayne Sq Edge - Trex Transcend Lineage Decking,TREX,,,U S Lumber (3073),TREX,0.7,Structured source,[],,,,,,,,,,,,,,,,,,,,,,,,,,,,,,,,,,,,,,,,,,,,,,,,,,,,,,,,,,,,,,,,,,,,,,,,,,,,,,,,,,,,,,,,,,,,,,,,,,,,,,,,,,,,,,,,,,,,,,,,,,,,,,,,,,,,,,,,,,,,,,,,,,,,,,,U S Lumber (3073),TREX,543140020,1nx6-20' Biscayne Sq Edge - Trex Transcend Lineage Decking,1nx6-20' Biscayne Sq Edge - Trex Transcend Lineage Decking for industrial and commercial applications.,1nx6-20' Biscayne Sq Edge - Trex Transcend Lineage Decking Manufactured or supplied by U S Lumber (3073).,1nx6-20' Biscayne Sq Edge - Trex Transcend Lineage Decking designed for industrial and commercial use.,Brand: TREX,Manufacturer: U S Lumber (3073),Manufacturer Part Number: 543140020,,,,,,,,,,,,,,,,,
543142016,1nx6-16' Carmel Sq Edge - Trex Transcend Lineage Decking,TREX,,,U S Lumber (3073),TREX,0.7,Structured source,[],,,,,,,,,,,,,,,,,,,,,,,,,,,,,,,,,,,,,,,,,,,,,,,,,,,,,,,,,,,,,,,,,,,,,,,,,,,,,,,,,,,,,,,,,,,,,,,,,,,,,,,,,,,,,,,,,,,,,,,,,,,,,,,,,,,,,,,,,,,,,,,,,,,,,,,U S Lumber (3073),TREX,543142016,1nx6-16' Carmel Sq Edge - Trex Transcend Lineage Decking,1nx6-16' Carmel Sq Edge - Trex Transcend Lineage Decking for industrial and commercial applications.,1nx6-16' Carmel Sq Edge - Trex Transcend Lineage Decking Manufactured or supplied by U S Lumber (3073).,1nx6-16' Carmel Sq Edge - Trex Transcend Lineage Decking designed for industrial and commercial use.,Brand: TREX,Manufacturer: U S Lumber (3073),Manufacturer Part Number: 543142016,,,,,,,,,,,,,,,,,
543142020,1nx6-20' Carmel Sq Edge - Trex Transcend Lineage Decking,TREX,,,U S Lumber (3073),TREX,0.7,Structured source,[],,,,,,,,,,,,,,,,,,,,,,,,,,,,,,,,,,,,,,,,,,,,,,,,,,,,,,,,,,,,,,,,,,,,,,,,,,,,,,,,,,,,,,,,,,,,,,,,,,,,,,,,,,,,,,,,,,,,,,,,,,,,,,,,,,,,,,,,,,,,,,,,,,,,,,,U S Lumber (3073),TREX,543142020,1nx6-20' Carmel Sq Edge - Trex Transcend Lineage Decking,1nx6-20' Carmel Sq Edge - Trex Transcend Lineage Decking for industrial and commercial applications.,1nx6-20' Carmel Sq Edge - Trex Transcend Lineage Decking Manufactured or supplied by U S Lumber (3073).,1nx6-20' Carmel Sq Edge - Trex Transcend Lineage Decking designed for industrial and commercial use.,Brand: TREX,Manufacturer: U S Lumber (3073),Manufacturer Part Number: 543142020,,,,,,,,,,,,,,,,,
543144016,1nx6-16' Island Mist Sq Edge - Trex Transcend Lineage Decking,TREX,,,U S Lumber (3073),TREX,0.7,Structured source,[],,,,,,,,,,,,,,,,,,,,,,,,,,,,,,,,,,,,,,,,,,,,,,,,,,,,,,,,,,,,,,,,,,,,,,,,,,,,,,,,,,,,,,,,,,,,,,,,,,,,,,,,,,,,,,,,,,,,,,,,,,,,,,,,,,,,,,,,,,,,,,,,,,,,,,,U S Lumber (3073),TREX,543144016,1nx6-16' Island Mist Sq Edge - Trex Transcend Lineage Decking,1nx6-16' Island Mist Sq Edge - Trex Transcend Lineage Decking for industrial and commercial applications.,1nx6-16' Island Mist Sq Edge - Trex Transcend Lineage Decking Manufactured or supplied by U S Lumber (3073).,1nx6-16' Island Mist Sq Edge - Trex Transcend Lineage Decking designed for industrial and commercial use.,Brand: TREX,Manufacturer: U S Lumber (3073),Manufacturer Part Number: 543144016,,,,,,,,,,,,,,,,,
543144020,1nx6-20' Island Mist Sq Edge - Trex Transcend Lineage Decking,TREX,,,U S Lumber (3073),TREX,0.7,Structured source,[],,,,,,,,,,,,,,,,,,,,,,,,,,,,,,,,,,,,,,,,,,,,,,,,,,,,,,,,,,,,,,,,,,,,,,,,,,,,,,,,,,,,,,,,,,,,,,,,,,,,,,,,,,,,,,,,,,,,,,,,,,,,,,,,,,,,,,,,,,,,,,,,,,,,,,,U S Lumber (3073),TREX,543144020,1nx6-20' Island Mist Sq Edge - Trex Transcend Lineage Decking,1nx6-20' Island Mist Sq Edge - Trex Transcend Lineage Decking for industrial and commercial applications.,1nx6-20' Island Mist Sq Edge - Trex Transcend Lineage Decking Manufactured or supplied by U S Lumber (3073).,1nx6-20' Island Mist Sq Edge - Trex Transcend Lineage Decking designed for industrial and commercial use.,Brand: TREX,Manufacturer: U S Lumber (3073),Manufacturer Part Number: 543144020,,,,,,,,,,,,,,,,,
543143016,1nx6-16' Jasper Sq Edge - Trex Transcend Lineage Decking,TREX,,,U S Lumber (3073),TREX,0.7,Structured source,[],,,,,,,,,,,,,,,,,,,,,,,,,,,,,,,,,,,,,,,,,,,,,,,,,,,,,,,,,,,,,,,,,,,,,,,,,,,,,,,,,,,,,,,,,,,,,,,,,,,,,,,,,,,,,,,,,,,,,,,,,,,,,,,,,,,,,,,,,,,,,,,,,,,,,,,U S Lumber (3073),TREX,543143016,1nx6-16' Jasper Sq Edge - Trex Transcend Lineage Decking,1nx6-16' Jasper Sq Edge - Trex Transcend Lineage Decking for industrial and commercial applications.,1nx6-16' Jasper Sq Edge - Trex Transcend Lineage Decking Manufactured or supplied by U S Lumber (3073).,1nx6-16' Jasper Sq Edge - Trex Transcend Lineage Decking designed for industrial and commercial use.,Brand: TREX,Manufacturer: U S Lumber (3073),Manufacturer Part Number: 543143016,,,,,,,,,,,,,,,,,
543143020,1nx6-20' Jasper Sq Edge - Trex Transcend Lineage Decking,TREX,,,U S Lumber (3073),TREX,0.7,Structured source,[],,,,,,,,,,,,,,,,,,,,,,,,,,,,,,,,,,,,,,,,,,,,,,,,,,,,,,,,,,,,,,,,,,,,,,,,,,,,,,,,,,,,,,,,,,,,,,,,,,,,,,,,,,,,,,,,,,,,,,,,,,,,,,,,,,,,,,,,,,,,,,,,,,,,,,,U S Lumber (3073),TREX,543143020,1nx6-20' Jasper Sq Edge - Trex Transcend Lineage Decking,1nx6-20' Jasper Sq Edge - Trex Transcend Lineage Decking for industrial and commercial applications.,1nx6-20' Jasper Sq Edge - Trex Transcend Lineage Decking Manufactured or supplied by U S Lumber (3073).,1nx6-20' Jasper Sq Edge - Trex Transcend Lineage Decking designed for industrial and commercial use.,Brand: TREX,Manufacturer: U S Lumber (3073),Manufacturer Part Number: 543143020,,,,,,,,,,,,,,,,,
543141016,1nx6-16' Rainier Sq Edge - Trex Transcend Lineage Decking,TREX,,,U S Lumber (3073),TREX,0.7,Structured source,[],,,,,,,,,,,,,,,,,,,,,,,,,,,,,,,,,,,,,,,,,,,,,,,,,,,,,,,,,,,,,,,,,,,,,,,,,,,,,,,,,,,,,,,,,,,,,,,,,,,,,,,,,,,,,,,,,,,,,,,,,,,,,,,,,,,,,,,,,,,,,,,,,,,,,,,U S Lumber (3073),TREX,543141016,1nx6-16' Rainier Sq Edge - Trex Transcend Lineage Decking,1nx6-16' Rainier Sq Edge - Trex Transcend Lineage Decking for industrial and commercial applications.,1nx6-16' Rainier Sq Edge - Trex Transcend Lineage Decking Manufactured or supplied by U S Lumber (3073).,1nx6-16' Rainier Sq Edge - Trex Transcend Lineage Decking designed for industrial and commercial use.,Brand: TREX,Manufacturer: U S Lumber (3073),Manufacturer Part Number: 543141016,,,,,,,,,,,,,,,,,
543141020,1nx6-20' Rainier Sq Edge - Trex Transcend Lineage Decking,TREX,,,U S Lumber (3073),TREX,0.7,Structured source,[],,,,,,,,,,,,,,,,,,,,,,,,,,,,,,,,,,,,,,,,,,,,,,,,,,,,,,,,,,,,,,,,,,,,,,,,,,,,,,,,,,,,,,,,,,,,,,,,,,,,,,,,,,,,,,,,,,,,,,,,,,,,,,,,,,,,,,,,,,,,,,,,,,,,,,,U S Lumber (3073),TREX,543141020,1nx6-20' Rainier Sq Edge - Trex Transcend Lineage Decking,1nx6-20' Rainier Sq Edge - Trex Transcend Lineage Decking for industrial and commercial applications.,1nx6-20' Rainier Sq Edge - Trex Transcend Lineage Decking Manufactured or supplied by U S Lumber (3073).,1nx6-20' Rainier Sq Edge - Trex Transcend Lineage Decking designed for industrial and commercial use.,Brand: TREX,Manufacturer: U S Lumber (3073),Manufacturer Part Number: 543141020,,,,,,,,,,,,,,,,,
543140412,1nx6-12' Biscayne Grooved - Trex Transcend Lineage Decking,TREX,,,U S Lumber (3073),TREX,0.7,Structured source,[],,,,,,,,,,,,,,,,,,,,,,,,,,,,,,,,,,,,,,,,,,,,,,,,,,,,,,,,,,,,,,,,,,,,,,,,,,,,,,,,,,,,,,,,,,,,,,,,,,,,,,,,,,,,,,,,,,,,,,,,,,,,,,,,,,,,,,,,,,,,,,,,,,,,,,,U S Lumber (3073),TREX,543140412,1nx6-12' Biscayne Grooved - Trex Transcend Lineage Decking,1nx6-12' Biscayne Grooved - Trex Transcend Lineage Decking for industrial and commercial applications.,1nx6-12' Biscayne Grooved - Trex Transcend Lineage Decking Manufactured or supplied by U S Lumber (3073).,1nx6-12' Biscayne Grooved - Trex Transcend Lineage Decking designed for industrial and commercial use.,Brand: TREX,Manufacturer: U S Lumber (3073),Manufacturer Part Number: 543140412,,,,,,,,,,,,,,,,,
543140416,1nx6-16' Biscayne Grooved - Trex Transcend Lineage Decking,TREX,,,U S Lumber (3073),TREX,0.7,Structured source,[],,,,,,,,,,,,,,,,,,,,,,,,,,,,,,,,,,,,,,,,,,,,,,,,,,,,,,,,,,,,,,,,,,,,,,,,,,,,,,,,,,,,,,,,,,,,,,,,,,,,,,,,,,,,,,,,,,,,,,,,,,,,,,,,,,,,,,,,,,,,,,,,,,,,,,,U S Lumber (3073),TREX,543140416,1nx6-16' Biscayne Grooved - Trex Transcend Lineage Decking,1nx6-16' Biscayne Grooved - Trex Transcend Lineage Decking for industrial and commercial applications.,1nx6-16' Biscayne Grooved - Trex Transcend Lineage Decking Manufactured or supplied by U S Lumber (3073).,1nx6-16' Biscayne Grooved - Trex Transcend Lineage Decking designed for industrial and commercial use.,Brand: TREX,Manufacturer: U S Lumber (3073),Manufacturer Part Number: 543140416,,,,,,,,,,,,,,,,,
543140420,1nx6-20' Biscayne Grooved - Trex Transcend Lineage Decking,TREX,,,U S Lumber (3073),TREX,0.7,Structured source,[],,,,,,,,,,,,,,,,,,,,,,,,,,,,,,,,,,,,,,,,,,,,,,,,,,,,,,,,,,,,,,,,,,,,,,,,,,,,,,,,,,,,,,,,,,,,,,,,,,,,,,,,,,,,,,,,,,,,,,,,,,,,,,,,,,,,,,,,,,,,,,,,,,,,,,,U S Lumber (3073),TREX,543140420,1nx6-20' Biscayne Grooved - Trex Transcend Lineage Decking,1nx6-20' Biscayne Grooved - Trex Transcend Lineage Decking for industrial and commercial applications.,1nx6-20' Biscayne Grooved - Trex Transcend Lineage Decking Manufactured or supplied by U S Lumber (3073).,1nx6-20' Biscayne Grooved - Trex Transcend Lineage Decking designed for industrial and commercial use.,Brand: TREX,Manufacturer: U S Lumber (3073),Manufacturer Part Number: 543140420,,,,,,,,,,,,,,,,,
543142412,1nx6-12' Carmel Grooved - Trex Transcend Lineage Decking,TREX,,,U S Lumber (3073),TREX,0.7,Structured source,[],,,,,,,,,,,,,,,,,,,,,,,,,,,,,,,,,,,,,,,,,,,,,,,,,,,,,,,,,,,,,,,,,,,,,,,,,,,,,,,,,,,,,,,,,,,,,,,,,,,,,,,,,,,,,,,,,,,,,,,,,,,,,,,,,,,,,,,,,,,,,,,,,,,,,,,U S Lumber (3073),TREX,543142412,1nx6-12' Carmel Grooved - Trex Transcend Lineage Decking,1nx6-12' Carmel Grooved - Trex Transcend Lineage Decking for industrial and commercial applications.,1nx6-12' Carmel Grooved - Trex Transcend Lineage Decking Manufactured or supplied by U S Lumber (3073).,1nx6-12' Carmel Grooved - Trex Transcend Lineage Decking designed for industrial and commercial use.,Brand: TREX,Manufacturer: U S Lumber (3073),Manufacturer Part Number: 543142412,,,,,,,,,,,,,,,,,
543142416,1nx6-16' Carmel Grooved - Trex Transcend Lineage Decking,TREX,,,U S Lumber (3073),TREX,0.7,Structured source,[],,,,,,,,,,,,,,,,,,,,,,,,,,,,,,,,,,,,,,,,,,,,,,,,,,,,,,,,,,,,,,,,,,,,,,,,,,,,,,,,,,,,,,,,,,,,,,,,,,,,,,,,,,,,,,,,,,,,,,,,,,,,,,,,,,,,,,,,,,,,,,,,,,,,,,,U S Lumber (3073),TREX,543142416,1nx6-16' Carmel Grooved - Trex Transcend Lineage Decking,1nx6-16' Carmel Grooved - Trex Transcend Lineage Decking for industrial and commercial applications.,1nx6-16' Carmel Grooved - Trex Transcend Lineage Decking Manufactured or supplied by U S Lumber (3073).,1nx6-16' Carmel Grooved - Trex Transcend Lineage Decking designed for industrial and commercial use.,Brand: TREX,Manufacturer: U S Lumber (3073),Manufacturer Part Number: 543142416,,,,,,,,,,,,,,,,,
543142420,1nx6-20' Carmel Grooved - Trex Transcend Lineage Decking,TREX,,,U S Lumber (3073),TREX,0.7,Structured source,[],,,,,,,,,,,,,,,,,,,,,,,,,,,,,,,,,,,,,,,,,,,,,,,,,,,,,,,,,,,,,,,,,,,,,,,,,,,,,,,,,,,,,,,,,,,,,,,,,,,,,,,,,,,,,,,,,,,,,,,,,,,,,,,,,,,,,,,,,,,,,,,,,,,,,,,U S Lumber (3073),TREX,543142420,1nx6-20' Carmel Grooved - Trex Transcend Lineage Decking,1nx6-20' Carmel Grooved - Trex Transcend Lineage Decking for industrial and commercial applications.,1nx6-20' Carmel Grooved - Trex Transcend Lineage Decking Manufactured or supplied by U S Lumber (3073).,1nx6-20' Carmel Grooved - Trex Transcend Lineage Decking designed for industrial and commercial use.,Brand: TREX,Manufacturer: U S Lumber (3073),Manufacturer Part Number: 543142420,,,,,,,,,,,,,,,,,
543144412,1nx6-12' Island Mist Grooved - Trex Transcend Lineage Decking,TREX,,,U S Lumber (3073),TREX,0.7,Structured source,[],,,,,,,,,,,,,,,,,,,,,,,,,,,,,,,,,,,,,,,,,,,,,,,,,,,,,,,,,,,,,,,,,,,,,,,,,,,,,,,,,,,,,,,,,,,,,,,,,,,,,,,,,,,,,,,,,,,,,,,,,,,,,,,,,,,,,,,,,,,,,,,,,,,,,,,U S Lumber (3073),TREX,543144412,1nx6-12' Island Mist Grooved - Trex Transcend Lineage Decking,1nx6-12' Island Mist Grooved - Trex Transcend Lineage Decking for industrial and commercial applications.,1nx6-12' Island Mist Grooved - Trex Transcend Lineage Decking Manufactured or supplied by U S Lumber (3073).,1nx6-12' Island Mist Grooved - Trex Transcend Lineage Decking designed for industrial and commercial use.,Brand: TREX,Manufacturer: U S Lumber (3073),Manufacturer Part Number: 543144412,,,,,,,,,,,,,,,,,
543144416,1nx6-16' Island Mist Grooved - Trex Transcend Lineage Decking,TREX,,,U S Lumber (3073),TREX,0.7,Structured source,[],,,,,,,,,,,,,,,,,,,,,,,,,,,,,,,,,,,,,,,,,,,,,,,,,,,,,,,,,,,,,,,,,,,,,,,,,,,,,,,,,,,,,,,,,,,,,,,,,,,,,,,,,,,,,,,,,,,,,,,,,,,,,,,,,,,,,,,,,,,,,,,,,,,,,,,U S Lumber (3073),TREX,543144416,1nx6-16' Island Mist Grooved - Trex Transcend Lineage Decking,1nx6-16' Island Mist Grooved - Trex Transcend Lineage Decking for industrial and commercial applications.,1nx6-16' Island Mist Grooved - Trex Transcend Lineage Decking Manufactured or supplied by U S Lumber (3073).,1nx6-16' Island Mist Grooved - Trex Transcend Lineage Decking designed for industrial and commercial use.,Brand: TREX,Manufacturer: U S Lumber (3073),Manufacturer Part Number: 543144416,,,,,,,,,,,,,,,,,
543144420,1nx6-20' Island Mist Grooved - Trex Transcend Lineage Decking,TREX,,,U S Lumber (3073),TREX,0.7,Structured source,[],,,,,,,,,,,,,,,,,,,,,,,,,,,,,,,,,,,,,,,,,,,,,,,,,,,,,,,,,,,,,,,,,,,,,,,,,,,,,,,,,,,,,,,,,,,,,,,,,,,,,,,,,,,,,,,,,,,,,,,,,,,,,,,,,,,,,,,,,,,,,,,,,,,,,,,U S Lumber (3073),TREX,543144420,1nx6-20' Island Mist Grooved - Trex Transcend Lineage Decking,1nx6-20' Island Mist Grooved - Trex Transcend Lineage Decking for industrial and commercial applications.,1nx6-20' Island Mist Grooved - Trex Transcend Lineage Decking Manufactured or supplied by U S Lumber (3073).,1nx6-20' Island Mist Grooved - Trex Transcend Lineage Decking designed for industrial and commercial use.,Brand: TREX,Manufacturer: U S Lumber (3073),Manufacturer Part Number: 543144420,,,,,,,,,,,,,,,,,
543143412,1nx6-12' Jasper Grooved - Trex Transcend Lineage Decking,TREX,,,U S Lumber (3073),TREX,0.7,Structured source,[],,,,,,,,,,,,,,,,,,,,,,,,,,,,,,,,,,,,,,,,,,,,,,,,,,,,,,,,,,,,,,,,,,,,,,,,,,,,,,,,,,,,,,,,,,,,,,,,,,,,,,,,,,,,,,,,,,,,,,,,,,,,,,,,,,,,,,,,,,,,,,,,,,,,,,,U S Lumber (3073),TREX,543143412,1nx6-12' Jasper Grooved - Trex Transcend Lineage Decking,1nx6-12' Jasper Grooved - Trex Transcend Lineage Decking for industrial and commercial applications.,1nx6-12' Jasper Grooved - Trex Transcend Lineage Decking Manufactured or supplied by U S Lumber (3073).,1nx6-12' Jasper Grooved - Trex Transcend Lineage Decking designed for industrial and commercial use.,Brand: TREX,Manufacturer: U S Lumber (3073),Manufacturer Part Number: 543143412,,,,,,,,,,,,,,,,,
543143416,1nx6-16' Jasper Grooved - Trex Transcend Lineage Decking,TREX,,,U S Lumber (3073),TREX,0.7,Structured source,[],,,,,,,,,,,,,,,,,,,,,,,,,,,,,,,,,,,,,,,,,,,,,,,,,,,,,,,,,,,,,,,,,,,,,,,,,,,,,,,,,,,,,,,,,,,,,,,,,,,,,,,,,,,,,,,,,,,,,,,,,,,,,,,,,,,,,,,,,,,,,,,,,,,,,,,U S Lumber (3073),TREX,543143416,1nx6-16' Jasper Grooved - Trex Transcend Lineage Decking,1nx6-16' Jasper Grooved - Trex Transcend Lineage Decking for industrial and commercial applications.,1nx6-16' Jasper Grooved - Trex Transcend Lineage Decking Manufactured or supplied by U S Lumber (3073).,1nx6-16' Jasper Grooved - Trex Transcend Lineage Decking designed for industrial and commercial use.,Brand: TREX,Manufacturer: U S Lumber (3073),Manufacturer Part Number: 543143416,,,,,,,,,,,,,,,,,
543143420,1nx6-20' Jasper Grooved - Trex Transcend Lineage Decking,TREX,,,U S Lumber (3073),TREX,0.7,Structured source,[],,,,,,,,,,,,,,,,,,,,,,,,,,,,,,,,,,,,,,,,,,,,,,,,,,,,,,,,,,,,,,,,,,,,,,,,,,,,,,,,,,,,,,,,,,,,,,,,,,,,,,,,,,,,,,,,,,,,,,,,,,,,,,,,,,,,,,,,,,,,,,,,,,,,,,,U S Lumber (3073),TREX,543143420,1nx6-20' Jasper Grooved - Trex Transcend Lineage Decking,1nx6-20' Jasper Grooved - Trex Transcend Lineage Decking for industrial and commercial applications.,1nx6-20' Jasper Grooved - Trex Transcend Lineage Decking Manufactured or supplied by U S Lumber (3073).,1nx6-20' Jasper Grooved - Trex Transcend Lineage Decking designed for industrial and commercial use.,Brand: TREX,Manufacturer: U S Lumber (3073),Manufacturer Part Number: 543143420,,,,,,,,,,,,,,,,,
543141412,1nx6-12' Rainier Grooved - Trex Transcend Lineage Decking,TREX,,,U S Lumber (3073),TREX,0.7,Structured source,[],,,,,,,,,,,,,,,,,,,,,,,,,,,,,,,,,,,,,,,,,,,,,,,,,,,,,,,,,,,,,,,,,,,,,,,,,,,,,,,,,,,,,,,,,,,,,,,,,,,,,,,,,,,,,,,,,,,,,,,,,,,,,,,,,,,,,,,,,,,,,,,,,,,,,,,U S Lumber (3073),TREX,543141412,1nx6-12' Rainier Grooved - Trex Transcend Lineage Decking,1nx6-12' Rainier Grooved - Trex Transcend Lineage Decking for industrial and commercial applications.,1nx6-12' Rainier Grooved - Trex Transcend Lineage Decking Manufactured or supplied by U S Lumber (3073).,1nx6-12' Rainier Grooved - Trex Transcend Lineage Decking designed for industrial and commercial use.,Brand: TREX,Manufacturer: U S Lumber (3073),Manufacturer Part Number: 543141412,,,,,,,,,,,,,,,,,
543141416,1nx6-16' Rainier Grooved - Trex Transcend Lineage Decking,TREX,,,U S Lumber (3073),TREX,0.7,Structured source,[],,,,,,,,,,,,,,,,,,,,,,,,,,,,,,,,,,,,,,,,,,,,,,,,,,,,,,,,,,,,,,,,,,,,,,,,,,,,,,,,,,,,,,,,,,,,,,,,,,,,,,,,,,,,,,,,,,,,,,,,,,,,,,,,,,,,,,,,,,,,,,,,,,,,,,,U S Lumber (3073),TREX,543141416,1nx6-16' Rainier Grooved - Trex Transcend Lineage Decking,1nx6-16' Rainier Grooved - Trex Transcend Lineage Decking for industrial and commercial applications.,1nx6-16' Rainier Grooved - Trex Transcend Lineage Decking Manufactured or supplied by U S Lumber (3073).,1nx6-16' Rainier Grooved - Trex Transcend Lineage Decking designed for industrial and commercial use.,Brand: TREX,Manufacturer: U S Lumber (3073),Manufacturer Part Number: 543141416,,,,,,,,,,,,,,,,,
543141420,1nx6-20' Rainier Grooved - Trex Transcend Lineage Decking,TREX,,,U S Lumber (3073),TREX,0.7,Structured source,[],,,,,,,,,,,,,,,,,,,,,,,,,,,,,,,,,,,,,,,,,,,,,,,,,,,,,,,,,,,,,,,,,,,,,,,,,,,,,,,,,,,,,,,,,,,,,,,,,,,,,,,,,,,,,,,,,,,,,,,,,,,,,,,,,,,,,,,,,,,,,,,,,,,,,,,U S Lumber (3073),TREX,543141420,1nx6-20' Rainier Grooved - Trex Transcend Lineage Decking,1nx6-20' Rainier Grooved - Trex Transcend Lineage Decking for industrial and commercial applications.,1nx6-20' Rainier Grooved - Trex Transcend Lineage Decking Manufactured or supplied by U S Lumber (3073).,1nx6-20' Rainier Grooved - Trex Transcend Lineage Decking designed for industrial and commercial use.,Brand: TREX,Manufacturer: U S Lumber (3073),Manufacturer Part Number: 543141420,,,,,,,,,,,,,,,,,
1513703,1nx6-16' Hatteras Sq Edge - Trex Transcend Lineage Decking,TREX,,,Boise Cascade Building Materials (BOICA),TREX,0.7,Structured source,[],,,,,,,,,,,,,,,,,,,,,,,,,,,,,,,,,,,,,,,,,,,,,,,,,,,,,,,,,,,,,,,,,,,,,,,,,,,,,,,,,,,,,,,,,,,,,,,,,,,,,,,,,,,,,,,,,,,,,,,,,,,,,,,,,,,,,,,,,,,,,,,,,,,,,,,Boise Cascade Building Materials (BOICA),TREX,1513703,1nx6-16' Hatteras Sq Edge - Trex Transcend Lineage Decking,1nx6-16' Hatteras Sq Edge - Trex Transcend Lineage Decking for industrial and commercial applications.,1nx6-16' Hatteras Sq Edge - Trex Transcend Lineage Decking Manufactured or supplied by Boise Cascade Building Materials (BOICA).,1nx6-16' Hatteras Sq Edge - Trex Transcend Lineage Decking designed for industrial and commercial use.,Brand: TREX,Manufacturer: Boise Cascade Building Materials (BOICA),Manufacturer Part Number: 1513703,,,,,,,,,,,,,,,,,
1513704,1nx6-20' Hatteras Sq Edge - Trex Transcend Lineage Decking,TREX,,,Boise Cascade Building Materials (BOICA),TREX,0.7,Structured source,[],,,,,,,,,,,,,,,,,,,,,,,,,,,,,,,,,,,,,,,,,,,,,,,,,,,,,,,,,,,,,,,,,,,,,,,,,,,,,,,,,,,,,,,,,,,,,,,,,,,,,,,,,,,,,,,,,,,,,,,,,,,,,,,,,,,,,,,,,,,,,,,,,,,,,,,Boise Cascade Building Materials (BOICA),TREX,1513704,1nx6-20' Hatteras Sq Edge - Trex Transcend Lineage Decking,1nx6-20' Hatteras Sq Edge - Trex Transcend Lineage Decking for industrial and commercial applications.,1nx6-20' Hatteras Sq Edge - Trex Transcend Lineage Decking Manufactured or supplied by Boise Cascade Building Materials (BOICA).,1nx6-20' Hatteras Sq Edge - Trex Transcend Lineage Decking designed for industrial and commercial use.,Brand: TREX,Manufacturer: Boise Cascade Building Materials (BOICA),Manufacturer Part Number: 1513704,,,,,,,,,,,,,,,,,
1513705,1nx6-12' Hatteras Grooved - Trex Transcend Lineage Decking,TREX,,,Boise Cascade Building Materials (BOICA),TREX,0.7,Structured source,[],,,,,,,,,,,,,,,,,,,,,,,,,,,,,,,,,,,,,,,,,,,,,,,,,,,,,,,,,,,,,,,,,,,,,,,,,,,,,,,,,,,,,,,,,,,,,,,,,,,,,,,,,,,,,,,,,,,,,,,,,,,,,,,,,,,,,,,,,,,,,,,,,,,,,,,Boise Cascade Building Materials (BOICA),TREX,1513705,1nx6-12' Hatteras Grooved - Trex Transcend Lineage Decking,1nx6-12' Hatteras Grooved - Trex Transcend Lineage Decking for industrial and commercial applications.,1nx6-12' Hatteras Grooved - Trex Transcend Lineage Decking Manufactured or supplied by Boise Cascade Building Materials (BOICA).,1nx6-12' Hatteras Grooved - Trex Transcend Lineage Decking designed for industrial and commercial use.,Brand: TREX,Manufacturer: Boise Cascade Building Materials (BOICA),Manufacturer Part Number: 1513705,,,,,,,,,,,,,,,,,
1513706,1nx6-16' Hatteras Grooved - Trex Transcend Lineage Decking,TREX,,,Boise Cascade Building Materials (BOICA),TREX,0.7,Structured source,[],,,,,,,,,,,,,,,,,,,,,,,,,,,,,,,,,,,,,,,,,,,,,,,,,,,,,,,,,,,,,,,,,,,,,,,,,,,,,,,,,,,,,,,,,,,,,,,,,,,,,,,,,,,,,,,,,,,,,,,,,,,,,,,,,,,,,,,,,,,,,,,,,,,,,,,Boise Cascade Building Materials (BOICA),TREX,1513706,1nx6-16' Hatteras Grooved - Trex Transcend Lineage Decking,1nx6-16' Hatteras Grooved - Trex Transcend Lineage Decking for industrial and commercial applications.,1nx6-16' Hatteras Grooved - Trex Transcend Lineage Decking Manufactured or supplied by Boise Cascade Building Materials (BOICA).,1nx6-16' Hatteras Grooved - Trex Transcend Lineage Decking designed for industrial and commercial use.,Brand: TREX,Manufacturer: Boise Cascade Building Materials (BOICA),Manufacturer Part Number: 1513706,,,,,,,,,,,,,,,,,
1513707,1nx6-20' Hatteras Grooved - Trex Transcend Lineage Decking,TREX,,,Boise Cascade Building Materials (BOICA),TREX,0.7,Structured source,[],,,,,,,,,,,,,,,,,,,,,,,,,,,,,,,,,,,,,,,,,,,,,,,,,,,,,,,,,,,,,,,,,,,,,,,,,,,,,,,,,,,,,,,,,,,,,,,,,,,,,,,,,,,,,,,,,,,,,,,,,,,,,,,,,,,,,,,,,,,,,,,,,,,,,,,Boise Cascade Building Materials (BOICA),TREX,1513707,1nx6-20' Hatteras Grooved - Trex Transcend Lineage Decking,1nx6-20' Hatteras Grooved - Trex Transcend Lineage Decking for industrial and commercial applications.,1nx6-20' Hatteras Grooved - Trex Transcend Lineage Decking Manufactured or supplied by Boise Cascade Building Materials (BOICA).,1nx6-20' Hatteras Grooved - Trex Transcend Lineage Decking designed for industrial and commercial use.,Brand: TREX,Manufacturer: Boise Cascade Building Materials (BOICA),Manufacturer Part Number: 1513707,,,,,,,,,,,,,,,,,
1513708,1nx6-16' Salt Flat Sq Edge - Trex Transcend Lineage Decking,TREX,,,Boise Cascade Building Materials (BOICA),TREX,0.7,Structured source,[],,,,,,,,,,,,,,,,,,,,,,,,,,,,,,,,,,,,,,,,,,,,,,,,,,,,,,,,,,,,,,,,,,,,,,,,,,,,,,,,,,,,,,,,,,,,,,,,,,,,,,,,,,,,,,,,,,,,,,,,,,,,,,,,,,,,,,,,,,,,,,,,,,,,,,,Boise Cascade Building Materials (BOICA),TREX,1513708,1nx6-16' Salt Flat Sq Edge - Trex Transcend Lineage Decking,1nx6-16' Salt Flat Sq Edge - Trex Transcend Lineage Decking for industrial and commercial applications.,1nx6-16' Salt Flat Sq Edge - Trex Transcend Lineage Decking Manufactured or supplied by Boise Cascade Building Materials (BOICA).,1nx6-16' Salt Flat Sq Edge - Trex Transcend Lineage Decking designed for industrial and commercial use.,Brand: TREX,Manufacturer: Boise Cascade Building Materials (BOICA),Manufacturer Part Number: 1513708,,,,,,,,,,,,,,,,,
1513709,1nx6-20' Salt Flat Sq Edge - Trex Transcend Lineage Decking,TREX,,,Boise Cascade Building Materials (BOICA),TREX,0.7,Structured source,[],,,,,,,,,,,,,,,,,,,,,,,,,,,,,,,,,,,,,,,,,,,,,,,,,,,,,,,,,,,,,,,,,,,,,,,,,,,,,,,,,,,,,,,,,,,,,,,,,,,,,,,,,,,,,,,,,,,,,,,,,,,,,,,,,,,,,,,,,,,,,,,,,,,,,,,Boise Cascade Building Materials (BOICA),TREX,1513709,1nx6-20' Salt Flat Sq Edge - Trex Transcend Lineage Decking,1nx6-20' Salt Flat Sq Edge - Trex Transcend Lineage Decking for industrial and commercial applications.,1nx6-20' Salt Flat Sq Edge - Trex Transcend Lineage Decking Manufactured or supplied by Boise Cascade Building Materials (BOICA).,1nx6-20' Salt Flat Sq Edge - Trex Transcend Lineage Decking designed for industrial and commercial use.,Brand: TREX,Manufacturer: Boise Cascade Building Materials (BOICA),Manufacturer Part Number: 1513709,,,,,,,,,,,,,,,,,
1513710,1nx6-12' Salt Flat Grooved - Trex Transcend Lineage Decking,TREX,,,Boise Cascade Building Materials (BOICA),TREX,0.7,Structured source,[],,,,,,,,,,,,,,,,,,,,,,,,,,,,,,,,,,,,,,,,,,,,,,,,,,,,,,,,,,,,,,,,,,,,,,,,,,,,,,,,,,,,,,,,,,,,,,,,,,,,,,,,,,,,,,,,,,,,,,,,,,,,,,,,,,,,,,,,,,,,,,,,,,,,,,,Boise Cascade Building Materials (BOICA),TREX,1513710,1nx6-12' Salt Flat Grooved - Trex Transcend Lineage Decking,1nx6-12' Salt Flat Grooved - Trex Transcend Lineage Decking for industrial and commercial applications.,1nx6-12' Salt Flat Grooved - Trex Transcend Lineage Decking Manufactured or supplied by Boise Cascade Building Materials (BOICA).,1nx6-12' Salt Flat Grooved - Trex Transcend Lineage Decking designed for industrial and commercial use.,Brand: TREX,Manufacturer: Boise Cascade Building Materials (BOICA),Manufacturer Part Number: 1513710,,,,,,,,,,,,,,,,,
1513711,1nx6-16' Salt Flat Grooved - Trex Transcend Lineage Decking,TREX,,,Boise Cascade Building Materials (BOICA),TREX,0.7,Structured source,[],,,,,,,,,,,,,,,,,,,,,,,,,,,,,,,,,,,,,,,,,,,,,,,,,,,,,,,,,,,,,,,,,,,,,,,,,,,,,,,,,,,,,,,,,,,,,,,,,,,,,,,,,,,,,,,,,,,,,,,,,,,,,,,,,,,,,,,,,,,,,,,,,,,,,,,Boise Cascade Building Materials (BOICA),TREX,1513711,1nx6-16' Salt Flat Grooved - Trex Transcend Lineage Decking,1nx6-16' Salt Flat Grooved - Trex Transcend Lineage Decking for industrial and commercial applications.,1nx6-16' Salt Flat Grooved - Trex Transcend Lineage Decking Manufactured or supplied by Boise Cascade Building Materials (BOICA).,1nx6-16' Salt Flat Grooved - Trex Transcend Lineage Decking designed for industrial and commercial use.,Brand: TREX,Manufacturer: Boise Cascade Building Materials (BOICA),Manufacturer Part Number: 1513711,,,,,,,,,,,,,,,,,
1513712,1nx6-20' Salt Flat Grooved - Trex Transcend Lineage Decking,TREX,,,Boise Cascade Building Materials (BOICA),TREX,0.7,Structured source,[],,,,,,,,,,,,,,,,,,,,,,,,,,,,,,,,,,,,,,,,,,,,,,,,,,,,,,,,,,,,,,,,,,,,,,,,,,,,,,,,,,,,,,,,,,,,,,,,,,,,,,,,,,,,,,,,,,,,,,,,,,,,,,,,,,,,,,,,,,,,,,,,,,,,,,,Boise Cascade Building Materials (BOICA),TREX,1513712,1nx6-20' Salt Flat Grooved - Trex Transcend Lineage Decking,1nx6-20' Salt Flat Grooved - Trex Transcend Lineage Decking for industrial and commercial applications.,1nx6-20' Salt Flat Grooved - Trex Transcend Lineage Decking Manufactured or supplied by Boise Cascade Building Materials (BOICA).,1nx6-20' Salt Flat Grooved - Trex Transcend Lineage Decking designed for industrial and commercial use.,Brand: TREX,Manufacturer: Boise Cascade Building Materials (BOICA),Manufacturer Part Number: 1513712,,,,,,,,,,,,,,,,,
1513717,1nx6-16' Honey Grove Sq Edge - Trex Enhance Naturals Decking,TREX,,,Boise Cascade Building Materials (BOICA),TREX,0.7,Structured source,[],,,,,,,,,,,,,,,,,,,,,,,,,,,,,,,,,,,,,,,,,,,,,,,,,,,,,,,,,,,,,,,,,,,,,,,,,,,,,,,,,,,,,,,,,,,,,,,,,,,,,,,,,,,,,,,,,,,,,,,,,,,,,,,,,,,,,,,,,,,,,,,,,,,,,,,Boise Cascade Building Materials (BOICA),TREX,1513717,1nx6-16' Honey Grove Sq Edge - Trex Enhance Naturals Decking,1nx6-16' Honey Grove Sq Edge - Trex Enhance Naturals Decking for industrial and commercial applications.,1nx6-16' Honey Grove Sq Edge - Trex Enhance Naturals Decking Manufactured or supplied by Boise Cascade Building Materials (BOICA).,1nx6-16' Honey Grove Sq Edge - Trex Enhance Naturals Decking designed for industrial and commercial use.,Brand: TREX,Manufacturer: Boise Cascade Building Materials (BOICA),Manufacturer Part Number: 1513717,,,,,,,,,,,,,,,,,
1513718,1nx6-20' Honey Grove Sq Edge - Trex Enhance Naturals Decking,TREX,,,Boise Cascade Building Materials (BOICA),TREX,0.7,Structured source,[],,,,,,,,,,,,,,,,,,,,,,,,,,,,,,,,,,,,,,,,,,,,,,,,,,,,,,,,,,,,,,,,,,,,,,,,,,,,,,,,,,,,,,,,,,,,,,,,,,,,,,,,,,,,,,,,,,,,,,,,,,,,,,,,,,,,,,,,,,,,,,,,,,,,,,,Boise Cascade Building Materials (BOICA),TREX,1513718,1nx6-20' Honey Grove Sq Edge - Trex Enhance Naturals Decking,1nx6-20' Honey Grove Sq Edge - Trex Enhance Naturals Decking for industrial and commercial applications.,1nx6-20' Honey Grove Sq Edge - Trex Enhance Naturals Decking Manufactured or supplied by Boise Cascade Building Materials (BOICA).,1nx6-20' Honey Grove Sq Edge - Trex Enhance Naturals Decking designed for industrial and commercial use.,Brand: TREX,Manufacturer: Boise Cascade Building Materials (BOICA),Manufacturer Part Number: 1513718,,,,,,,,,,,,,,,,,
1513719,1nx6-12' Honey Grove Grooved - Trex Enhance Naturals Decking,TREX,,,Boise Cascade Building Materials (BOICA),TREX,0.7,Structured source,[],,,,,,,,,,,,,,,,,,,,,,,,,,,,,,,,,,,,,,,,,,,,,,,,,,,,,,,,,,,,,,,,,,,,,,,,,,,,,,,,,,,,,,,,,,,,,,,,,,,,,,,,,,,,,,,,,,,,,,,,,,,,,,,,,,,,,,,,,,,,,,,,,,,,,,,Boise Cascade Building Materials (BOICA),TREX,1513719,1nx6-12' Honey Grove Grooved - Trex Enhance Naturals Decking,1nx6-12' Honey Grove Grooved - Trex Enhance Naturals Decking for industrial and commercial applications.,1nx6-12' Honey Grove Grooved - Trex Enhance Naturals Decking Manufactured or supplied by Boise Cascade Building Materials (BOICA).,1nx6-12' Honey Grove Grooved - Trex Enhance Naturals Decking designed for industrial and commercial use.,Brand: TREX,Manufacturer: Boise Cascade Building Materials (BOICA),Manufacturer Part Number: 1513719,,,,,,,,,,,,,,,,,
1513720,1nx6-16' Honey Grove Grooved - Trex Enhance Naturals Decking,TREX,,,Boise Cascade Building Materials (BOICA),TREX,0.7,Structured source,[],,,,,,,,,,,,,,,,,,,,,,,,,,,,,,,,,,,,,,,,,,,,,,,,,,,,,,,,,,,,,,,,,,,,,,,,,,,,,,,,,,,,,,,,,,,,,,,,,,,,,,,,,,,,,,,,,,,,,,,,,,,,,,,,,,,,,,,,,,,,,,,,,,,,,,,Boise Cascade Building Materials (BOICA),TREX,1513720,1nx6-16' Honey Grove Grooved - Trex Enhance Naturals Decking,1nx6-16' Honey Grove Grooved - Trex Enhance Naturals Decking for industrial and commercial applications.,1nx6-16' Honey Grove Grooved - Trex Enhance Naturals Decking Manufactured or supplied by Boise Cascade Building Materials (BOICA).,1nx6-16' Honey Grove Grooved - Trex Enhance Naturals Decking designed for industrial and commercial use.,Brand: TREX,Manufacturer: Boise Cascade Building Materials (BOICA),Manufacturer Part Number: 1513720,,,,,,,,,,,,,,,,,
1513721,1nx6-20' Honey Grove Grooved - Trex Enhance Naturals Decking,TREX,,,Boise Cascade Building Materials (BOICA),TREX,0.7,Structured source,[],,,,,,,,,,,,,,,,,,,,,,,,,,,,,,,,,,,,,,,,,,,,,,,,,,,,,,,,,,,,,,,,,,,,,,,,,,,,,,,,,,,,,,,,,,,,,,,,,,,,,,,,,,,,,,,,,,,,,,,,,,,,,,,,,,,,,,,,,,,,,,,,,,,,,,,Boise Cascade Building Materials (BOICA),TREX,1513721,1nx6-20' Honey Grove Grooved - Trex Enhance Naturals Decking,1nx6-20' Honey Grove Grooved - Trex Enhance Naturals Decking for industrial and commercial applications.,1nx6-20' Honey Grove Grooved - Trex Enhance Naturals Decking Manufactured or supplied by Boise Cascade Building Materials (BOICA).,1nx6-20' Honey Grove Grooved - Trex Enhance Naturals Decking designed for industrial and commercial use.,Brand: TREX,Manufacturer: Boise Cascade Building Materials (BOICA),Manufacturer Part Number: 1513721,,,,,,,,,,,,,,,,,
1513724,1nx6-16' Tide Pool Sq Edge - Trex Enhance Basics Decking,TREX,,,Boise Cascade Building Materials (BOICA),TREX,0.7,Structured source,[],,,,,,,,,,,,,,,,,,,,,,,,,,,,,,,,,,,,,,,,,,,,,,,,,,,,,,,,,,,,,,,,,,,,,,,,,,,,,,,,,,,,,,,,,,,,,,,,,,,,,,,,,,,,,,,,,,,,,,,,,,,,,,,,,,,,,,,,,,,,,,,,,,,,,,,Boise Cascade Building Materials (BOICA),TREX,1513724,1nx6-16' Tide Pool Sq Edge - Trex Enhance Basics Decking,1nx6-16' Tide Pool Sq Edge - Trex Enhance Basics Decking for industrial and commercial applications.,1nx6-16' Tide Pool Sq Edge - Trex Enhance Basics Decking Manufactured or supplied by Boise Cascade Building Materials (BOICA).,1nx6-16' Tide Pool Sq Edge - Trex Enhance Basics Decking designed for industrial and commercial use.,Brand: TREX,Manufacturer: Boise Cascade Building Materials (BOICA),Manufacturer Part Number: 1513724,,,,,,,,,,,,,,,,,
1513725,1nx6-20' Tide Pool Sq Edge - Trex Enhance Basics Decking,TREX,,,Boise Cascade Building Materials (BOICA),TREX,0.7,Structured source,[],,,,,,,,,,,,,,,,,,,,,,,,,,,,,,,,,,,,,,,,,,,,,,,,,,,,,,,,,,,,,,,,,,,,,,,,,,,,,,,,,,,,,,,,,,,,,,,,,,,,,,,,,,,,,,,,,,,,,,,,,,,,,,,,,,,,,,,,,,,,,,,,,,,,,,,Boise Cascade Building Materials (BOICA),TREX,1513725,1nx6-20' Tide Pool Sq Edge - Trex Enhance Basics Decking,1nx6-20' Tide Pool Sq Edge - Trex Enhance Basics Decking for industrial and commercial applications.,1nx6-20' Tide Pool Sq Edge - Trex Enhance Basics Decking Manufactured or supplied by Boise Cascade Building Materials (BOICA).,1nx6-20' Tide Pool Sq Edge - Trex Enhance Basics Decking designed for industrial and commercial use.,Brand: TREX,Manufacturer: Boise Cascade Building Materials (BOICA),Manufacturer Part Number: 1513725,,,,,,,,,,,,,,,,,
1513726,1nx6-12' Tide Pool Grooved - Trex Enhance Basics Decking,TREX,,,Boise Cascade Building Materials (BOICA),TREX,0.7,Structured source,[],,,,,,,,,,,,,,,,,,,,,,,,,,,,,,,,,,,,,,,,,,,,,,,,,,,,,,,,,,,,,,,,,,,,,,,,,,,,,,,,,,,,,,,,,,,,,,,,,,,,,,,,,,,,,,,,,,,,,,,,,,,,,,,,,,,,,,,,,,,,,,,,,,,,,,,Boise Cascade Building Materials (BOICA),TREX,1513726,1nx6-12' Tide Pool Grooved - Trex Enhance Basics Decking,1nx6-12' Tide Pool Grooved - Trex Enhance Basics Decking for industrial and commercial applications.,1nx6-12' Tide Pool Grooved - Trex Enhance Basics Decking Manufactured or supplied by Boise Cascade Building Materials (BOICA).,1nx6-12' Tide Pool Grooved - Trex Enhance Basics Decking designed for industrial and commercial use.,Brand: TREX,Manufacturer: Boise Cascade Building Materials (BOICA),Manufacturer Part Number: 1513726,,,,,,,,,,,,,,,,,
1513727,1nx6-16' Tide Pool Grooved - Trex Enhance Basics Decking,TREX,,,Boise Cascade Building Materials (BOICA),TREX,0.7,Structured source,[],,,,,,,,,,,,,,,,,,,,,,,,,,,,,,,,,,,,,,,,,,,,,,,,,,,,,,,,,,,,,,,,,,,,,,,,,,,,,,,,,,,,,,,,,,,,,,,,,,,,,,,,,,,,,,,,,,,,,,,,,,,,,,,,,,,,,,,,,,,,,,,,,,,,,,,Boise Cascade Building Materials (BOICA),TREX,1513727,1nx6-16' Tide Pool Grooved - Trex Enhance Basics Decking,1nx6-16' Tide Pool Grooved - Trex Enhance Basics Decking for industrial and commercial applications.,1nx6-16' Tide Pool Grooved - Trex Enhance Basics Decking Manufactured or supplied by Boise Cascade Building Materials (BOICA).,1nx6-16' Tide Pool Grooved - Trex Enhance Basics Decking designed for industrial and commercial use.,Brand: TREX,Manufacturer: Boise Cascade Building Materials (BOICA),Manufacturer Part Number: 1513727,,,,,,,,,,,,,,,,,
1513728,1nx6-20' Tide Pool Grooved - Trex Enhance Basics Decking,TREX,,,Boise Cascade Building Materials (BOICA),TREX,0.7,Structured source,[],,,,,,,,,,,,,,,,,,,,,,,,,,,,,,,,,,,,,,,,,,,,,,,,,,,,,,,,,,,,,,,,,,,,,,,,,,,,,,,,,,,,,,,,,,,,,,,,,,,,,,,,,,,,,,,,,,,,,,,,,,,,,,,,,,,,,,,,,,,,,,,,,,,,,,,Boise Cascade Building Materials (BOICA),TREX,1513728,1nx6-20' Tide Pool Grooved - Trex Enhance Basics Decking,1nx6-20' Tide Pool Grooved - Trex Enhance Basics Decking for industrial and commercial applications.,1nx6-20' Tide Pool Grooved - Trex Enhance Basics Decking Manufactured or supplied by Boise Cascade Building Materials (BOICA).,1nx6-20' Tide Pool Grooved - Trex Enhance Basics Decking designed for industrial and commercial use.,Brand: TREX,Manufacturer: Boise Cascade Building Materials (BOICA),Manufacturer Part Number: 1513728,,,,,,,,,,,,,,,,,
543076016,1nx6-16' Cinnamon Cove Sq Edge - Trex Enhance Naturals Decking,TREX,,,Boise Cascade Building Materials (BOICA),TREX,0.7,Structured source,[],,,,,,,,,,,,,,,,,,,,,,,,,,,,,,,,,,,,,,,,,,,,,,,,,,,,,,,,,,,,,,,,,,,,,,,,,,,,,,,,,,,,,,,,,,,,,,,,,,,,,,,,,,,,,,,,,,,,,,,,,,,,,,,,,,,,,,,,,,,,,,,,,,,,,,,Boise Cascade Building Materials (BOICA),TREX,543076016,1nx6-16' Cinnamon Cove Sq Edge - Trex Enhance Naturals Decking,1nx6-16' Cinnamon Cove Sq Edge - Trex Enhance Naturals Decking for industrial and commercial applications.,1nx6-16' Cinnamon Cove Sq Edge - Trex Enhance Naturals Decking Manufactured or supplied by Boise Cascade Building Materials (BOICA).,1nx6-16' Cinnamon Cove Sq Edge - Trex Enhance Naturals Decking designed for industrial and commercial use.,Brand: TREX,Manufacturer: Boise Cascade Building Materials (BOICA),Manufacturer Part Number: 543076016,,,,,,,,,,,,,,,,,
543076020,1nx6-20' Cinnamon Cove Sq Edge - Trex Enhance Naturals Decking,TREX,,,Boise Cascade Building Materials (BOICA),TREX,0.7,Structured source,[],,,,,,,,,,,,,,,,,,,,,,,,,,,,,,,,,,,,,,,,,,,,,,,,,,,,,,,,,,,,,,,,,,,,,,,,,,,,,,,,,,,,,,,,,,,,,,,,,,,,,,,,,,,,,,,,,,,,,,,,,,,,,,,,,,,,,,,,,,,,,,,,,,,,,,,Boise Cascade Building Materials (BOICA),TREX,543076020,1nx6-20' Cinnamon Cove Sq Edge - Trex Enhance Naturals Decking,1nx6-20' Cinnamon Cove Sq Edge - Trex Enhance Naturals Decking for industrial and commercial applications.,1nx6-20' Cinnamon Cove Sq Edge - Trex Enhance Naturals Decking Manufactured or supplied by Boise Cascade Building Materials (BOICA).,1nx6-20' Cinnamon Cove Sq Edge - Trex Enhance Naturals Decking designed for industrial and commercial use.,Brand: TREX,Manufacturer: Boise Cascade Building Materials (BOICA),Manufacturer Part Number: 543076020,,,,,,,,,,,,,,,,,
543076412,1nx6-12' Cinnamon Cove Grooved - Trex Enhance Naturals Decking,TREX,,,Boise Cascade Building Materials (BOICA),TREX,0.7,Structured source,[],,,,,,,,,,,,,,,,,,,,,,,,,,,,,,,,,,,,,,,,,,,,,,,,,,,,,,,,,,,,,,,,,,,,,,,,,,,,,,,,,,,,,,,,,,,,,,,,,,,,,,,,,,,,,,,,,,,,,,,,,,,,,,,,,,,,,,,,,,,,,,,,,,,,,,,Boise Cascade Building Materials (BOICA),TREX,543076412,1nx6-12' Cinnamon Cove Grooved - Trex Enhance Naturals Decking,1nx6-12' Cinnamon Cove Grooved - Trex Enhance Naturals Decking for industrial and commercial applications.,1nx6-12' Cinnamon Cove Grooved - Trex Enhance Naturals Decking Manufactured or supplied by Boise Cascade Building Materials (BOICA).,1nx6-12' Cinnamon Cove Grooved - Trex Enhance Naturals Decking designed for industrial and commercial use.,Brand: TREX,Manufacturer: Boise Cascade Building Materials (BOICA),Manufacturer Part Number: 543076412,,,,,,,,,,,,,,,,,
543076416,1nx6-16' Cinnamon Cove Grooved - Trex Enhance Naturals Decking,TREX,,,Boise Cascade Building Materials (BOICA),TREX,0.7,Structured source,[],,,,,,,,,,,,,,,,,,,,,,,,,,,,,,,,,,,,,,,,,,,,,,,,,,,,,,,,,,,,,,,,,,,,,,,,,,,,,,,,,,,,,,,,,,,,,,,,,,,,,,,,,,,,,,,,,,,,,,,,,,,,,,,,,,,,,,,,,,,,,,,,,,,,,,,Boise Cascade Building Materials (BOICA),TREX,543076416,1nx6-16' Cinnamon Cove Grooved - Trex Enhance Naturals Decking,1nx6-16' Cinnamon Cove Grooved - Trex Enhance Naturals Decking for industrial and commercial applications.,1nx6-16' Cinnamon Cove Grooved - Trex Enhance Naturals Decking Manufactured or supplied by Boise Cascade Building Materials (BOICA).,1nx6-16' Cinnamon Cove Grooved - Trex Enhance Naturals Decking designed for industrial and commercial use.,Brand: TREX,Manufacturer: Boise Cascade Building Materials (BOICA),Manufacturer Part Number: 543076416,,,,,,,,,,,,,,,,,
543076420,1nx6-20' Cinnamon Cove Grooved - Trex Enhance Naturals Decking,TREX,,,Boise Cascade Building Materials (BOICA),TREX,0.7,Structured source,[],,,,,,,,,,,,,,,,,,,,,,,,,,,,,,,,,,,,,,,,,,,,,,,,,,,,,,,,,,,,,,,,,,,,,,,,,,,,,,,,,,,,,,,,,,,,,,,,,,,,,,,,,,,,,,,,,,,,,,,,,,,,,,,,,,,,,,,,,,,,,,,,,,,,,,,Boise Cascade Building Materials (BOICA),TREX,543076420,1nx6-20' Cinnamon Cove Grooved - Trex Enhance Naturals Decking,1nx6-20' Cinnamon Cove Grooved - Trex Enhance Naturals Decking for industrial and commercial applications.,1nx6-20' Cinnamon Cove Grooved - Trex Enhance Naturals Decking Manufactured or supplied by Boise Cascade Building Materials (BOICA).,1nx6-20' Cinnamon Cove Grooved - Trex Enhance Naturals Decking designed for industrial and commercial use.,Brand: TREX,Manufacturer: Boise Cascade Building Materials (BOICA),Manufacturer Part Number: 543076420,,,,,,,,,,,,,,,,,
1516870,1nx6-16' Golden Hour Sq Edge - Trex Enhance Naturals Decking,TREX,,,Boise Cascade Building Materials (BOICA),TREX,0.7,Structured source,[],,,,,,,,,,,,,,,,,,,,,,,,,,,,,,,,,,,,,,,,,,,,,,,,,,,,,,,,,,,,,,,,,,,,,,,,,,,,,,,,,,,,,,,,,,,,,,,,,,,,,,,,,,,,,,,,,,,,,,,,,,,,,,,,,,,,,,,,,,,,,,,,,,,,,,,Boise Cascade Building Materials (BOICA),TREX,1516870,1nx6-16' Golden Hour Sq Edge - Trex Enhance Naturals Decking,1nx6-16' Golden Hour Sq Edge - Trex Enhance Naturals Decking for industrial and commercial applications.,1nx6-16' Golden Hour Sq Edge - Trex Enhance Naturals Decking Manufactured or supplied by Boise Cascade Building Materials (BOICA).,1nx6-16' Golden Hour Sq Edge - Trex Enhance Naturals Decking designed for industrial and commercial use.,Brand: TREX,Manufacturer: Boise Cascade Building Materials (BOICA),Manufacturer Part Number: 1516870,,,,,,,,,,,,,,,,,
1516871,1nx6-20' Golden Hour Sq Edge - Trex Enhance Naturals Decking,TREX,,,Boise Cascade Building Materials (BOICA),TREX,0.7,Structured source,[],,,,,,,,,,,,,,,,,,,,,,,,,,,,,,,,,,,,,,,,,,,,,,,,,,,,,,,,,,,,,,,,,,,,,,,,,,,,,,,,,,,,,,,,,,,,,,,,,,,,,,,,,,,,,,,,,,,,,,,,,,,,,,,,,,,,,,,,,,,,,,,,,,,,,,,Boise Cascade Building Materials (BOICA),TREX,1516871,1nx6-20' Golden Hour Sq Edge - Trex Enhance Naturals Decking,1nx6-20' Golden Hour Sq Edge - Trex Enhance Naturals Decking for industrial and commercial applications.,1nx6-20' Golden Hour Sq Edge - Trex Enhance Naturals Decking Manufactured or supplied by Boise Cascade Building Materials (BOICA).,1nx6-20' Golden Hour Sq Edge - Trex Enhance Naturals Decking designed for industrial and commercial use.,Brand: TREX,Manufacturer: Boise Cascade Building Materials (BOICA),Manufacturer Part Number: 1516871,,,,,,,,,,,,,,,,,
1516872,1nx6-12' Golden Hour Grooved - Trex Enhance Naturals Decking,TREX,,,Boise Cascade Building Materials (BOICA),TREX,0.7,Structured source,[],,,,,,,,,,,,,,,,,,,,,,,,,,,,,,,,,,,,,,,,,,,,,,,,,,,,,,,,,,,,,,,,,,,,,,,,,,,,,,,,,,,,,,,,,,,,,,,,,,,,,,,,,,,,,,,,,,,,,,,,,,,,,,,,,,,,,,,,,,,,,,,,,,,,,,,Boise Cascade Building Materials (BOICA),TREX,1516872,1nx6-12' Golden Hour Grooved - Trex Enhance Naturals Decking,1nx6-12' Golden Hour Grooved - Trex Enhance Naturals Decking for industrial and commercial applications.,1nx6-12' Golden Hour Grooved - Trex Enhance Naturals Decking Manufactured or supplied by Boise Cascade Building Materials (BOICA).,1nx6-12' Golden Hour Grooved - Trex Enhance Naturals Decking designed for industrial and commercial use.,Brand: TREX,Manufacturer: Boise Cascade Building Materials (BOICA),Manufacturer Part Number: 1516872,,,,,,,,,,,,,,,,,
1516873,1nx6-16' Golden Hour Grooved - Trex Enhance Naturals Decking,TREX,,,Boise Cascade Building Materials (BOICA),TREX,0.7,Structured source,[],,,,,,,,,,,,,,,,,,,,,,,,,,,,,,,,,,,,,,,,,,,,,,,,,,,,,,,,,,,,,,,,,,,,,,,,,,,,,,,,,,,,,,,,,,,,,,,,,,,,,,,,,,,,,,,,,,,,,,,,,,,,,,,,,,,,,,,,,,,,,,,,,,,,,,,Boise Cascade Building Materials (BOICA),TREX,1516873,1nx6-16' Golden Hour Grooved - Trex Enhance Naturals Decking,1nx6-16' Golden Hour Grooved - Trex Enhance Naturals Decking for industrial and commercial applications.,1nx6-16' Golden Hour Grooved - Trex Enhance Naturals Decking Manufactured or supplied by Boise Cascade Building Materials (BOICA).,1nx6-16' Golden Hour Grooved - Trex Enhance Naturals Decking designed for industrial and commercial use.,Brand: TREX,Manufacturer: Boise Cascade Building Materials (BOICA),Manufacturer Part Number: 1516873,,,,,,,,,,,,,,,,,
1516874,1nx6-20' Golden Hour Grooved - Trex Enhance Naturals Decking,TREX,,,Boise Cascade Building Materials (BOICA),TREX,0.7,Structured source,[],,,,,,,,,,,,,,,,,,,,,,,,,,,,,,,,,,,,,,,,,,,,,,,,,,,,,,,,,,,,,,,,,,,,,,,,,,,,,,,,,,,,,,,,,,,,,,,,,,,,,,,,,,,,,,,,,,,,,,,,,,,,,,,,,,,,,,,,,,,,,,,,,,,,,,,Boise Cascade Building Materials (BOICA),TREX,1516874,1nx6-20' Golden Hour Grooved - Trex Enhance Naturals Decking,1nx6-20' Golden Hour Grooved - Trex Enhance Naturals Decking for industrial and commercial applications.,1nx6-20' Golden Hour Grooved - Trex Enhance Naturals Decking Manufactured or supplied by Boise Cascade Building Materials (BOICA).,1nx6-20' Golden Hour Grooved - Trex Enhance Naturals Decking designed for industrial and commercial use.,Brand: TREX,Manufacturer: Boise Cascade Building Materials (BOICA),Manufacturer Part Number: 1516874,,,,,,,,,,,,,,,,,
1516879,1nx6-16' Pebble Beach Sq Edge - Trex Enhance Basics Decking,TREX,,,Boise Cascade Building Materials (BOICA),TREX,0.7,Structured source,[],,,,,,,,,,,,,,,,,,,,,,,,,,,,,,,,,,,,,,,,,,,,,,,,,,,,,,,,,,,,,,,,,,,,,,,,,,,,,,,,,,,,,,,,,,,,,,,,,,,,,,,,,,,,,,,,,,,,,,,,,,,,,,,,,,,,,,,,,,,,,,,,,,,,,,,Boise Cascade Building Materials (BOICA),TREX,1516879,1nx6-16' Pebble Beach Sq Edge - Trex Enhance Basics Decking,1nx6-16' Pebble Beach Sq Edge - Trex Enhance Basics Decking for industrial and commercial applications.,1nx6-16' Pebble Beach Sq Edge - Trex Enhance Basics Decking Manufactured or supplied by Boise Cascade Building Materials (BOICA).,1nx6-16' Pebble Beach Sq Edge - Trex Enhance Basics Decking designed for industrial and commercial use.,Brand: TREX,Manufacturer: Boise Cascade Building Materials (BOICA),Manufacturer Part Number: 1516879,,,,,,,,,,,,,,,,,
1516880,1nx6-20' Pebble Beach Sq Edge - Trex Enhance Basics Decking,TREX,,,Boise Cascade Building Materials (BOICA),TREX,0.7,Structured source,[],,,,,,,,,,,,,,,,,,,,,,,,,,,,,,,,,,,,,,,,,,,,,,,,,,,,,,,,,,,,,,,,,,,,,,,,,,,,,,,,,,,,,,,,,,,,,,,,,,,,,,,,,,,,,,,,,,,,,,,,,,,,,,,,,,,,,,,,,,,,,,,,,,,,,,,Boise Cascade Building Materials (BOICA),TREX,1516880,1nx6-20' Pebble Beach Sq Edge - Trex Enhance Basics Decking,1nx6-20' Pebble Beach Sq Edge - Trex Enhance Basics Decking for industrial and commercial applications.,1nx6-20' Pebble Beach Sq Edge - Trex Enhance Basics Decking Manufactured or supplied by Boise Cascade Building Materials (BOICA).,1nx6-20' Pebble Beach Sq Edge - Trex Enhance Basics Decking designed for industrial and commercial use.,Brand: TREX,Manufacturer: Boise Cascade Building Materials (BOICA),Manufacturer Part Number: 1516880,,,,,,,,,,,,,,,,,
1516881,1nx6-12' Pebble Beach Grooved - Trex Enhance Basics Decking,TREX,,,Boise Cascade Building Materials (BOICA),TREX,0.7,Structured source,[],,,,,,,,,,,,,,,,,,,,,,,,,,,,,,,,,,,,,,,,,,,,,,,,,,,,,,,,,,,,,,,,,,,,,,,,,,,,,,,,,,,,,,,,,,,,,,,,,,,,,,,,,,,,,,,,,,,,,,,,,,,,,,,,,,,,,,,,,,,,,,,,,,,,,,,Boise Cascade Building Materials (BOICA),TREX,1516881,1nx6-12' Pebble Beach Grooved - Trex Enhance Basics Decking,1nx6-12' Pebble Beach Grooved - Trex Enhance Basics Decking for industrial and commercial applications.,1nx6-12' Pebble Beach Grooved - Trex Enhance Basics Decking Manufactured or supplied by Boise Cascade Building Materials (BOICA).,1nx6-12' Pebble Beach Grooved - Trex Enhance Basics Decking designed for industrial and commercial use.,Brand: TREX,Manufacturer: Boise Cascade Building Materials (BOICA),Manufacturer Part Number: 1516881,,,,,,,,,,,,,,,,,
1516882,1nx6-16' Pebble Beach Grooved - Trex Enhance Basics Decking,TREX,,,Boise Cascade Building Materials (BOICA),TREX,0.7,Structured source,[],,,,,,,,,,,,,,,,,,,,,,,,,,,,,,,,,,,,,,,,,,,,,,,,,,,,,,,,,,,,,,,,,,,,,,,,,,,,,,,,,,,,,,,,,,,,,,,,,,,,,,,,,,,,,,,,,,,,,,,,,,,,,,,,,,,,,,,,,,,,,,,,,,,,,,,Boise Cascade Building Materials (BOICA),TREX,1516882,1nx6-16' Pebble Beach Grooved - Trex Enhance Basics Decking,1nx6-16' Pebble Beach Grooved - Trex Enhance Basics Decking for industrial and commercial applications.,1nx6-16' Pebble Beach Grooved - Trex Enhance Basics Decking Manufactured or supplied by Boise Cascade Building Materials (BOICA).,1nx6-16' Pebble Beach Grooved - Trex Enhance Basics Decking designed for industrial and commercial use.,Brand: TREX,Manufacturer: Boise Cascade Building Materials (BOICA),Manufacturer Part Number: 1516882,,,,,,,,,,,,,,,,,
1516883,1nx6-20' Pebble Beach Grooved - Trex Enhance Basics Decking,TREX,,,Boise Cascade Building Materials (BOICA),TREX,0.7,Structured source,[],,,,,,,,,,,,,,,,,,,,,,,,,,,,,,,,,,,,,,,,,,,,,,,,,,,,,,,,,,,,,,,,,,,,,,,,,,,,,,,,,,,,,,,,,,,,,,,,,,,,,,,,,,,,,,,,,,,,,,,,,,,,,,,,,,,,,,,,,,,,,,,,,,,,,,,Boise Cascade Building Materials (BOICA),TREX,1516883,1nx6-20' Pebble Beach Grooved - Trex Enhance Basics Decking,1nx6-20' Pebble Beach Grooved - Trex Enhance Basics Decking for industrial and commercial applications.,1nx6-20' Pebble Beach Grooved - Trex Enhance Basics Decking Manufactured or supplied by Boise Cascade Building Materials (BOICA).,1nx6-20' Pebble Beach Grooved - Trex Enhance Basics Decking designed for industrial and commercial use.,Brand: TREX,Manufacturer: Boise Cascade Building Materials (BOICA),Manufacturer Part Number: 1516883,,,,,,,,,,,,,,,,,
543005016,7/8nx6-16' Malted Barley Sq Edge - Trex Select 2.0 Decking,TREX,,,Boise Cascade Building Materials (BOICA),TREX,0.7,Structured source,[],,,,,,,,,,,,,,,,,,,,,,,,,,,,,,,,,,,,,,,,,,,,,,,,,,,,,,,,,,,,,,,,,,,,,,,,,,,,,,,,,,,,,,,,,,,,,,,,,,,,,,,,,,,,,,,,,,,,,,,,,,,,,,,,,,,,,,,,,,,,,,,,,,,,,,,Boise Cascade Building Materials (BOICA),TREX,543005016,7/8nx6-16' Malted Barley Sq Edge - Trex Select 2.0 Decking,7/8nx6-16' Malted Barley Sq Edge - Trex Select 2.0 Decking for industrial and commercial applications.,7/8nx6-16' Malted Barley Sq Edge - Trex Select 2.0 Decking Manufactured or supplied by Boise Cascade Building Materials (BOICA).,7/8nx6-16' Malted Barley Sq Edge - Trex Select 2.0 Decking designed for industrial and commercial use.,Brand: TREX,Manufacturer: Boise Cascade Building Materials (BOICA),Manufacturer Part Number: 543005016,,,,,,,,,,,,,,,,,
543005020,7/8nx6-20' Malted Barley Sq Edge - Trex Select 2.0 Decking,TREX,,,Boise Cascade Building Materials (BOICA),TREX,0.7,Structured source,[],,,,,,,,,,,,,,,,,,,,,,,,,,,,,,,,,,,,,,,,,,,,,,,,,,,,,,,,,,,,,,,,,,,,,,,,,,,,,,,,,,,,,,,,,,,,,,,,,,,,,,,,,,,,,,,,,,,,,,,,,,,,,,,,,,,,,,,,,,,,,,,,,,,,,,,Boise Cascade Building Materials (BOICA),TREX,543005020,7/8nx6-20' Malted Barley Sq Edge - Trex Select 2.0 Decking,7/8nx6-20' Malted Barley Sq Edge - Trex Select 2.0 Decking for industrial and commercial applications.,7/8nx6-20' Malted Barley Sq Edge - Trex Select 2.0 Decking Manufactured or supplied by Boise Cascade Building Materials (BOICA).,7/8nx6-20' Malted Barley Sq Edge - Trex Select 2.0 Decking designed for industrial and commercial use.,Brand: TREX,Manufacturer: Boise Cascade Building Materials (BOICA),Manufacturer Part Number: 543005020,,,,,,,,,,,,,,,,,
543005412,7/8nx6-12' Malted Barley Grooved - Trex Select 2.0 Decking,TREX,,,Boise Cascade Building Materials (BOICA),TREX,0.7,Structured source,[],,,,,,,,,,,,,,,,,,,,,,,,,,,,,,,,,,,,,,,,,,,,,,,,,,,,,,,,,,,,,,,,,,,,,,,,,,,,,,,,,,,,,,,,,,,,,,,,,,,,,,,,,,,,,,,,,,,,,,,,,,,,,,,,,,,,,,,,,,,,,,,,,,,,,,,Boise Cascade Building Materials (BOICA),TREX,543005412,7/8nx6-12' Malted Barley Grooved - Trex Select 2.0 Decking,7/8nx6-12' Malted Barley Grooved - Trex Select 2.0 Decking for industrial and commercial applications.,7/8nx6-12' Malted Barley Grooved - Trex Select 2.0 Decking Manufactured or supplied by Boise Cascade Building Materials (BOICA).,7/8nx6-12' Malted Barley Grooved - Trex Select 2.0 Decking designed for industrial and commercial use.,Brand: TREX,Manufacturer: Boise Cascade Building Materials (BOICA),Manufacturer Part Number: 543005412,,,,,,,,,,,,,,,,,
543005416,7/8nx6-16' Malted Barley Grooved - Trex Select 2.0 Decking,TREX,,,Boise Cascade Building Materials (BOICA),TREX,0.7,Structured source,[],,,,,,,,,,,,,,,,,,,,,,,,,,,,,,,,,,,,,,,,,,,,,,,,,,,,,,,,,,,,,,,,,,,,,,,,,,,,,,,,,,,,,,,,,,,,,,,,,,,,,,,,,,,,,,,,,,,,,,,,,,,,,,,,,,,,,,,,,,,,,,,,,,,,,,,Boise Cascade Building Materials (BOICA),TREX,543005416,7/8nx6-16' Malted Barley Grooved - Trex Select 2.0 Decking,7/8nx6-16' Malted Barley Grooved - Trex Select 2.0 Decking for industrial and commercial applications.,7/8nx6-16' Malted Barley Grooved - Trex Select 2.0 Decking Manufactured or supplied by Boise Cascade Building Materials (BOICA).,7/8nx6-16' Malted Barley Grooved - Trex Select 2.0 Decking designed for industrial and commercial use.,Brand: TREX,Manufacturer: Boise Cascade Building Materials (BOICA),Manufacturer Part Number: 543005416,,,,,,,,,,,,,,,,,
543005420,7/8nx6-20' Malted Barley Grooved - Trex Select 2.0 Decking,TREX,,,Boise Cascade Building Materials (BOICA),TREX,0.7,Structured source,[],,,,,,,,,,,,,,,,,,,,,,,,,,,,,,,,,,,,,,,,,,,,,,,,,,,,,,,,,,,,,,,,,,,,,,,,,,,,,,,,,,,,,,,,,,,,,,,,,,,,,,,,,,,,,,,,,,,,,,,,,,,,,,,,,,,,,,,,,,,,,,,,,,,,,,,Boise Cascade Building Materials (BOICA),TREX,543005420,7/8nx6-20' Malted Barley Grooved - Trex Select 2.0 Decking,7/8nx6-20' Malted Barley Grooved - Trex Select 2.0 Decking for industrial and commercial applications.,7/8nx6-20' Malted Barley Grooved - Trex Select 2.0 Decking Manufactured or supplied by Boise Cascade Building Materials (BOICA).,7/8nx6-20' Malted Barley Grooved - Trex Select 2.0 Decking designed for industrial and commercial use.,Brand: TREX,Manufacturer: Boise Cascade Building Materials (BOICA),Manufacturer Part Number: 543005420,,,,,,,,,,,,,,,,,
1516891,7/8nx6-16' Millstone Sq Edge - Trex Select 2.0 Decking,TREX,,,Boise Cascade Building Materials (BOICA),TREX,0.7,Structured source,[],,,,,,,,,,,,,,,,,,,,,,,,,,,,,,,,,,,,,,,,,,,,,,,,,,,,,,,,,,,,,,,,,,,,,,,,,,,,,,,,,,,,,,,,,,,,,,,,,,,,,,,,,,,,,,,,,,,,,,,,,,,,,,,,,,,,,,,,,,,,,,,,,,,,,,,Boise Cascade Building Materials (BOICA),TREX,1516891,7/8nx6-16' Millstone Sq Edge - Trex Select 2.0 Decking,7/8nx6-16' Millstone Sq Edge - Trex Select 2.0 Decking for industrial and commercial applications.,7/8nx6-16' Millstone Sq Edge - Trex Select 2.0 Decking Manufactured or supplied by Boise Cascade Building Materials (BOICA).,7/8nx6-16' Millstone Sq Edge - Trex Select 2.0 Decking designed for industrial and commercial use.,Brand: TREX,Manufacturer: Boise Cascade Building Materials (BOICA),Manufacturer Part Number: 1516891,,,,,,,,,,,,,,,,,
1516892,7/8nx6-20' Millstone Sq Edge -Trex Select 2.0 Decking,TREX,,,Boise Cascade Building Materials (BOICA),TREX,0.7,Structured source,[],,,,,,,,,,,,,,,,,,,,,,,,,,,,,,,,,,,,,,,,,,,,,,,,,,,,,,,,,,,,,,,,,,,,,,,,,,,,,,,,,,,,,,,,,,,,,,,,,,,,,,,,,,,,,,,,,,,,,,,,,,,,,,,,,,,,,,,,,,,,,,,,,,,,,,,Boise Cascade Building Materials (BOICA),TREX,1516892,7/8nx6-20' Millstone Sq Edge -Trex Select 2.0 Decking,7/8nx6-20' Millstone Sq Edge -Trex Select 2.0 Decking for industrial and commercial applications.,7/8nx6-20' Millstone Sq Edge -Trex Select 2.0 Decking Manufactured or supplied by Boise Cascade Building Materials (BOICA).,7/8nx6-20' Millstone Sq Edge -Trex Select 2.0 Decking designed for industrial and commercial use.,Brand: TREX,Manufacturer: Boise Cascade Building Materials (BOICA),Manufacturer Part Number: 1516892,,,,,,,,,,,,,,,,,
1516893,7/8nx6-12' Millstone Grooved - Trex Select 2.0 Decking,TREX,,,Boise Cascade Building Materials (BOICA),TREX,0.7,Structured source,[],,,,,,,,,,,,,,,,,,,,,,,,,,,,,,,,,,,,,,,,,,,,,,,,,,,,,,,,,,,,,,,,,,,,,,,,,,,,,,,,,,,,,,,,,,,,,,,,,,,,,,,,,,,,,,,,,,,,,,,,,,,,,,,,,,,,,,,,,,,,,,,,,,,,,,,Boise Cascade Building Materials (BOICA),TREX,1516893,7/8nx6-12' Millstone Grooved - Trex Select 2.0 Decking,7/8nx6-12' Millstone Grooved - Trex Select 2.0 Decking for industrial and commercial applications.,7/8nx6-12' Millstone Grooved - Trex Select 2.0 Decking Manufactured or supplied by Boise Cascade Building Materials (BOICA).,7/8nx6-12' Millstone Grooved - Trex Select 2.0 Decking designed for industrial and commercial use.,Brand: TREX,Manufacturer: Boise Cascade Building Materials (BOICA),Manufacturer Part Number: 1516893,,,,,,,,,,,,,,,,,
1516894,7/8nx6-16' Millstone Grooved - Trex Select 2.0 Decking,TREX,,,Boise Cascade Building Materials (BOICA),TREX,0.7,Structured source,[],,,,,,,,,,,,,,,,,,,,,,,,,,,,,,,,,,,,,,,,,,,,,,,,,,,,,,,,,,,,,,,,,,,,,,,,,,,,,,,,,,,,,,,,,,,,,,,,,,,,,,,,,,,,,,,,,,,,,,,,,,,,,,,,,,,,,,,,,,,,,,,,,,,,,,,Boise Cascade Building Materials (BOICA),TREX,1516894,7/8nx6-16' Millstone Grooved - Trex Select 2.0 Decking,7/8nx6-16' Millstone Grooved - Trex Select 2.0 Decking for industrial and commercial applications.,7/8nx6-16' Millstone Grooved - Trex Select 2.0 Decking Manufactured or supplied by Boise Cascade Building Materials (BOICA).,7/8nx6-16' Millstone Grooved - Trex Select 2.0 Decking designed for industrial and commercial use.,Brand: TREX,Manufacturer: Boise Cascade Building Materials (BOICA),Manufacturer Part Number: 1516894,,,,,,,,,,,,,,,,,
1516895,7/8nx6-20' Millstone Grooved - Trex Select 2.0 Decking,TREX,,,Boise Cascade Building Materials (BOICA),TREX,0.7,Structured source,[],,,,,,,,,,,,,,,,,,,,,,,,,,,,,,,,,,,,,,,,,,,,,,,,,,,,,,,,,,,,,,,,,,,,,,,,,,,,,,,,,,,,,,,,,,,,,,,,,,,,,,,,,,,,,,,,,,,,,,,,,,,,,,,,,,,,,,,,,,,,,,,,,,,,,,,Boise Cascade Building Materials (BOICA),TREX,1516895,7/8nx6-20' Millstone Grooved - Trex Select 2.0 Decking,7/8nx6-20' Millstone Grooved - Trex Select 2.0 Decking for industrial and commercial applications.,7/8nx6-20' Millstone Grooved - Trex Select 2.0 Decking Manufactured or supplied by Boise Cascade Building Materials (BOICA).,7/8nx6-20' Millstone Grooved - Trex Select 2.0 Decking designed for industrial and commercial use.,Brand: TREX,Manufacturer: Boise Cascade Building Materials (BOICA),Manufacturer Part Number: 1516895,,,,,,,,,,,,,,,,,
543007016,7/8nx6-16' Whiskey Barrel Sq Edge - Trex Select 2.0 Decking,TREX,,,Boise Cascade Building Materials (BOICA),TREX,0.7,Structured source,[],,,,,,,,,,,,,,,,,,,,,,,,,,,,,,,,,,,,,,,,,,,,,,,,,,,,,,,,,,,,,,,,,,,,,,,,,,,,,,,,,,,,,,,,,,,,,,,,,,,,,,,,,,,,,,,,,,,,,,,,,,,,,,,,,,,,,,,,,,,,,,,,,,,,,,,Boise Cascade Building Materials (BOICA),TREX,543007016,7/8nx6-16' Whiskey Barrel Sq Edge - Trex Select 2.0 Decking,7/8nx6-16' Whiskey Barrel Sq Edge - Trex Select 2.0 Decking for industrial and commercial applications.,7/8nx6-16' Whiskey Barrel Sq Edge - Trex Select 2.0 Decking Manufactured or supplied by Boise Cascade Building Materials (BOICA).,7/8nx6-16' Whiskey Barrel Sq Edge - Trex Select 2.0 Decking designed for industrial and commercial use.,Brand: TREX,Manufacturer: Boise Cascade Building Materials (BOICA),Manufacturer Part Number: 543007016,,,,,,,,,,,,,,,,,
543007020,7/8nx6-20' Whiskey Barrel Sq Edge - Trex Select 2.0 Decking,TREX,,,Boise Cascade Building Materials (BOICA),TREX,0.7,Structured source,[],,,,,,,,,,,,,,,,,,,,,,,,,,,,,,,,,,,,,,,,,,,,,,,,,,,,,,,,,,,,,,,,,,,,,,,,,,,,,,,,,,,,,,,,,,,,,,,,,,,,,,,,,,,,,,,,,,,,,,,,,,,,,,,,,,,,,,,,,,,,,,,,,,,,,,,Boise Cascade Building Materials (BOICA),TREX,543007020,7/8nx6-20' Whiskey Barrel Sq Edge - Trex Select 2.0 Decking,7/8nx6-20' Whiskey Barrel Sq Edge - Trex Select 2.0 Decking for industrial and commercial applications.,7/8nx6-20' Whiskey Barrel Sq Edge - Trex Select 2.0 Decking Manufactured or supplied by Boise Cascade Building Materials (BOICA).,7/8nx6-20' Whiskey Barrel Sq Edge - Trex Select 2.0 Decking designed for industrial and commercial use.,Brand: TREX,Manufacturer: Boise Cascade Building Materials (BOICA),Manufacturer Part Number: 543007020,,,,,,,,,,,,,,,,,
543007412,7/8nx6-12' Whiskey Barrel Grooved - Trex Select 2.0 Decking,TREX,,,Boise Cascade Building Materials (BOICA),TREX,0.7,Structured source,[],,,,,,,,,,,,,,,,,,,,,,,,,,,,,,,,,,,,,,,,,,,,,,,,,,,,,,,,,,,,,,,,,,,,,,,,,,,,,,,,,,,,,,,,,,,,,,,,,,,,,,,,,,,,,,,,,,,,,,,,,,,,,,,,,,,,,,,,,,,,,,,,,,,,,,,Boise Cascade Building Materials (BOICA),TREX,543007412,7/8nx6-12' Whiskey Barrel Grooved - Trex Select 2.0 Decking,7/8nx6-12' Whiskey Barrel Grooved - Trex Select 2.0 Decking for industrial and commercial applications.,7/8nx6-12' Whiskey Barrel Grooved - Trex Select 2.0 Decking Manufactured or supplied by Boise Cascade Building Materials (BOICA).,7/8nx6-12' Whiskey Barrel Grooved - Trex Select 2.0 Decking designed for industrial and commercial use.,Brand: TREX,Manufacturer: Boise Cascade Building Materials (BOICA),Manufacturer Part Number: 543007412,,,,,,,,,,,,,,,,,
543007416,7/8nx6-16' Whiskey Barrel Grooved - Trex Select 2.0 Decking,TREX,,,Boise Cascade Building Materials (BOICA),TREX,0.7,Structured source,[],,,,,,,,,,,,,,,,,,,,,,,,,,,,,,,,,,,,,,,,,,,,,,,,,,,,,,,,,,,,,,,,,,,,,,,,,,,,,,,,,,,,,,,,,,,,,,,,,,,,,,,,,,,,,,,,,,,,,,,,,,,,,,,,,,,,,,,,,,,,,,,,,,,,,,,Boise Cascade Building Materials (BOICA),TREX,543007416,7/8nx6-16' Whiskey Barrel Grooved - Trex Select 2.0 Decking,7/8nx6-16' Whiskey Barrel Grooved - Trex Select 2.0 Decking for industrial and commercial applications.,7/8nx6-16' Whiskey Barrel Grooved - Trex Select 2.0 Decking Manufactured or supplied by Boise Cascade Building Materials (BOICA).,7/8nx6-16' Whiskey Barrel Grooved - Trex Select 2.0 Decking designed for industrial and commercial use.,Brand: TREX,Manufacturer: Boise Cascade Building Materials (BOICA),Manufacturer Part Number: 543007416,,,,,,,,,,,,,,,,,
543007420,7/8nx6-20' Whiskey Barrel Grooved - Trex Select 2.0 Decking,TREX,,,Boise Cascade Building Materials (BOICA),TREX,0.7,Structured source,[],,,,,,,,,,,,,,,,,,,,,,,,,,,,,,,,,,,,,,,,,,,,,,,,,,,,,,,,,,,,,,,,,,,,,,,,,,,,,,,,,,,,,,,,,,,,,,,,,,,,,,,,,,,,,,,,,,,,,,,,,,,,,,,,,,,,,,,,,,,,,,,,,,,,,,,Boise Cascade Building Materials (BOICA),TREX,543007420,7/8nx6-20' Whiskey Barrel Grooved - Trex Select 2.0 Decking,7/8nx6-20' Whiskey Barrel Grooved - Trex Select 2.0 Decking for industrial and commercial applications.,7/8nx6-20' Whiskey Barrel Grooved - Trex Select 2.0 Decking Manufactured or supplied by Boise Cascade Building Materials (BOICA).,7/8nx6-20' Whiskey Barrel Grooved - Trex Select 2.0 Decking designed for industrial and commercial use.,Brand: TREX,Manufacturer: Boise Cascade Building Materials (BOICA),Manufacturer Part Number: 543007420,,,,,,,,,,,,,,,,,
ADR5117512CS,1x12-12' Coastline - Vintage Azek PVC Fascia,TIMBERTECH,,,Parksite (6151),TIMBERTECH,0.7,Structured source,"[('Dimension', '1 x 12', '')]",Dimension,1 x 12,,,,,,,,,,,,,,,,,,,,,,,,,,,,,,,,,,,,,,,,,,,,,,,,,,,,,,,,,,,,,,,,,,,,,,,,,,,,,,,,,,,,,,,,,,,,,,,,,,,,,,,,,,,,,,,,,,,,,,,,,,,,,,,,,,,,,,,,,,,,,,,,,,,,,Parksite (6151),TIMBERTECH,ADR5117512CS,TIMBERTECH 1x12-12' Coastline - Vintage Azek PVC Fascia,TIMBERTECH 1x12-12' Coastline - Vintage Azek PVC Fascia for industrial and commercial applications.,TIMBERTECH 1x12-12' Coastline - Vintage Azek PVC Fascia Manufactured or supplied by Parksite (6151). Available product information includes Dimension: 1 x 12.,TIMBERTECH 1x12-12' Coastline - Vintage Azek PVC Fascia designed for industrial and commercial use. Key identified specifications include Dimension: 1 x 12.,Brand: TIMBERTECH,Manufacturer: Parksite (6151),Manufacturer Part Number: ADR5117512CS,Dimension: 1 x 12,,,,,,,,,,,,,,,,
ADR5117512MH,1x12-12' Mahogany - Vintage Azek PVC Fascia,TIMBERTECH,,,Parksite (6151),TIMBERTECH,0.7,Structured source,"[('Dimension', '1 x 12', '')]",Dimension,1 x 12,,,,,,,,,,,,,,,,,,,,,,,,,,,,,,,,,,,,,,,,,,,,,,,,,,,,,,,,,,,,,,,,,,,,,,,,,,,,,,,,,,,,,,,,,,,,,,,,,,,,,,,,,,,,,,,,,,,,,,,,,,,,,,,,,,,,,,,,,,,,,,,,,,,,,Parksite (6151),TIMBERTECH,ADR5117512MH,TIMBERTECH 1x12-12' Mahogany - Vintage Azek PVC Fascia,TIMBERTECH 1x12-12' Mahogany - Vintage Azek PVC Fascia for industrial and commercial applications.,TIMBERTECH 1x12-12' Mahogany - Vintage Azek PVC Fascia Manufactured or supplied by Parksite (6151). Available product information includes Dimension: 1 x 12.,TIMBERTECH 1x12-12' Mahogany - Vintage Azek PVC Fascia designed for industrial and commercial use. Key identified specifications include Dimension: 1 x 12.,Brand: TIMBERTECH,Manufacturer: Parksite (6151),Manufacturer Part Number: ADR5117512MH,Dimension: 1 x 12,,,,,,,,,,,,,,,,
ADR5117512WT,1x12-12' Weathered Teak - Vintage Azek PVC Fascia,TIMBERTECH,,,Parksite (6151),TIMBERTECH,0.7,Structured source,"[('Dimension', '1 x 12', '')]",Dimension,1 x 12,,,,,,,,,,,,,,,,,,,,,,,,,,,,,,,,,,,,,,,,,,,,,,,,,,,,,,,,,,,,,,,,,,,,,,,,,,,,,,,,,,,,,,,,,,,,,,,,,,,,,,,,,,,,,,,,,,,,,,,,,,,,,,,,,,,,,,,,,,,,,,,,,,,,,Parksite (6151),TIMBERTECH,ADR5117512WT,TIMBERTECH 1x12-12' Weathered Teak - Vintage Azek PVC Fascia,TIMBERTECH 1x12-12' Weathered Teak - Vintage Azek PVC Fascia for industrial and commercial applications.,TIMBERTECH 1x12-12' Weathered Teak - Vintage Azek PVC Fascia Manufactured or supplied by Parksite (6151). Available product information includes Dimension: 1 x 12.,TIMBERTECH 1x12-12' Weathered Teak - Vintage Azek PVC Fascia designed for industrial and commercial use. Key identified specifications include Dimension: 1 x 12.,Brand: TIMBERTECH,Manufacturer: Parksite (6151),Manufacturer Part Number: ADR5117512WT,Dimension: 1 x 12,,,,,,,,,,,,,,,,
ADR5117512AW,1x12-12' American Walnut - Landmark Azek PVC Fascia,TIMBERTECH,,,Parksite (6151),TIMBERTECH,0.7,Structured source,"[('Dimension', '1 x 12', '')]",Dimension,1 x 12,,,,,,,,,,,,,,,,,,,,,,,,,,,,,,,,,,,,,,,,,,,,,,,,,,,,,,,,,,,,,,,,,,,,,,,,,,,,,,,,,,,,,,,,,,,,,,,,,,,,,,,,,,,,,,,,,,,,,,,,,,,,,,,,,,,,,,,,,,,,,,,,,,,,,Parksite (6151),TIMBERTECH,ADR5117512AW,TIMBERTECH 1x12-12' American Walnut - Landmark Azek PVC Fascia,TIMBERTECH 1x12-12' American Walnut - Landmark Azek PVC Fascia for industrial and commercial applications.,TIMBERTECH 1x12-12' American Walnut - Landmark Azek PVC Fascia Manufactured or supplied by Parksite (6151). Available product information includes Dimension: 1 x 12.,TIMBERTECH 1x12-12' American Walnut - Landmark Azek PVC Fascia designed for industrial and commercial use. Key identified specifications include Dimension: 1 x 12.,Brand: TIMBERTECH,Manufacturer: Parksite (6151),Manufacturer Part Number: ADR5117512AW,Dimension: 1 x 12,,,,,,,,,,,,,,,,
ADR5117512CG,1x12-12' Castle Gate - Landmark Azek PVC Fascia,TIMBERTECH,,,Parksite (6151),TIMBERTECH,0.7,Structured source,"[('Dimension', '1 x 12', '')]",Dimension,1 x 12,,,,,,,,,,,,,,,,,,,,,,,,,,,,,,,,,,,,,,,,,,,,,,,,,,,,,,,,,,,,,,,,,,,,,,,,,,,,,,,,,,,,,,,,,,,,,,,,,,,,,,,,,,,,,,,,,,,,,,,,,,,,,,,,,,,,,,,,,,,,,,,,,,,,,Parksite (6151),TIMBERTECH,ADR5117512CG,TIMBERTECH 1x12-12' Castle Gate - Landmark Azek PVC Fascia,TIMBERTECH 1x12-12' Castle Gate - Landmark Azek PVC Fascia for industrial and commercial applications.,TIMBERTECH 1x12-12' Castle Gate - Landmark Azek PVC Fascia Manufactured or supplied by Parksite (6151). Available product information includes Dimension: 1 x 12.,TIMBERTECH 1x12-12' Castle Gate - Landmark Azek PVC Fascia designed for industrial and commercial use. Key identified specifications include Dimension: 1 x 12.,Brand: TIMBERTECH,Manufacturer: Parksite (6151),Manufacturer Part Number: ADR5117512CG,Dimension: 1 x 12,,,,,,,,,,,,,,,,
ADR5117512FW,1x12-12' French White Oak - Landmark Azek PVC Fascia,TIMBERTECH,,,Parksite (6151),TIMBERTECH,0.7,Structured source,"[('Dimension', '1 x 12', '')]",Dimension,1 x 12,,,,,,,,,,,,,,,,,,,,,,,,,,,,,,,,,,,,,,,,,,,,,,,,,,,,,,,,,,,,,,,,,,,,,,,,,,,,,,,,,,,,,,,,,,,,,,,,,,,,,,,,,,,,,,,,,,,,,,,,,,,,,,,,,,,,,,,,,,,,,,,,,,,,,Parksite (6151),TIMBERTECH,ADR5117512FW,TIMBERTECH 1x12-12' French White Oak - Landmark Azek PVC Fascia,TIMBERTECH 1x12-12' French White Oak - Landmark Azek PVC Fascia for industrial and commercial applications.,TIMBERTECH 1x12-12' French White Oak - Landmark Azek PVC Fascia Manufactured or supplied by Parksite (6151). Available product information includes Dimension: 1 x 12.,TIMBERTECH 1x12-12' French White Oak - Landmark Azek PVC Fascia designed for industrial and commercial use. Key identified specifications include Dimension: 1 x 12.,Brand: TIMBERTECH,Manufacturer: Parksite (6151),Manufacturer Part Number: ADR5117512FW,Dimension: 1 x 12,,,,,,,,,,,,,,,,
1508395,1x8-12' Brownstone - Harvest Azek PVC Fascia,TIMBERTECH,,,Parksite (6151),TIMBERTECH,0.7,Structured source,"[('Dimension', '1 x 8', '')]",Dimension,1 x 8,,,,,,,,,,,,,,,,,,,,,,,,,,,,,,,,,,,,,,,,,,,,,,,,,,,,,,,,,,,,,,,,,,,,,,,,,,,,,,,,,,,,,,,,,,,,,,,,,,,,,,,,,,,,,,,,,,,,,,,,,,,,,,,,,,,,,,,,,,,,,,,,,,,,,Parksite (6151),TIMBERTECH,1508395,TIMBERTECH 1x8-12' Brownstone - Harvest Azek PVC Fascia,TIMBERTECH 1x8-12' Brownstone - Harvest Azek PVC Fascia for industrial and commercial applications.,TIMBERTECH 1x8-12' Brownstone - Harvest Azek PVC Fascia Manufactured or supplied by Parksite (6151). Available product information includes Dimension: 1 x 8.,TIMBERTECH 1x8-12' Brownstone - Harvest Azek PVC Fascia designed for industrial and commercial use. Key identified specifications include Dimension: 1 x 8.,Brand: TIMBERTECH,Manufacturer: Parksite (6151),Manufacturer Part Number: 1508395,Dimension: 1 x 8,,,,,,,,,,,,,,,,
1508396,1x8-12' Slate Gray - Harvest Azek PVC Fascia,TIMBERTECH,,,Parksite (6151),TIMBERTECH,0.7,Structured source,"[('Dimension', '1 x 8', '')]",Dimension,1 x 8,,,,,,,,,,,,,,,,,,,,,,,,,,,,,,,,,,,,,,,,,,,,,,,,,,,,,,,,,,,,,,,,,,,,,,,,,,,,,,,,,,,,,,,,,,,,,,,,,,,,,,,,,,,,,,,,,,,,,,,,,,,,,,,,,,,,,,,,,,,,,,,,,,,,,Parksite (6151),TIMBERTECH,1508396,TIMBERTECH 1x8-12' Slate Gray - Harvest Azek PVC Fascia,TIMBERTECH 1x8-12' Slate Gray - Harvest Azek PVC Fascia for industrial and commercial applications.,TIMBERTECH 1x8-12' Slate Gray - Harvest Azek PVC Fascia Manufactured or supplied by Parksite (6151). Available product information includes Dimension: 1 x 8.,TIMBERTECH 1x8-12' Slate Gray - Harvest Azek PVC Fascia designed for industrial and commercial use. Key identified specifications include Dimension: 1 x 8.,Brand: TIMBERTECH,Manufacturer: Parksite (6151),Manufacturer Part Number: 1508396,Dimension: 1 x 8,,,,,,,,,,,,,,,,
ADCR5117512BS,1x12-12' Brownstone - Harvest Azek PVC Fascia,TIMBERTECH,,,Parksite (6151),TIMBERTECH,0.7,Structured source,"[('Dimension', '1 x 12', '')]",Dimension,1 x 12,,,,,,,,,,,,,,,,,,,,,,,,,,,,,,,,,,,,,,,,,,,,,,,,,,,,,,,,,,,,,,,,,,,,,,,,,,,,,,,,,,,,,,,,,,,,,,,,,,,,,,,,,,,,,,,,,,,,,,,,,,,,,,,,,,,,,,,,,,,,,,,,,,,,,Parksite (6151),TIMBERTECH,ADCR5117512BS,TIMBERTECH 1x12-12' Brownstone - Harvest Azek PVC Fascia,TIMBERTECH 1x12-12' Brownstone - Harvest Azek PVC Fascia for industrial and commercial applications.,TIMBERTECH 1x12-12' Brownstone - Harvest Azek PVC Fascia Manufactured or supplied by Parksite (6151). Available product information includes Dimension: 1 x 12.,TIMBERTECH 1x12-12' Brownstone - Harvest Azek PVC Fascia designed for industrial and commercial use. Key identified specifications include Dimension: 1 x 12.,Brand: TIMBERTECH,Manufacturer: Parksite (6151),Manufacturer Part Number: ADCR5117512BS,Dimension: 1 x 12,,,,,,,,,,,,,,,,
ADCR5117512SG,1x12-12' Slate Gray - Harvest Azek PVC Fascia,TIMBERTECH,,,Parksite (6151),TIMBERTECH,0.7,Structured source,"[('Dimension', '1 x 12', '')]",Dimension,1 x 12,,,,,,,,,,,,,,,,,,,,,,,,,,,,,,,,,,,,,,,,,,,,,,,,,,,,,,,,,,,,,,,,,,,,,,,,,,,,,,,,,,,,,,,,,,,,,,,,,,,,,,,,,,,,,,,,,,,,,,,,,,,,,,,,,,,,,,,,,,,,,,,,,,,,,Parksite (6151),TIMBERTECH,ADCR5117512SG,TIMBERTECH 1x12-12' Slate Gray - Harvest Azek PVC Fascia,TIMBERTECH 1x12-12' Slate Gray - Harvest Azek PVC Fascia for industrial and commercial applications.,TIMBERTECH 1x12-12' Slate Gray - Harvest Azek PVC Fascia Manufactured or supplied by Parksite (6151). Available product information includes Dimension: 1 x 12.,TIMBERTECH 1x12-12' Slate Gray - Harvest Azek PVC Fascia designed for industrial and commercial use. Key identified specifications include Dimension: 1 x 12.,Brand: TIMBERTECH,Manufacturer: Parksite (6151),Manufacturer Part Number: ADCR5117512SG,Dimension: 1 x 12,,,,,,,,,,,,,,,,
543140908,1x8-12' Biscayne - Trex Lineage,TREX,,,U S Lumber (3073),TREX,0.7,Structured source,"[('Dimension', '1 x 8', '')]",Dimension,1 x 8,,,,,,,,,,,,,,,,,,,,,,,,,,,,,,,,,,,,,,,,,,,,,,,,,,,,,,,,,,,,,,,,,,,,,,,,,,,,,,,,,,,,,,,,,,,,,,,,,,,,,,,,,,,,,,,,,,,,,,,,,,,,,,,,,,,,,,,,,,,,,,,,,,,,,U S Lumber (3073),TREX,543140908,1x8-12' Biscayne - Trex Lineage,1x8-12' Biscayne - Trex Lineage for industrial and commercial applications.,1x8-12' Biscayne - Trex Lineage Manufactured or supplied by U S Lumber (3073). Available product information includes Dimension: 1 x 8.,1x8-12' Biscayne - Trex Lineage designed for industrial and commercial use. Key identified specifications include Dimension: 1 x 8.,Brand: TREX,Manufacturer: U S Lumber (3073),Manufacturer Part Number: 543140908,Dimension: 1 x 8,,,,,,,,,,,,,,,,
543142908,1x8-12' Carmel - Trex Lineage,TREX,,,U S Lumber (3073),TREX,0.7,Structured source,"[('Dimension', '1 x 8', '')]",Dimension,1 x 8,,,,,,,,,,,,,,,,,,,,,,,,,,,,,,,,,,,,,,,,,,,,,,,,,,,,,,,,,,,,,,,,,,,,,,,,,,,,,,,,,,,,,,,,,,,,,,,,,,,,,,,,,,,,,,,,,,,,,,,,,,,,,,,,,,,,,,,,,,,,,,,,,,,,,U S Lumber (3073),TREX,543142908,1x8-12' Carmel - Trex Lineage,1x8-12' Carmel - Trex Lineage for industrial and commercial applications.,1x8-12' Carmel - Trex Lineage Manufactured or supplied by U S Lumber (3073). Available product information includes Dimension: 1 x 8.,1x8-12' Carmel - Trex Lineage designed for industrial and commercial use. Key identified specifications include Dimension: 1 x 8.,Brand: TREX,Manufacturer: U S Lumber (3073),Manufacturer Part Number: 543142908,Dimension: 1 x 8,,,,,,,,,,,,,,,,
543143908,1x8-12' Jasper - Trex Lineage,TREX,,,U S Lumber (3073),TREX,0.7,Structured source,"[('Dimension', '1 x 8', '')]",Dimension,1 x 8,,,,,,,,,,,,,,,,,,,,,,,,,,,,,,,,,,,,,,,,,,,,,,,,,,,,,,,,,,,,,,,,,,,,,,,,,,,,,,,,,,,,,,,,,,,,,,,,,,,,,,,,,,,,,,,,,,,,,,,,,,,,,,,,,,,,,,,,,,,,,,,,,,,,,U S Lumber (3073),TREX,543143908,1x8-12' Jasper - Trex Lineage,1x8-12' Jasper - Trex Lineage for industrial and commercial applications.,1x8-12' Jasper - Trex Lineage Manufactured or supplied by U S Lumber (3073). Available product information includes Dimension: 1 x 8.,1x8-12' Jasper - Trex Lineage designed for industrial and commercial use. Key identified specifications include Dimension: 1 x 8.,Brand: TREX,Manufacturer: U S Lumber (3073),Manufacturer Part Number: 543143908,Dimension: 1 x 8,,,,,,,,,,,,,,,,
543140912,1x12-12' Biscayne - Trex Lineage,TREX,,,U S Lumber (3073),TREX,0.7,Structured source,"[('Dimension', '1 x 12', '')]",Dimension,1 x 12,,,,,,,,,,,,,,,,,,,,,,,,,,,,,,,,,,,,,,,,,,,,,,,,,,,,,,,,,,,,,,,,,,,,,,,,,,,,,,,,,,,,,,,,,,,,,,,,,,,,,,,,,,,,,,,,,,,,,,,,,,,,,,,,,,,,,,,,,,,,,,,,,,,,,U S Lumber (3073),TREX,543140912,1x12-12' Biscayne - Trex Lineage,1x12-12' Biscayne - Trex Lineage for industrial and commercial applications.,1x12-12' Biscayne - Trex Lineage Manufactured or supplied by U S Lumber (3073). Available product information includes Dimension: 1 x 12.,1x12-12' Biscayne - Trex Lineage designed for industrial and commercial use. Key identified specifications include Dimension: 1 x 12.,Brand: TREX,Manufacturer: U S Lumber (3073),Manufacturer Part Number: 543140912,Dimension: 1 x 12,,,,,,,,,,,,,,,,
543142912,1x12-12' Carmel - Trex Lineage,TREX,,,U S Lumber (3073),TREX,0.7,Structured source,"[('Dimension', '1 x 12', '')]",Dimension,1 x 12,,,,,,,,,,,,,,,,,,,,,,,,,,,,,,,,,,,,,,,,,,,,,,,,,,,,,,,,,,,,,,,,,,,,,,,,,,,,,,,,,,,,,,,,,,,,,,,,,,,,,,,,,,,,,,,,,,,,,,,,,,,,,,,,,,,,,,,,,,,,,,,,,,,,,U S Lumber (3073),TREX,543142912,1x12-12' Carmel - Trex Lineage,1x12-12' Carmel - Trex Lineage for industrial and commercial applications.,1x12-12' Carmel - Trex Lineage Manufactured or supplied by U S Lumber (3073). Available product information includes Dimension: 1 x 12.,1x12-12' Carmel - Trex Lineage designed for industrial and commercial use. Key identified specifications include Dimension: 1 x 12.,Brand: TREX,Manufacturer: U S Lumber (3073),Manufacturer Part Number: 543142912,Dimension: 1 x 12,,,,,,,,,,,,,,,,
543143912,1x12-12' Jasper - Trex Lineage,TREX,,,U S Lumber (3073),TREX,0.7,Structured source,"[('Dimension', '1 x 12', '')]",Dimension,1 x 12,,,,,,,,,,,,,,,,,,,,,,,,,,,,,,,,,,,,,,,,,,,,,,,,,,,,,,,,,,,,,,,,,,,,,,,,,,,,,,,,,,,,,,,,,,,,,,,,,,,,,,,,,,,,,,,,,,,,,,,,,,,,,,,,,,,,,,,,,,,,,,,,,,,,,U S Lumber (3073),TREX,543143912,1x12-12' Jasper - Trex Lineage,1x12-12' Jasper - Trex Lineage for industrial and commercial applications.,1x12-12' Jasper - Trex Lineage Manufactured or supplied by U S Lumber (3073). Available product information includes Dimension: 1 x 12.,1x12-12' Jasper - Trex Lineage designed for industrial and commercial use. Key identified specifications include Dimension: 1 x 12.,Brand: TREX,Manufacturer: U S Lumber (3073),Manufacturer Part Number: 543143912,Dimension: 1 x 12,,,,,,,,,,,,,,,,
1513715,1x12-12' Hatteras - Trex Lineage,TREX,,,Boise Cascade Building Materials (BOICA),TREX,0.7,Structured source,"[('Dimension', '1 x 12', '')]",Dimension,1 x 12,,,,,,,,,,,,,,,,,,,,,,,,,,,,,,,,,,,,,,,,,,,,,,,,,,,,,,,,,,,,,,,,,,,,,,,,,,,,,,,,,,,,,,,,,,,,,,,,,,,,,,,,,,,,,,,,,,,,,,,,,,,,,,,,,,,,,,,,,,,,,,,,,,,,,Boise Cascade Building Materials (BOICA),TREX,1513715,1x12-12' Hatteras - Trex Lineage,1x12-12' Hatteras - Trex Lineage for industrial and commercial applications.,1x12-12' Hatteras - Trex Lineage Manufactured or supplied by Boise Cascade Building Materials (BOICA). Available product information includes Dimension: 1 x 12.,1x12-12' Hatteras - Trex Lineage designed for industrial and commercial use. Key identified specifications include Dimension: 1 x 12.,Brand: TREX,Manufacturer: Boise Cascade Building Materials (BOICA),Manufacturer Part Number: 1513715,Dimension: 1 x 12,,,,,,,,,,,,,,,,
1513716,1x12-12' Salt Flat - Trex Lineage,TREX,,,Boise Cascade Building Materials (BOICA),TREX,0.7,Structured source,"[('Dimension', '1 x 12', '')]",Dimension,1 x 12,,,,,,,,,,,,,,,,,,,,,,,,,,,,,,,,,,,,,,,,,,,,,,,,,,,,,,,,,,,,,,,,,,,,,,,,,,,,,,,,,,,,,,,,,,,,,,,,,,,,,,,,,,,,,,,,,,,,,,,,,,,,,,,,,,,,,,,,,,,,,,,,,,,,,Boise Cascade Building Materials (BOICA),TREX,1513716,1x12-12' Salt Flat - Trex Lineage,1x12-12' Salt Flat - Trex Lineage for industrial and commercial applications.,1x12-12' Salt Flat - Trex Lineage Manufactured or supplied by Boise Cascade Building Materials (BOICA). Available product information includes Dimension: 1 x 12.,1x12-12' Salt Flat - Trex Lineage designed for industrial and commercial use. Key identified specifications include Dimension: 1 x 12.,Brand: TREX,Manufacturer: Boise Cascade Building Materials (BOICA),Manufacturer Part Number: 1513716,Dimension: 1 x 12,,,,,,,,,,,,,,,,
1513722,1x8-12' Honey Grove - Trex Enhance Naturals Fascia,TREX,,,Boise Cascade Building Materials (BOICA),TREX,0.7,Structured source,"[('Dimension', '1 x 8', '')]",Dimension,1 x 8,,,,,,,,,,,,,,,,,,,,,,,,,,,,,,,,,,,,,,,,,,,,,,,,,,,,,,,,,,,,,,,,,,,,,,,,,,,,,,,,,,,,,,,,,,,,,,,,,,,,,,,,,,,,,,,,,,,,,,,,,,,,,,,,,,,,,,,,,,,,,,,,,,,,,Boise Cascade Building Materials (BOICA),TREX,1513722,1x8-12' Honey Grove - Trex Enhance Naturals Fascia,1x8-12' Honey Grove - Trex Enhance Naturals Fascia for industrial and commercial applications.,1x8-12' Honey Grove - Trex Enhance Naturals Fascia Manufactured or supplied by Boise Cascade Building Materials (BOICA). Available product information includes Dimension: 1 x 8.,1x8-12' Honey Grove - Trex Enhance Naturals Fascia designed for industrial and commercial use. Key identified specifications include Dimension: 1 x 8.,Brand: TREX,Manufacturer: Boise Cascade Building Materials (BOICA),Manufacturer Part Number: 1513722,Dimension: 1 x 8,,,,,,,,,,,,,,,,
1513723,1x12-12' Honey Grove - Trex Enhance Naturals Fascia,TREX,,,Boise Cascade Building Materials (BOICA),TREX,0.7,Structured source,"[('Dimension', '1 x 12', '')]",Dimension,1 x 12,,,,,,,,,,,,,,,,,,,,,,,,,,,,,,,,,,,,,,,,,,,,,,,,,,,,,,,,,,,,,,,,,,,,,,,,,,,,,,,,,,,,,,,,,,,,,,,,,,,,,,,,,,,,,,,,,,,,,,,,,,,,,,,,,,,,,,,,,,,,,,,,,,,,,Boise Cascade Building Materials (BOICA),TREX,1513723,1x12-12' Honey Grove - Trex Enhance Naturals Fascia,1x12-12' Honey Grove - Trex Enhance Naturals Fascia for industrial and commercial applications.,1x12-12' Honey Grove - Trex Enhance Naturals Fascia Manufactured or supplied by Boise Cascade Building Materials (BOICA). Available product information includes Dimension: 1 x 12.,1x12-12' Honey Grove - Trex Enhance Naturals Fascia designed for industrial and commercial use. Key identified specifications include Dimension: 1 x 12.,Brand: TREX,Manufacturer: Boise Cascade Building Materials (BOICA),Manufacturer Part Number: 1513723,Dimension: 1 x 12,,,,,,,,,,,,,,,,
1513729,1x8-12' Tide Pool - Trex Enhance Basics Fascia,TREX,,,Boise Cascade Building Materials (BOICA),TREX,0.7,Structured source,"[('Dimension', '1 x 8', '')]",Dimension,1 x 8,,,,,,,,,,,,,,,,,,,,,,,,,,,,,,,,,,,,,,,,,,,,,,,,,,,,,,,,,,,,,,,,,,,,,,,,,,,,,,,,,,,,,,,,,,,,,,,,,,,,,,,,,,,,,,,,,,,,,,,,,,,,,,,,,,,,,,,,,,,,,,,,,,,,,Boise Cascade Building Materials (BOICA),TREX,1513729,1x8-12' Tide Pool - Trex Enhance Basics Fascia,1x8-12' Tide Pool - Trex Enhance Basics Fascia for industrial and commercial applications.,1x8-12' Tide Pool - Trex Enhance Basics Fascia Manufactured or supplied by Boise Cascade Building Materials (BOICA). Available product information includes Dimension: 1 x 8.,1x8-12' Tide Pool - Trex Enhance Basics Fascia designed for industrial and commercial use. Key identified specifications include Dimension: 1 x 8.,Brand: TREX,Manufacturer: Boise Cascade Building Materials (BOICA),Manufacturer Part Number: 1513729,Dimension: 1 x 8,,,,,,,,,,,,,,,,
1513730,1x12-12' Tide Pool - Trex Enhance Basics Fascia,TREX,,,Boise Cascade Building Materials (BOICA),TREX,0.7,Structured source,"[('Dimension', '1 x 12', '')]",Dimension,1 x 12,,,,,,,,,,,,,,,,,,,,,,,,,,,,,,,,,,,,,,,,,,,,,,,,,,,,,,,,,,,,,,,,,,,,,,,,,,,,,,,,,,,,,,,,,,,,,,,,,,,,,,,,,,,,,,,,,,,,,,,,,,,,,,,,,,,,,,,,,,,,,,,,,,,,,Boise Cascade Building Materials (BOICA),TREX,1513730,1x12-12' Tide Pool - Trex Enhance Basics Fascia,1x12-12' Tide Pool - Trex Enhance Basics Fascia for industrial and commercial applications.,1x12-12' Tide Pool - Trex Enhance Basics Fascia Manufactured or supplied by Boise Cascade Building Materials (BOICA). Available product information includes Dimension: 1 x 12.,1x12-12' Tide Pool - Trex Enhance Basics Fascia designed for industrial and commercial use. Key identified specifications include Dimension: 1 x 12.,Brand: TREX,Manufacturer: Boise Cascade Building Materials (BOICA),Manufacturer Part Number: 1513730,Dimension: 1 x 12,,,,,,,,,,,,,,,,
543076916,1x8-12' Cinnamon Cove - Trex Enhance Naturals Fascia,TREX,,,Boise Cascade Building Materials (BOICA),TREX,0.7,Structured source,"[('Dimension', '1 x 8', '')]",Dimension,1 x 8,,,,,,,,,,,,,,,,,,,,,,,,,,,,,,,,,,,,,,,,,,,,,,,,,,,,,,,,,,,,,,,,,,,,,,,,,,,,,,,,,,,,,,,,,,,,,,,,,,,,,,,,,,,,,,,,,,,,,,,,,,,,,,,,,,,,,,,,,,,,,,,,,,,,,Boise Cascade Building Materials (BOICA),TREX,543076916,1x8-12' Cinnamon Cove - Trex Enhance Naturals Fascia,1x8-12' Cinnamon Cove - Trex Enhance Naturals Fascia for industrial and commercial applications.,1x8-12' Cinnamon Cove - Trex Enhance Naturals Fascia Manufactured or supplied by Boise Cascade Building Materials (BOICA). Available product information includes Dimension: 1 x 8.,1x8-12' Cinnamon Cove - Trex Enhance Naturals Fascia designed for industrial and commercial use. Key identified specifications include Dimension: 1 x 8.,Brand: TREX,Manufacturer: Boise Cascade Building Materials (BOICA),Manufacturer Part Number: 543076916,Dimension: 1 x 8,,,,,,,,,,,,,,,,
1516876,1x8-12' Golden Hour - Trex Enhance Naturals Fascia,TREX,,,Boise Cascade Building Materials (BOICA),TREX,0.7,Structured source,"[('Dimension', '1 x 8', '')]",Dimension,1 x 8,,,,,,,,,,,,,,,,,,,,,,,,,,,,,,,,,,,,,,,,,,,,,,,,,,,,,,,,,,,,,,,,,,,,,,,,,,,,,,,,,,,,,,,,,,,,,,,,,,,,,,,,,,,,,,,,,,,,,,,,,,,,,,,,,,,,,,,,,,,,,,,,,,,,,Boise Cascade Building Materials (BOICA),TREX,1516876,1x8-12' Golden Hour - Trex Enhance Naturals Fascia,1x8-12' Golden Hour - Trex Enhance Naturals Fascia for industrial and commercial applications.,1x8-12' Golden Hour - Trex Enhance Naturals Fascia Manufactured or supplied by Boise Cascade Building Materials (BOICA). Available product information includes Dimension: 1 x 8.,1x8-12' Golden Hour - Trex Enhance Naturals Fascia designed for industrial and commercial use. Key identified specifications include Dimension: 1 x 8.,Brand: TREX,Manufacturer: Boise Cascade Building Materials (BOICA),Manufacturer Part Number: 1516876,Dimension: 1 x 8,,,,,,,,,,,,,,,,
543076936,1x12-12' Cinnamon Cove - Trex Enhance Naturals Fascia,TREX,,,Boise Cascade Building Materials (BOICA),TREX,0.7,Structured source,"[('Dimension', '1 x 12', '')]",Dimension,1 x 12,,,,,,,,,,,,,,,,,,,,,,,,,,,,,,,,,,,,,,,,,,,,,,,,,,,,,,,,,,,,,,,,,,,,,,,,,,,,,,,,,,,,,,,,,,,,,,,,,,,,,,,,,,,,,,,,,,,,,,,,,,,,,,,,,,,,,,,,,,,,,,,,,,,,,Boise Cascade Building Materials (BOICA),TREX,543076936,1x12-12' Cinnamon Cove - Trex Enhance Naturals Fascia,1x12-12' Cinnamon Cove - Trex Enhance Naturals Fascia for industrial and commercial applications.,1x12-12' Cinnamon Cove - Trex Enhance Naturals Fascia Manufactured or supplied by Boise Cascade Building Materials (BOICA). Available product information includes Dimension: 1 x 12.,1x12-12' Cinnamon Cove - Trex Enhance Naturals Fascia designed for industrial and commercial use. Key identified specifications include Dimension: 1 x 12.,Brand: TREX,Manufacturer: Boise Cascade Building Materials (BOICA),Manufacturer Part Number: 543076936,Dimension: 1 x 12,,,,,,,,,,,,,,,,
1516878,1x12-12' Golden Hour - Trex Enhance Naturals Fascia,TREX,,,Boise Cascade Building Materials (BOICA),TREX,0.7,Structured source,"[('Dimension', '1 x 12', '')]",Dimension,1 x 12,,,,,,,,,,,,,,,,,,,,,,,,,,,,,,,,,,,,,,,,,,,,,,,,,,,,,,,,,,,,,,,,,,,,,,,,,,,,,,,,,,,,,,,,,,,,,,,,,,,,,,,,,,,,,,,,,,,,,,,,,,,,,,,,,,,,,,,,,,,,,,,,,,,,,Boise Cascade Building Materials (BOICA),TREX,1516878,1x12-12' Golden Hour - Trex Enhance Naturals Fascia,1x12-12' Golden Hour - Trex Enhance Naturals Fascia for industrial and commercial applications.,1x12-12' Golden Hour - Trex Enhance Naturals Fascia Manufactured or supplied by Boise Cascade Building Materials (BOICA). Available product information includes Dimension: 1 x 12.,1x12-12' Golden Hour - Trex Enhance Naturals Fascia designed for industrial and commercial use. Key identified specifications include Dimension: 1 x 12.,Brand: TREX,Manufacturer: Boise Cascade Building Materials (BOICA),Manufacturer Part Number: 1516878,Dimension: 1 x 12,,,,,,,,,,,,,,,,
1516884,1x8-12' Pebble Beach - Trex Enhance Basics Fascia,TREX,,,Boise Cascade Building Materials (BOICA),TREX,0.7,Structured source,"[('Dimension', '1 x 8', '')]",Dimension,1 x 8,,,,,,,,,,,,,,,,,,,,,,,,,,,,,,,,,,,,,,,,,,,,,,,,,,,,,,,,,,,,,,,,,,,,,,,,,,,,,,,,,,,,,,,,,,,,,,,,,,,,,,,,,,,,,,,,,,,,,,,,,,,,,,,,,,,,,,,,,,,,,,,,,,,,,Boise Cascade Building Materials (BOICA),TREX,1516884,1x8-12' Pebble Beach - Trex Enhance Basics Fascia,1x8-12' Pebble Beach - Trex Enhance Basics Fascia for industrial and commercial applications.,1x8-12' Pebble Beach - Trex Enhance Basics Fascia Manufactured or supplied by Boise Cascade Building Materials (BOICA). Available product information includes Dimension: 1 x 8.,1x8-12' Pebble Beach - Trex Enhance Basics Fascia designed for industrial and commercial use. Key identified specifications include Dimension: 1 x 8.,Brand: TREX,Manufacturer: Boise Cascade Building Materials (BOICA),Manufacturer Part Number: 1516884,Dimension: 1 x 8,,,,,,,,,,,,,,,,
1516885,1x12-12' Pebble Beach - Trex Enhance Basics Fascia,TREX,,,Boise Cascade Building Materials (BOICA),TREX,0.7,Structured source,"[('Dimension', '1 x 12', '')]",Dimension,1 x 12,,,,,,,,,,,,,,,,,,,,,,,,,,,,,,,,,,,,,,,,,,,,,,,,,,,,,,,,,,,,,,,,,,,,,,,,,,,,,,,,,,,,,,,,,,,,,,,,,,,,,,,,,,,,,,,,,,,,,,,,,,,,,,,,,,,,,,,,,,,,,,,,,,,,,Boise Cascade Building Materials (BOICA),TREX,1516885,1x12-12' Pebble Beach - Trex Enhance Basics Fascia,1x12-12' Pebble Beach - Trex Enhance Basics Fascia for industrial and commercial applications.,1x12-12' Pebble Beach - Trex Enhance Basics Fascia Manufactured or supplied by Boise Cascade Building Materials (BOICA). Available product information includes Dimension: 1 x 12.,1x12-12' Pebble Beach - Trex Enhance Basics Fascia designed for industrial and commercial use. Key identified specifications include Dimension: 1 x 12.,Brand: TREX,Manufacturer: Boise Cascade Building Materials (BOICA),Manufacturer Part Number: 1516885,Dimension: 1 x 12,,,,,,,,,,,,,,,,
543005916,1x8-12' Malted Barley - Trex Select 2.0 Fascia,TREX,,,Boise Cascade Building Materials (BOICA),TREX,0.7,Structured source,"[('Dimension', '1 x 8', '')]",Dimension,1 x 8,,,,,,,,,,,,,,,,,,,,,,,,,,,,,,,,,,,,,,,,,,,,,,,,,,,,,,,,,,,,,,,,,,,,,,,,,,,,,,,,,,,,,,,,,,,,,,,,,,,,,,,,,,,,,,,,,,,,,,,,,,,,,,,,,,,,,,,,,,,,,,,,,,,,,Boise Cascade Building Materials (BOICA),TREX,543005916,1x8-12' Malted Barley - Trex Select 2.0 Fascia,1x8-12' Malted Barley - Trex Select 2.0 Fascia for industrial and commercial applications.,1x8-12' Malted Barley - Trex Select 2.0 Fascia Manufactured or supplied by Boise Cascade Building Materials (BOICA). Available product information includes Dimension: 1 x 8.,1x8-12' Malted Barley - Trex Select 2.0 Fascia designed for industrial and commercial use. Key identified specifications include Dimension: 1 x 8.,Brand: TREX,Manufacturer: Boise Cascade Building Materials (BOICA),Manufacturer Part Number: 543005916,Dimension: 1 x 8,,,,,,,,,,,,,,,,
1516902,1x8-12' Millstone - Trex Select 2.0 Fascia,TREX,,,Boise Cascade Building Materials (BOICA),TREX,0.7,Structured source,"[('Dimension', '1 x 8', '')]",Dimension,1 x 8,,,,,,,,,,,,,,,,,,,,,,,,,,,,,,,,,,,,,,,,,,,,,,,,,,,,,,,,,,,,,,,,,,,,,,,,,,,,,,,,,,,,,,,,,,,,,,,,,,,,,,,,,,,,,,,,,,,,,,,,,,,,,,,,,,,,,,,,,,,,,,,,,,,,,Boise Cascade Building Materials (BOICA),TREX,1516902,1x8-12' Millstone - Trex Select 2.0 Fascia,1x8-12' Millstone - Trex Select 2.0 Fascia for industrial and commercial applications.,1x8-12' Millstone - Trex Select 2.0 Fascia Manufactured or supplied by Boise Cascade Building Materials (BOICA). Available product information includes Dimension: 1 x 8.,1x8-12' Millstone - Trex Select 2.0 Fascia designed for industrial and commercial use. Key identified specifications include Dimension: 1 x 8.,Brand: TREX,Manufacturer: Boise Cascade Building Materials (BOICA),Manufacturer Part Number: 1516902,Dimension: 1 x 8,,,,,,,,,,,,,,,,
543007916,1x8-12' Whiskey Barrel - Trex Select 2.0 Fascia,TREX,,,Boise Cascade Building Materials (BOICA),TREX,0.7,Structured source,"[('Dimension', '1 x 8', '')]",Dimension,1 x 8,,,,,,,,,,,,,,,,,,,,,,,,,,,,,,,,,,,,,,,,,,,,,,,,,,,,,,,,,,,,,,,,,,,,,,,,,,,,,,,,,,,,,,,,,,,,,,,,,,,,,,,,,,,,,,,,,,,,,,,,,,,,,,,,,,,,,,,,,,,,,,,,,,,,,Boise Cascade Building Materials (BOICA),TREX,543007916,1x8-12' Whiskey Barrel - Trex Select 2.0 Fascia,1x8-12' Whiskey Barrel - Trex Select 2.0 Fascia for industrial and commercial applications.,1x8-12' Whiskey Barrel - Trex Select 2.0 Fascia Manufactured or supplied by Boise Cascade Building Materials (BOICA). Available product information includes Dimension: 1 x 8.,1x8-12' Whiskey Barrel - Trex Select 2.0 Fascia designed for industrial and commercial use. Key identified specifications include Dimension: 1 x 8.,Brand: TREX,Manufacturer: Boise Cascade Building Materials (BOICA),Manufacturer Part Number: 543007916,Dimension: 1 x 8,,,,,,,,,,,,,,,,
543005936,1x12-12' Malted Barley - Trex Select 2.0 Fascia,TREX,,,Boise Cascade Building Materials (BOICA),TREX,0.7,Structured source,"[('Dimension', '1 x 12', '')]",Dimension,1 x 12,,,,,,,,,,,,,,,,,,,,,,,,,,,,,,,,,,,,,,,,,,,,,,,,,,,,,,,,,,,,,,,,,,,,,,,,,,,,,,,,,,,,,,,,,,,,,,,,,,,,,,,,,,,,,,,,,,,,,,,,,,,,,,,,,,,,,,,,,,,,,,,,,,,,,Boise Cascade Building Materials (BOICA),TREX,543005936,1x12-12' Malted Barley - Trex Select 2.0 Fascia,1x12-12' Malted Barley - Trex Select 2.0 Fascia for industrial and commercial applications.,1x12-12' Malted Barley - Trex Select 2.0 Fascia Manufactured or supplied by Boise Cascade Building Materials (BOICA). Available product information includes Dimension: 1 x 12.,1x12-12' Malted Barley - Trex Select 2.0 Fascia designed for industrial and commercial use. Key identified specifications include Dimension: 1 x 12.,Brand: TREX,Manufacturer: Boise Cascade Building Materials (BOICA),Manufacturer Part Number: 543005936,Dimension: 1 x 12,,,,,,,,,,,,,,,,
1516905,1x12-12' Millstone - Trex Select 2.0 Fascia,TREX,,,Boise Cascade Building Materials (BOICA),TREX,0.7,Structured source,"[('Dimension', '1 x 12', '')]",Dimension,1 x 12,,,,,,,,,,,,,,,,,,,,,,,,,,,,,,,,,,,,,,,,,,,,,,,,,,,,,,,,,,,,,,,,,,,,,,,,,,,,,,,,,,,,,,,,,,,,,,,,,,,,,,,,,,,,,,,,,,,,,,,,,,,,,,,,,,,,,,,,,,,,,,,,,,,,,Boise Cascade Building Materials (BOICA),TREX,1516905,1x12-12' Millstone - Trex Select 2.0 Fascia,1x12-12' Millstone - Trex Select 2.0 Fascia for industrial and commercial applications.,1x12-12' Millstone - Trex Select 2.0 Fascia Manufactured or supplied by Boise Cascade Building Materials (BOICA). Available product information includes Dimension: 1 x 12.,1x12-12' Millstone - Trex Select 2.0 Fascia designed for industrial and commercial use. Key identified specifications include Dimension: 1 x 12.,Brand: TREX,Manufacturer: Boise Cascade Building Materials (BOICA),Manufacturer Part Number: 1516905,Dimension: 1 x 12,,,,,,,,,,,,,,,,
543007936,1x12-12' Whiskey Barrel - Trex Select 2.0 Fascia,TREX,,,Boise Cascade Building Materials (BOICA),TREX,0.7,Structured source,"[('Dimension', '1 x 12', '')]",Dimension,1 x 12,,,,,,,,,,,,,,,,,,,,,,,,,,,,,,,,,,,,,,,,,,,,,,,,,,,,,,,,,,,,,,,,,,,,,,,,,,,,,,,,,,,,,,,,,,,,,,,,,,,,,,,,,,,,,,,,,,,,,,,,,,,,,,,,,,,,,,,,,,,,,,,,,,,,,Boise Cascade Building Materials (BOICA),TREX,543007936,1x12-12' Whiskey Barrel - Trex Select 2.0 Fascia,1x12-12' Whiskey Barrel - Trex Select 2.0 Fascia for industrial and commercial applications.,1x12-12' Whiskey Barrel - Trex Select 2.0 Fascia Manufactured or supplied by Boise Cascade Building Materials (BOICA). Available product information includes Dimension: 1 x 12.,1x12-12' Whiskey Barrel - Trex Select 2.0 Fascia designed for industrial and commercial use. Key identified specifications include Dimension: 1 x 12.,Brand: TREX,Manufacturer: Boise Cascade Building Materials (BOICA),Manufacturer Part Number: 543007936,Dimension: 1 x 12,,,,,,,,,,,,,,,,
543144908,1x8-12' Island Mist - Trex Lineage,TREX,,,U S Lumber (3073),TREX,0.7,Structured source,"[('Dimension', '1 x 8', '')]",Dimension,1 x 8,,,,,,,,,,,,,,,,,,,,,,,,,,,,,,,,,,,,,,,,,,,,,,,,,,,,,,,,,,,,,,,,,,,,,,,,,,,,,,,,,,,,,,,,,,,,,,,,,,,,,,,,,,,,,,,,,,,,,,,,,,,,,,,,,,,,,,,,,,,,,,,,,,,,,U S Lumber (3073),TREX,543144908,1x8-12' Island Mist - Trex Lineage,1x8-12' Island Mist - Trex Lineage for industrial and commercial applications.,1x8-12' Island Mist - Trex Lineage Manufactured or supplied by U S Lumber (3073). Available product information includes Dimension: 1 x 8.,1x8-12' Island Mist - Trex Lineage designed for industrial and commercial use. Key identified specifications include Dimension: 1 x 8.,Brand: TREX,Manufacturer: U S Lumber (3073),Manufacturer Part Number: 543144908,Dimension: 1 x 8,,,,,,,,,,,,,,,,
543141908,1x8-12' Rainier - Trex Lineage,TREX,,,U S Lumber (3073),TREX,0.7,Structured source,"[('Dimension', '1 x 8', '')]",Dimension,1 x 8,,,,,,,,,,,,,,,,,,,,,,,,,,,,,,,,,,,,,,,,,,,,,,,,,,,,,,,,,,,,,,,,,,,,,,,,,,,,,,,,,,,,,,,,,,,,,,,,,,,,,,,,,,,,,,,,,,,,,,,,,,,,,,,,,,,,,,,,,,,,,,,,,,,,,U S Lumber (3073),TREX,543141908,1x8-12' Rainier - Trex Lineage,1x8-12' Rainier - Trex Lineage for industrial and commercial applications.,1x8-12' Rainier - Trex Lineage Manufactured or supplied by U S Lumber (3073). Available product information includes Dimension: 1 x 8.,1x8-12' Rainier - Trex Lineage designed for industrial and commercial use. Key identified specifications include Dimension: 1 x 8.,Brand: TREX,Manufacturer: U S Lumber (3073),Manufacturer Part Number: 543141908,Dimension: 1 x 8,,,,,,,,,,,,,,,,
543144912,1x12-12' Island Mist - Trex Lineage,TREX,,,U S Lumber (3073),TREX,0.7,Structured source,"[('Dimension', '1 x 12', '')]",Dimension,1 x 12,,,,,,,,,,,,,,,,,,,,,,,,,,,,,,,,,,,,,,,,,,,,,,,,,,,,,,,,,,,,,,,,,,,,,,,,,,,,,,,,,,,,,,,,,,,,,,,,,,,,,,,,,,,,,,,,,,,,,,,,,,,,,,,,,,,,,,,,,,,,,,,,,,,,,U S Lumber (3073),TREX,543144912,1x12-12' Island Mist - Trex Lineage,1x12-12' Island Mist - Trex Lineage for industrial and commercial applications.,1x12-12' Island Mist - Trex Lineage Manufactured or supplied by U S Lumber (3073). Available product information includes Dimension: 1 x 12.,1x12-12' Island Mist - Trex Lineage designed for industrial and commercial use. Key identified specifications include Dimension: 1 x 12.,Brand: TREX,Manufacturer: U S Lumber (3073),Manufacturer Part Number: 543144912,Dimension: 1 x 12,,,,,,,,,,,,,,,,
543141912,1x12-12' Rainier - Trex Lineage,TREX,,,U S Lumber (3073),TREX,0.7,Structured source,"[('Dimension', '1 x 12', '')]",Dimension,1 x 12,,,,,,,,,,,,,,,,,,,,,,,,,,,,,,,,,,,,,,,,,,,,,,,,,,,,,,,,,,,,,,,,,,,,,,,,,,,,,,,,,,,,,,,,,,,,,,,,,,,,,,,,,,,,,,,,,,,,,,,,,,,,,,,,,,,,,,,,,,,,,,,,,,,,,U S Lumber (3073),TREX,543141912,1x12-12' Rainier - Trex Lineage,1x12-12' Rainier - Trex Lineage for industrial and commercial applications.,1x12-12' Rainier - Trex Lineage Manufactured or supplied by U S Lumber (3073). Available product information includes Dimension: 1 x 12.,1x12-12' Rainier - Trex Lineage designed for industrial and commercial use. Key identified specifications include Dimension: 1 x 12.,Brand: TREX,Manufacturer: U S Lumber (3073),Manufacturer Part Number: 543141912,Dimension: 1 x 12,,,,,,,,,,,,,,,,
1513713,1x8-12' Hatteras - Trex Lineage,TREX,,,Boise Cascade Building Materials (BOICA),TREX,0.7,Structured source,"[('Dimension', '1 x 8', '')]",Dimension,1 x 8,,,,,,,,,,,,,,,,,,,,,,,,,,,,,,,,,,,,,,,,,,,,,,,,,,,,,,,,,,,,,,,,,,,,,,,,,,,,,,,,,,,,,,,,,,,,,,,,,,,,,,,,,,,,,,,,,,,,,,,,,,,,,,,,,,,,,,,,,,,,,,,,,,,,,Boise Cascade Building Materials (BOICA),TREX,1513713,1x8-12' Hatteras - Trex Lineage,1x8-12' Hatteras - Trex Lineage for industrial and commercial applications.,1x8-12' Hatteras - Trex Lineage Manufactured or supplied by Boise Cascade Building Materials (BOICA). Available product information includes Dimension: 1 x 8.,1x8-12' Hatteras - Trex Lineage designed for industrial and commercial use. Key identified specifications include Dimension: 1 x 8.,Brand: TREX,Manufacturer: Boise Cascade Building Materials (BOICA),Manufacturer Part Number: 1513713,Dimension: 1 x 8,,,,,,,,,,,,,,,,
1513714,1x8-12' Salt Flat - Trex Lineage,TREX,,,Boise Cascade Building Materials (BOICA),TREX,0.7,Structured source,"[('Dimension', '1 x 8', '')]",Dimension,1 x 8,,,,,,,,,,,,,,,,,,,,,,,,,,,,,,,,,,,,,,,,,,,,,,,,,,,,,,,,,,,,,,,,,,,,,,,,,,,,,,,,,,,,,,,,,,,,,,,,,,,,,,,,,,,,,,,,,,,,,,,,,,,,,,,,,,,,,,,,,,,,,,,,,,,,,Boise Cascade Building Materials (BOICA),TREX,1513714,1x8-12' Salt Flat - Trex Lineage,1x8-12' Salt Flat - Trex Lineage for industrial and commercial applications.,1x8-12' Salt Flat - Trex Lineage Manufactured or supplied by Boise Cascade Building Materials (BOICA). Available product information includes Dimension: 1 x 8.,1x8-12' Salt Flat - Trex Lineage designed for industrial and commercial use. Key identified specifications include Dimension: 1 x 8.,Brand: TREX,Manufacturer: Boise Cascade Building Materials (BOICA),Manufacturer Part Number: 1513714,Dimension: 1 x 8,,,,,,,,,,,,,,,,
73012503,4x4 Wh Heritage Post Trim RDI,,,,-,Unknown,0.0,No evidence,"[('Dimension', '4 x 4', '')]",Dimension,4 x 4,,,,,,,,,,,,,,,,,,,,,,,,,,,,,,,,,,,,,,,,,,,,,,,,,,,,,,,,,,,,,,,,,,,,,,,,,,,,,,,,,,,,,,,,,,,,,,,,,,,,,,,,,,,,,,,,,,,,,,,,,,,,,,,,,,,,,,,,,,,,,,,,,,,,,-,Unknown,73012503,4x4 Wh Heritage Post Trim RDI,4x4 Wh Heritage Post Trim RDI for industrial and commercial applications.,4x4 Wh Heritage Post Trim RDI Manufactured or supplied by -. Available product information includes Dimension: 4 x 4.,4x4 Wh Heritage Post Trim RDI designed for industrial and commercial use. Key identified specifications include Dimension: 4 x 4.,Manufacturer: -,Manufacturer Part Number: 73012503,Dimension: 4 x 4,,,,,,,,,,,,,,,,,
73018131,6x6 Wh Elite Post Trim 4pc RDI,,,,-,Unknown,0.0,No evidence,"[('Dimension', '6 x 6', ''), ('Quantity', '4', 'pcs')]",Dimension,6 x 6,,Quantity,4,pcs,,,,,,,,,,,,,,,,,,,,,,,,,,,,,,,,,,,,,,,,,,,,,,,,,,,,,,,,,,,,,,,,,,,,,,,,,,,,,,,,,,,,,,,,,,,,,,,,,,,,,,,,,,,,,,,,,,,,,,,,,,,,,,,,,,,,,,,,,,,,,,,,,-,Unknown,73018131,6x6 Wh Elite Post Trim 4pc RDI,6x6 Wh Elite Post Trim 4pc RDI for industrial and commercial applications.,"6x6 Wh Elite Post Trim 4pc RDI Manufactured or supplied by -. Available product information includes Dimension: 6 x 6, Quantity: 4 pcs.","6x6 Wh Elite Post Trim 4pc RDI designed for industrial and commercial use. Key identified specifications include Dimension: 6 x 6, Quantity: 4 pcs.",Manufacturer: -,Manufacturer Part Number: 73018131,Dimension: 6 x 6,Quantity: 4 pcs,,,,,,,,,,,,,,,,
73018091,4x4 Wh Elite Post Trim RDI,,,,-,Unknown,0.0,No evidence,"[('Dimension', '4 x 4', '')]",Dimension,4 x 4,,,,,,,,,,,,,,,,,,,,,,,,,,,,,,,,,,,,,,,,,,,,,,,,,,,,,,,,,,,,,,,,,,,,,,,,,,,,,,,,,,,,,,,,,,,,,,,,,,,,,,,,,,,,,,,,,,,,,,,,,,,,,,,,,,,,,,,,,,,,,,,,,,,,,-,Unknown,73018091,4x4 Wh Elite Post Trim RDI,4x4 Wh Elite Post Trim RDI for industrial and commercial applications.,4x4 Wh Elite Post Trim RDI Manufactured or supplied by -. Available product information includes Dimension: 4 x 4.,4x4 Wh Elite Post Trim RDI designed for industrial and commercial use. Key identified specifications include Dimension: 4 x 4.,Manufacturer: -,Manufacturer Part Number: 73018091,Dimension: 4 x 4,,,,,,,,,,,,,,,,,
73018066,Clay 6x6 Elite Post Trim RDI - 4pc,,,,-,Unknown,0.0,No evidence,"[('Dimension', '6 x 6', ''), ('Quantity', '4', 'pcs')]",Dimension,6 x 6,,Quantity,4,pcs,,,,,,,,,,,,,,,,,,,,,,,,,,,,,,,,,,,,,,,,,,,,,,,,,,,,,,,,,,,,,,,,,,,,,,,,,,,,,,,,,,,,,,,,,,,,,,,,,,,,,,,,,,,,,,,,,,,,,,,,,,,,,,,,,,,,,,,,,,,,,,,,,-,Unknown,73018066,Clay 6x6 Elite Post Trim RDI - 4pc,Clay 6x6 Elite Post Trim RDI - 4pc for industrial and commercial applications.,"Clay 6x6 Elite Post Trim RDI - 4pc Manufactured or supplied by -. Available product information includes Dimension: 6 x 6, Quantity: 4 pcs.","Clay 6x6 Elite Post Trim RDI - 4pc designed for industrial and commercial use. Key identified specifications include Dimension: 6 x 6, Quantity: 4 pcs.",Manufacturer: -,Manufacturer Part Number: 73018066,Dimension: 6 x 6,Quantity: 4 pcs,,,,,,,,,,,,,,,,
73018076,4x4 Wh Flat Post Cap RDI,,,,-,Unknown,0.0,No evidence,"[('Dimension', '4 x 4', '')]",Dimension,4 x 4,,,,,,,,,,,,,,,,,,,,,,,,,,,,,,,,,,,,,,,,,,,,,,,,,,,,,,,,,,,,,,,,,,,,,,,,,,,,,,,,,,,,,,,,,,,,,,,,,,,,,,,,,,,,,,,,,,,,,,,,,,,,,,,,,,,,,,,,,,,,,,,,,,,,,-,Unknown,73018076,4x4 Wh Flat Post Cap RDI,4x4 Wh Flat Post Cap RDI for industrial and commercial applications.,4x4 Wh Flat Post Cap RDI Manufactured or supplied by -. Available product information includes Dimension: 4 x 4.,4x4 Wh Flat Post Cap RDI designed for industrial and commercial use. Key identified specifications include Dimension: 4 x 4.,Manufacturer: -,Manufacturer Part Number: 73018076,Dimension: 4 x 4,,,,,,,,,,,,,,,,,
61109087,Wh 4x4-39 Blank Post RDI,,,,-,Unknown,0.0,No evidence,"[('Dimension', '4 x 4', '')]",Dimension,4 x 4,,,,,,,,,,,,,,,,,,,,,,,,,,,,,,,,,,,,,,,,,,,,,,,,,,,,,,,,,,,,,,,,,,,,,,,,,,,,,,,,,,,,,,,,,,,,,,,,,,,,,,,,,,,,,,,,,,,,,,,,,,,,,,,,,,,,,,,,,,,,,,,,,,,,,-,Unknown,61109087,Wh 4x4-39 Blank Post RDI,Wh 4x4-39 Blank Post RDI for industrial and commercial applications.,Wh 4x4-39 Blank Post RDI Manufactured or supplied by -. Available product information includes Dimension: 4 x 4.,Wh 4x4-39 Blank Post RDI designed for industrial and commercial use. Key identified specifications include Dimension: 4 x 4.,Manufacturer: -,Manufacturer Part Number: 61109087,Dimension: 4 x 4,,,,,,,,,,,,,,,,,
73018731,Wh 6x6-108 Post Sleeve RDI,,,,-,Unknown,0.0,No evidence,"[('Dimension', '6 x 6', '')]",Dimension,6 x 6,,,,,,,,,,,,,,,,,,,,,,,,,,,,,,,,,,,,,,,,,,,,,,,,,,,,,,,,,,,,,,,,,,,,,,,,,,,,,,,,,,,,,,,,,,,,,,,,,,,,,,,,,,,,,,,,,,,,,,,,,,,,,,,,,,,,,,,,,,,,,,,,,,,,,-,Unknown,73018731,Wh 6x6-108 Post Sleeve RDI,Wh 6x6-108 Post Sleeve RDI for industrial and commercial applications.,Wh 6x6-108 Post Sleeve RDI Manufactured or supplied by -. Available product information includes Dimension: 6 x 6.,Wh 6x6-108 Post Sleeve RDI designed for industrial and commercial use. Key identified specifications include Dimension: 6 x 6.,Manufacturer: -,Manufacturer Part Number: 73018731,Dimension: 6 x 6,,,,,,,,,,,,,,,,,
61109090,Wh 4x4-108 Post Sleeve RDI,,,,-,Unknown,0.0,No evidence,"[('Dimension', '4 x 4', '')]",Dimension,4 x 4,,,,,,,,,,,,,,,,,,,,,,,,,,,,,,,,,,,,,,,,,,,,,,,,,,,,,,,,,,,,,,,,,,,,,,,,,,,,,,,,,,,,,,,,,,,,,,,,,,,,,,,,,,,,,,,,,,,,,,,,,,,,,,,,,,,,,,,,,,,,,,,,,,,,,-,Unknown,61109090,Wh 4x4-108 Post Sleeve RDI,Wh 4x4-108 Post Sleeve RDI for industrial and commercial applications.,Wh 4x4-108 Post Sleeve RDI Manufactured or supplied by -. Available product information includes Dimension: 4 x 4.,Wh 4x4-108 Post Sleeve RDI designed for industrial and commercial use. Key identified specifications include Dimension: 4 x 4.,Manufacturer: -,Manufacturer Part Number: 61109090,Dimension: 4 x 4,,,,,,,,,,,,,,,,,
73053603,Clay 4x4-108 Post Sleeve RDI,,,,-,Unknown,0.0,No evidence,"[('Dimension', '4 x 4', '')]",Dimension,4 x 4,,,,,,,,,,,,,,,,,,,,,,,,,,,,,,,,,,,,,,,,,,,,,,,,,,,,,,,,,,,,,,,,,,,,,,,,,,,,,,,,,,,,,,,,,,,,,,,,,,,,,,,,,,,,,,,,,,,,,,,,,,,,,,,,,,,,,,,,,,,,,,,,,,,,,-,Unknown,73053603,Clay 4x4-108 Post Sleeve RDI,Clay 4x4-108 Post Sleeve RDI for industrial and commercial applications.,Clay 4x4-108 Post Sleeve RDI Manufactured or supplied by -. Available product information includes Dimension: 4 x 4.,Clay 4x4-108 Post Sleeve RDI designed for industrial and commercial use. Key identified specifications include Dimension: 4 x 4.,Manufacturer: -,Manufacturer Part Number: 73053603,Dimension: 4 x 4,,,,,,,,,,,,,,,,,
73053608,Clay 6x6-108 Post Sleeve RDI,,,,-,Unknown,0.0,No evidence,"[('Dimension', '6 x 6', '')]",Dimension,6 x 6,,,,,,,,,,,,,,,,,,,,,,,,,,,,,,,,,,,,,,,,,,,,,,,,,,,,,,,,,,,,,,,,,,,,,,,,,,,,,,,,,,,,,,,,,,,,,,,,,,,,,,,,,,,,,,,,,,,,,,,,,,,,,,,,,,,,,,,,,,,,,,,,,,,,,-,Unknown,73053608,Clay 6x6-108 Post Sleeve RDI,Clay 6x6-108 Post Sleeve RDI for industrial and commercial applications.,Clay 6x6-108 Post Sleeve RDI Manufactured or supplied by -. Available product information includes Dimension: 6 x 6.,Clay 6x6-108 Post Sleeve RDI designed for industrial and commercial use. Key identified specifications include Dimension: 6 x 6.,Manufacturer: -,Manufacturer Part Number: 73053608,Dimension: 6 x 6,,,,,,,,,,,,,,,,,
543340896,"4x4-37"" Black Alum Post Sleeve Select Alum Railing - w/Cap & Skirt",TREX,,,Boise Cascade Building Materials (BOICA),TREX,0.7,Structured source,"[('Dimension', '4 x 4', '')]",Dimension,4 x 4,,,,,,,,,,,,,,,,,,,,,,,,,,,,,,,,,,,,,,,,,,,,,,,,,,,,,,,,,,,,,,,,,,,,,,,,,,,,,,,,,,,,,,,,,,,,,,,,,,,,,,,,,,,,,,,,,,,,,,,,,,,,,,,,,,,,,,,,,,,,,,,,,,,,,Boise Cascade Building Materials (BOICA),TREX,543340896,"TREX 4x4-37"" Black Alum Post Sleeve Select Alum Railing - w/Cap & Skirt","TREX 4x4-37"" Black Alum Post Sleeve Select Alum Railing - w/Cap & Skirt for industrial and commercial applications.","TREX 4x4-37"" Black Alum Post Sleeve Select Alum Railing - w/Cap & Skirt Manufactured or supplied by Boise Cascade Building Materials (BOICA). Available product information includes Dimension: 4 x 4.","TREX 4x4-37"" Black Alum Post Sleeve Select Alum Railing - w/Cap & Skirt designed for industrial and commercial use. Key identified specifications include Dimension: 4 x 4.",Brand: TREX,Manufacturer: Boise Cascade Building Materials (BOICA),Manufacturer Part Number: 543340896,Dimension: 4 x 4,,,,,,,,,,,,,,,,
543340898,"4x4-43"" Black Alum Post Sleeve Select Alum Railing w/Cap & Skirt",TREX,,,Boise Cascade Building Materials (BOICA),TREX,0.7,Structured source,"[('Dimension', '4 x 4', '')]",Dimension,4 x 4,,,,,,,,,,,,,,,,,,,,,,,,,,,,,,,,,,,,,,,,,,,,,,,,,,,,,,,,,,,,,,,,,,,,,,,,,,,,,,,,,,,,,,,,,,,,,,,,,,,,,,,,,,,,,,,,,,,,,,,,,,,,,,,,,,,,,,,,,,,,,,,,,,,,,Boise Cascade Building Materials (BOICA),TREX,543340898,"TREX 4x4-43"" Black Alum Post Sleeve Select Alum Railing w/Cap & Skirt","TREX 4x4-43"" Black Alum Post Sleeve Select Alum Railing w/Cap & Skirt for industrial and commercial applications.","TREX 4x4-43"" Black Alum Post Sleeve Select Alum Railing w/Cap & Skirt Manufactured or supplied by Boise Cascade Building Materials (BOICA). Available product information includes Dimension: 4 x 4.","TREX 4x4-43"" Black Alum Post Sleeve Select Alum Railing w/Cap & Skirt designed for industrial and commercial use. Key identified specifications include Dimension: 4 x 4.",Brand: TREX,Manufacturer: Boise Cascade Building Materials (BOICA),Manufacturer Part Number: 543340898,Dimension: 4 x 4,,,,,,,,,,,,,,,,
73272TBK,6x6-10' Black Alum Deco - Support Post,DSI Westbury,,,Palmer Donavin Mfg Company (PALDO),DSI Westbury,0.7,Structured source,"[('Dimension', '6 x 6', '')]",Dimension,6 x 6,,,,,,,,,,,,,,,,,,,,,,,,,,,,,,,,,,,,,,,,,,,,,,,,,,,,,,,,,,,,,,,,,,,,,,,,,,,,,,,,,,,,,,,,,,,,,,,,,,,,,,,,,,,,,,,,,,,,,,,,,,,,,,,,,,,,,,,,,,,,,,,,,,,,,Palmer Donavin Mfg Company (PALDO),DSI Westbury,73272TBK,DSI Westbury 6x6-10' Black Alum Deco - Support Post,DSI Westbury 6x6-10' Black Alum Deco - Support Post for industrial and commercial applications.,DSI Westbury 6x6-10' Black Alum Deco - Support Post Manufactured or supplied by Palmer Donavin Mfg Company (PALDO). Available product information includes Dimension: 6 x 6.,DSI Westbury 6x6-10' Black Alum Deco - Support Post designed for industrial and commercial use. Key identified specifications include Dimension: 6 x 6.,Brand: DSI Westbury,Manufacturer: Palmer Donavin Mfg Company (PALDO),Manufacturer Part Number: 73272TBK,Dimension: 6 x 6,,,,,,,,,,,,,,,,
543302127,6' Wh Select T-Rail Kit Stair - w/Sq Composite Balusters,TREX,,,U S Lumber (3073),TREX,0.7,Structured source,[],,,,,,,,,,,,,,,,,,,,,,,,,,,,,,,,,,,,,,,,,,,,,,,,,,,,,,,,,,,,,,,,,,,,,,,,,,,,,,,,,,,,,,,,,,,,,,,,,,,,,,,,,,,,,,,,,,,,,,,,,,,,,,,,,,,,,,,,,,,,,,,,,,,,,,,U S Lumber (3073),TREX,543302127,TREX 6' Wh Select T-Rail Kit Stair - w/Sq Composite Balusters,TREX 6' Wh Select T-Rail Kit Stair - w/Sq Composite Balusters for industrial and commercial applications.,TREX 6' Wh Select T-Rail Kit Stair - w/Sq Composite Balusters Manufactured or supplied by U S Lumber (3073).,TREX 6' Wh Select T-Rail Kit Stair - w/Sq Composite Balusters designed for industrial and commercial use.,Brand: TREX,Manufacturer: U S Lumber (3073),Manufacturer Part Number: 543302127,,,,,,,,,,,,,,,,,
543302147,8' Wh Select T-Rail Kit Stair - w/Sq Composite Balusters,TREX,,,U S Lumber (3073),TREX,0.7,Structured source,[],,,,,,,,,,,,,,,,,,,,,,,,,,,,,,,,,,,,,,,,,,,,,,,,,,,,,,,,,,,,,,,,,,,,,,,,,,,,,,,,,,,,,,,,,,,,,,,,,,,,,,,,,,,,,,,,,,,,,,,,,,,,,,,,,,,,,,,,,,,,,,,,,,,,,,,U S Lumber (3073),TREX,543302147,TREX 8' Wh Select T-Rail Kit Stair - w/Sq Composite Balusters,TREX 8' Wh Select T-Rail Kit Stair - w/Sq Composite Balusters for industrial and commercial applications.,TREX 8' Wh Select T-Rail Kit Stair - w/Sq Composite Balusters Manufactured or supplied by U S Lumber (3073).,TREX 8' Wh Select T-Rail Kit Stair - w/Sq Composite Balusters designed for industrial and commercial use.,Brand: TREX,Manufacturer: U S Lumber (3073),Manufacturer Part Number: 543302147,,,,,,,,,,,,,,,,,
73019599,Finyline Wh 6' Str Rail Kit Sq,,,,-,Unknown,0.0,No evidence,[],,,,,,,,,,,,,,,,,,,,,,,,,,,,,,,,,,,,,,,,,,,,,,,,,,,,,,,,,,,,,,,,,,,,,,,,,,,,,,,,,,,,,,,,,,,,,,,,,,,,,,,,,,,,,,,,,,,,,,,,,,,,,,,,,,,,,,,,,,,,,,,,,,,,,,,-,Unknown,73019599,Finyline Wh 6' Str Rail Kit Sq,Finyline Wh 6' Str Rail Kit Sq for industrial and commercial applications.,Finyline Wh 6' Str Rail Kit Sq Manufactured or supplied by -.,Finyline Wh 6' Str Rail Kit Sq designed for industrial and commercial use.,Manufacturer: -,Manufacturer Part Number: 73019599,,,,,,,,,,,,,,,,,,
73019648,Finyline Wh 8' Str Rail Kit Sq,,,,-,Unknown,0.0,No evidence,[],,,,,,,,,,,,,,,,,,,,,,,,,,,,,,,,,,,,,,,,,,,,,,,,,,,,,,,,,,,,,,,,,,,,,,,,,,,,,,,,,,,,,,,,,,,,,,,,,,,,,,,,,,,,,,,,,,,,,,,,,,,,,,,,,,,,,,,,,,,,,,,,,,,,,,,-,Unknown,73019648,Finyline Wh 8' Str Rail Kit Sq,Finyline Wh 8' Str Rail Kit Sq for industrial and commercial applications.,Finyline Wh 8' Str Rail Kit Sq Manufactured or supplied by -.,Finyline Wh 8' Str Rail Kit Sq designed for industrial and commercial use.,Manufacturer: -,Manufacturer Part Number: 73019648,,,,,,,,,,,,,,,,,,
73019598,Finyline Wh 6' Str Rail Kit Rd - w/Black Alum Balusters,,,,-,Unknown,0.0,No evidence,[],,,,,,,,,,,,,,,,,,,,,,,,,,,,,,,,,,,,,,,,,,,,,,,,,,,,,,,,,,,,,,,,,,,,,,,,,,,,,,,,,,,,,,,,,,,,,,,,,,,,,,,,,,,,,,,,,,,,,,,,,,,,,,,,,,,,,,,,,,,,,,,,,,,,,,,-,Unknown,73019598,Finyline Wh 6' Str Rail Kit Rd - w/Black Alum Balusters,Finyline Wh 6' Str Rail Kit Rd - w/Black Alum Balusters for industrial and commercial applications.,Finyline Wh 6' Str Rail Kit Rd - w/Black Alum Balusters Manufactured or supplied by -.,Finyline Wh 6' Str Rail Kit Rd - w/Black Alum Balusters designed for industrial and commercial use.,Manufacturer: -,Manufacturer Part Number: 73019598,,,,,,,,,,,,,,,,,,
73019647,Finyline Wh 8' Str Rail Kit Rd - w/Black Alum Balusters,,,,-,Unknown,0.0,No evidence,[],,,,,,,,,,,,,,,,,,,,,,,,,,,,,,,,,,,,,,,,,,,,,,,,,,,,,,,,,,,,,,,,,,,,,,,,,,,,,,,,,,,,,,,,,,,,,,,,,,,,,,,,,,,,,,,,,,,,,,,,,,,,,,,,,,,,,,,,,,,,,,,,,,,,,,,-,Unknown,73019647,Finyline Wh 8' Str Rail Kit Rd - w/Black Alum Balusters,Finyline Wh 8' Str Rail Kit Rd - w/Black Alum Balusters for industrial and commercial applications.,Finyline Wh 8' Str Rail Kit Rd - w/Black Alum Balusters Manufactured or supplied by -.,Finyline Wh 8' Str Rail Kit Rd - w/Black Alum Balusters designed for industrial and commercial use.,Manufacturer: -,Manufacturer Part Number: 73019647,,,,,,,,,,,,,,,,,,
543300257,6' Black Select Classic Stair - Rail w/Rnd Black Alum Baluster,TREX,,,Boise Cascade Building Materials (BOICA),TREX,0.7,Structured source,[],,,,,,,,,,,,,,,,,,,,,,,,,,,,,,,,,,,,,,,,,,,,,,,,,,,,,,,,,,,,,,,,,,,,,,,,,,,,,,,,,,,,,,,,,,,,,,,,,,,,,,,,,,,,,,,,,,,,,,,,,,,,,,,,,,,,,,,,,,,,,,,,,,,,,,,Boise Cascade Building Materials (BOICA),TREX,543300257,TREX 6' Black Select Classic Stair - Rail w/Rnd Black Alum Baluster,TREX 6' Black Select Classic Stair - Rail w/Rnd Black Alum Baluster for industrial and commercial applications.,TREX 6' Black Select Classic Stair - Rail w/Rnd Black Alum Baluster Manufactured or supplied by Boise Cascade Building Materials (BOICA).,TREX 6' Black Select Classic Stair - Rail w/Rnd Black Alum Baluster designed for industrial and commercial use.,Brand: TREX,Manufacturer: Boise Cascade Building Materials (BOICA),Manufacturer Part Number: 543300257,,,,,,,,,,,,,,,,,
543300277,8' Black Select Classic Stair - Rail w/Rnd Black Alum Baluster,TREX,,,Boise Cascade Building Materials (BOICA),TREX,0.7,Structured source,[],,,,,,,,,,,,,,,,,,,,,,,,,,,,,,,,,,,,,,,,,,,,,,,,,,,,,,,,,,,,,,,,,,,,,,,,,,,,,,,,,,,,,,,,,,,,,,,,,,,,,,,,,,,,,,,,,,,,,,,,,,,,,,,,,,,,,,,,,,,,,,,,,,,,,,,Boise Cascade Building Materials (BOICA),TREX,543300277,TREX 8' Black Select Classic Stair - Rail w/Rnd Black Alum Baluster,TREX 8' Black Select Classic Stair - Rail w/Rnd Black Alum Baluster for industrial and commercial applications.,TREX 8' Black Select Classic Stair - Rail w/Rnd Black Alum Baluster Manufactured or supplied by Boise Cascade Building Materials (BOICA).,TREX 8' Black Select Classic Stair - Rail w/Rnd Black Alum Baluster designed for industrial and commercial use.,Brand: TREX,Manufacturer: Boise Cascade Building Materials (BOICA),Manufacturer Part Number: 543300277,,,,,,,,,,,,,,,,,
SPB-44BPL,"Patriot 4""x4""x37""/43"" Adjustable Self Leveling Support Post",,,,-,Unknown,0.0,No evidence,"[('Size', '4', 'in')]",Size,4,in,,,,,,,,,,,,,,,,,,,,,,,,,,,,,,,,,,,,,,,,,,,,,,,,,,,,,,,,,,,,,,,,,,,,,,,,,,,,,,,,,,,,,,,,,,,,,,,,,,,,,,,,,,,,,,,,,,,,,,,,,,,,,,,,,,,,,,,,,,,,,,,,,,,,-,Unknown,SPB-44BPL,"Patriot 4""x4""x37""/43"" Adjustable Self Leveling Support Post","Patriot 4""x4""x37""/43"" Adjustable Self Leveling Support Post for industrial and commercial applications.","Patriot 4""x4""x37""/43"" Adjustable Self Leveling Support Post Manufactured or supplied by -. Available product information includes Size: 4 in.","Patriot 4""x4""x37""/43"" Adjustable Self Leveling Support Post designed for industrial and commercial use. Key identified specifications include Size: 4 in.",Manufacturer: -,Manufacturer Part Number: SPB-44BPL,Size: 4 in,,,,,,,,,,,,,,,,,
925219,"2""x50' Deck Joist Tape - Protecto Wrap",,,,Palmer Donavin Mfg Company (PALDO),Unknown,0.0,No evidence,"[('Size', '2', 'in')]",Size,2,in,,,,,,,,,,,,,,,,,,,,,,,,,,,,,,,,,,,,,,,,,,,,,,,,,,,,,,,,,,,,,,,,,,,,,,,,,,,,,,,,,,,,,,,,,,,,,,,,,,,,,,,,,,,,,,,,,,,,,,,,,,,,,,,,,,,,,,,,,,,,,,,,,,,,Palmer Donavin Mfg Company (PALDO),Unknown,925219,"2""x50' Deck Joist Tape - Protecto Wrap","2""x50' Deck Joist Tape - Protecto Wrap for industrial and commercial applications.","2""x50' Deck Joist Tape - Protecto Wrap Manufactured or supplied by Palmer Donavin Mfg Company (PALDO). Available product information includes Size: 2 in.","2""x50' Deck Joist Tape - Protecto Wrap designed for industrial and commercial use. Key identified specifications include Size: 2 in.",Manufacturer: Palmer Donavin Mfg Company (PALDO),Manufacturer Part Number: 925219,Size: 2 in,,,,,,,,,,,,,,,,,
27233,24x48 WH Attic Access Door,AJM,,,A J Manufacturing Inc (AJMAN),AJM,0.7,Structured source,"[('Dimension', '24 x 48', '')]",Dimension,24 x 48,,,,,,,,,,,,,,,,,,,,,,,,,,,,,,,,,,,,,,,,,,,,,,,,,,,,,,,,,,,,,,,,,,,,,,,,,,,,,,,,,,,,,,,,,,,,,,,,,,,,,,,,,,,,,,,,,,,,,,,,,,,,,,,,,,,,,,,,,,,,,,,,,,,,,A J Manufacturing Inc (AJMAN),AJM,27233,AJM 24x48 WH Attic Access Door,AJM 24x48 WH Attic Access Door for industrial and commercial applications.,AJM 24x48 WH Attic Access Door Manufactured or supplied by A J Manufacturing Inc (AJMAN). Available product information includes Dimension: 24 x 48.,AJM 24x48 WH Attic Access Door designed for industrial and commercial use. Key identified specifications include Dimension: 24 x 48.,Brand: AJM,Manufacturer: A J Manufacturing Inc (AJMAN),Manufacturer Part Number: 27233,Dimension: 24 x 48,,,,,,,,,,,,,,,,
1517602,6068R Gliding Patio Dr 4500 United Blk Ext/WH Int LowE Arg w/J,United Window & Door,,,United Window & Door Manufacturing (UNIWI),United Window & Door,0.7,Structured source,[],,,,,,,,,,,,,,,,,,,,,,,,,,,,,,,,,,,,,,,,,,,,,,,,,,,,,,,,,,,,,,,,,,,,,,,,,,,,,,,,,,,,,,,,,,,,,,,,,,,,,,,,,,,,,,,,,,,,,,,,,,,,,,,,,,,,,,,,,,,,,,,,,,,,,,,United Window & Door Manufacturing (UNIWI),United Window & Door,1517602,United Window & Door 6068R Gliding Patio Dr 4500 United Blk Ext/WH Int LowE Arg w/J,United Window & Door 6068R Gliding Patio Dr 4500 United Blk Ext/WH Int LowE Arg w/J for industrial and commercial applications.,United Window & Door 6068R Gliding Patio Dr 4500 United Blk Ext/WH Int LowE Arg w/J Manufactured or supplied by United Window & Door Manufacturing (UNIWI).,United Window & Door 6068R Gliding Patio Dr 4500 United Blk Ext/WH Int LowE Arg w/J designed for industrial and commercial use.,Brand: United Window & Door,Manufacturer: United Window & Door Manufacturing (UNIWI),Manufacturer Part Number: 1517602,,,,,,,,,,,,,,,,,
1517603,6068L Gliding Patio Dr 4500 United Blk Ext/WH Int LowE Arg w/J,United Window & Door,,,United Window & Door Manufacturing (UNIWI),United Window & Door,0.7,Structured source,[],,,,,,,,,,,,,,,,,,,,,,,,,,,,,,,,,,,,,,,,,,,,,,,,,,,,,,,,,,,,,,,,,,,,,,,,,,,,,,,,,,,,,,,,,,,,,,,,,,,,,,,,,,,,,,,,,,,,,,,,,,,,,,,,,,,,,,,,,,,,,,,,,,,,,,,United Window & Door Manufacturing (UNIWI),United Window & Door,1517603,United Window & Door 6068L Gliding Patio Dr 4500 United Blk Ext/WH Int LowE Arg w/J,United Window & Door 6068L Gliding Patio Dr 4500 United Blk Ext/WH Int LowE Arg w/J for industrial and commercial applications.,United Window & Door 6068L Gliding Patio Dr 4500 United Blk Ext/WH Int LowE Arg w/J Manufactured or supplied by United Window & Door Manufacturing (UNIWI).,United Window & Door 6068L Gliding Patio Dr 4500 United Blk Ext/WH Int LowE Arg w/J designed for industrial and commercial use.,Brand: United Window & Door,Manufacturer: United Window & Door Manufacturing (UNIWI),Manufacturer Part Number: 1517603,,,,,,,,,,,,,,,,,
1517604,6068L Gliding Patio Dr 4500 United White LowE Arg w/J,United Window & Door,,,United Window & Door Manufacturing (UNIWI),United Window & Door,0.7,Structured source,[],,,,,,,,,,,,,,,,,,,,,,,,,,,,,,,,,,,,,,,,,,,,,,,,,,,,,,,,,,,,,,,,,,,,,,,,,,,,,,,,,,,,,,,,,,,,,,,,,,,,,,,,,,,,,,,,,,,,,,,,,,,,,,,,,,,,,,,,,,,,,,,,,,,,,,,United Window & Door Manufacturing (UNIWI),United Window & Door,1517604,United Window & Door 6068L Gliding Patio Dr 4500 United White LowE Arg w/J,United Window & Door 6068L Gliding Patio Dr 4500 United White LowE Arg w/J for industrial and commercial applications.,United Window & Door 6068L Gliding Patio Dr 4500 United White LowE Arg w/J Manufactured or supplied by United Window & Door Manufacturing (UNIWI).,United Window & Door 6068L Gliding Patio Dr 4500 United White LowE Arg w/J designed for industrial and commercial use.,Brand: United Window & Door,Manufacturer: United Window & Door Manufacturing (UNIWI),Manufacturer Part Number: 1517604,,,,,,,,,,,,,,,,,
1517605,6068R Gliding Patio Dr 4500 United White LowE Arg w/J,United Window & Door,,,United Window & Door Manufacturing (UNIWI),United Window & Door,0.7,Structured source,[],,,,,,,,,,,,,,,,,,,,,,,,,,,,,,,,,,,,,,,,,,,,,,,,,,,,,,,,,,,,,,,,,,,,,,,,,,,,,,,,,,,,,,,,,,,,,,,,,,,,,,,,,,,,,,,,,,,,,,,,,,,,,,,,,,,,,,,,,,,,,,,,,,,,,,,United Window & Door Manufacturing (UNIWI),United Window & Door,1517605,United Window & Door 6068R Gliding Patio Dr 4500 United White LowE Arg w/J,United Window & Door 6068R Gliding Patio Dr 4500 United White LowE Arg w/J for industrial and commercial applications.,United Window & Door 6068R Gliding Patio Dr 4500 United White LowE Arg w/J Manufactured or supplied by United Window & Door Manufacturing (UNIWI).,United Window & Door 6068R Gliding Patio Dr 4500 United White LowE Arg w/J designed for industrial and commercial use.,Brand: United Window & Door,Manufacturer: United Window & Door Manufacturing (UNIWI),Manufacturer Part Number: 1517605,,,,,,,,,,,,,,,,,
FS C01 2004S,"FS C01 Velux Fxd Skylt Gry/Wh - w/Solar Shade RO 21""x26-7/8""",,,,Velux America Inc (VELAM),Unknown,0.0,No evidence,"[('Size', '26-7/8', 'in'), ('Size', '21', 'in')]",Size,26-7/8,in,Size,21,in,,,,,,,,,,,,,,,,,,,,,,,,,,,,,,,,,,,,,,,,,,,,,,,,,,,,,,,,,,,,,,,,,,,,,,,,,,,,,,,,,,,,,,,,,,,,,,,,,,,,,,,,,,,,,,,,,,,,,,,,,,,,,,,,,,,,,,,,,,,,,,,,,Velux America Inc (VELAM),Unknown,FS C01 2004S,"FS C01 Velux Fxd Skylt Gry/Wh - w/Solar Shade RO 21""x26-7/8""","FS C01 Velux Fxd Skylt Gry/Wh - w/Solar Shade RO 21""x26-7/8"" for industrial and commercial applications.","FS C01 Velux Fxd Skylt Gry/Wh - w/Solar Shade RO 21""x26-7/8"" Manufactured or supplied by Velux America Inc (VELAM). Available product information includes Size: 26-7/8 in, Size: 21 in.","FS C01 Velux Fxd Skylt Gry/Wh - w/Solar Shade RO 21""x26-7/8"" designed for industrial and commercial use. Key identified specifications include Size: 26-7/8 in, Size: 21 in.",Manufacturer: Velux America Inc (VELAM),Manufacturer Part Number: FS C01 2004S,Size: 26-7/8 in,Size: 21 in,,,,,,,,,,,,,,,,
FS C04 2004S,"FS C04 Velux Fxd Skylt Gry/Wh - w/Solar Shade RO 21""x37-7/8""",,,,Velux America Inc (VELAM),Unknown,0.0,No evidence,"[('Size', '37-7/8', 'in'), ('Size', '21', 'in')]",Size,37-7/8,in,Size,21,in,,,,,,,,,,,,,,,,,,,,,,,,,,,,,,,,,,,,,,,,,,,,,,,,,,,,,,,,,,,,,,,,,,,,,,,,,,,,,,,,,,,,,,,,,,,,,,,,,,,,,,,,,,,,,,,,,,,,,,,,,,,,,,,,,,,,,,,,,,,,,,,,,Velux America Inc (VELAM),Unknown,FS C04 2004S,"FS C04 Velux Fxd Skylt Gry/Wh - w/Solar Shade RO 21""x37-7/8""","FS C04 Velux Fxd Skylt Gry/Wh - w/Solar Shade RO 21""x37-7/8"" for industrial and commercial applications.","FS C04 Velux Fxd Skylt Gry/Wh - w/Solar Shade RO 21""x37-7/8"" Manufactured or supplied by Velux America Inc (VELAM). Available product information includes Size: 37-7/8 in, Size: 21 in.","FS C04 Velux Fxd Skylt Gry/Wh - w/Solar Shade RO 21""x37-7/8"" designed for industrial and commercial use. Key identified specifications include Size: 37-7/8 in, Size: 21 in.",Manufacturer: Velux America Inc (VELAM),Manufacturer Part Number: FS C04 2004S,Size: 37-7/8 in,Size: 21 in,,,,,,,,,,,,,,,,
FS C06 2004S,"FS C06 Velux Fxd Skylt Gry/Wh - w/Solar Shade RO 21""x45-7/8""",,,,Velux America Inc (VELAM),Unknown,0.0,No evidence,"[('Size', '45-7/8', 'in'), ('Size', '21', 'in')]",Size,45-7/8,in,Size,21,in,,,,,,,,,,,,,,,,,,,,,,,,,,,,,,,,,,,,,,,,,,,,,,,,,,,,,,,,,,,,,,,,,,,,,,,,,,,,,,,,,,,,,,,,,,,,,,,,,,,,,,,,,,,,,,,,,,,,,,,,,,,,,,,,,,,,,,,,,,,,,,,,,Velux America Inc (VELAM),Unknown,FS C06 2004S,"FS C06 Velux Fxd Skylt Gry/Wh - w/Solar Shade RO 21""x45-7/8""","FS C06 Velux Fxd Skylt Gry/Wh - w/Solar Shade RO 21""x45-7/8"" for industrial and commercial applications.","FS C06 Velux Fxd Skylt Gry/Wh - w/Solar Shade RO 21""x45-7/8"" Manufactured or supplied by Velux America Inc (VELAM). Available product information includes Size: 45-7/8 in, Size: 21 in.","FS C06 Velux Fxd Skylt Gry/Wh - w/Solar Shade RO 21""x45-7/8"" designed for industrial and commercial use. Key identified specifications include Size: 45-7/8 in, Size: 21 in.",Manufacturer: Velux America Inc (VELAM),Manufacturer Part Number: FS C06 2004S,Size: 45-7/8 in,Size: 21 in,,,,,,,,,,,,,,,,
1501831,31.5x14.75 Bsmt ecoLitePlus WH - Hopper DLA w/Screen,PROVIA,,,ProVia (PRODO),PROVIA,0.7,Structured source,"[('Dimension', '31.5 x 14.75', '')]",Dimension,31.5 x 14.75,,,,,,,,,,,,,,,,,,,,,,,,,,,,,,,,,,,,,,,,,,,,,,,,,,,,,,,,,,,,,,,,,,,,,,,,,,,,,,,,,,,,,,,,,,,,,,,,,,,,,,,,,,,,,,,,,,,,,,,,,,,,,,,,,,,,,,,,,,,,,,,,,,,,,ProVia (PRODO),PROVIA,1501831,PROVIA 31.5x14.75 Bsmt ecoLitePlus WH - Hopper DLA w/Screen,PROVIA 31.5x14.75 Bsmt ecoLitePlus WH - Hopper DLA w/Screen for industrial and commercial applications.,PROVIA 31.5x14.75 Bsmt ecoLitePlus WH - Hopper DLA w/Screen Manufactured or supplied by ProVia (PRODO). Available product information includes Dimension: 31.5 x 14.75.,PROVIA 31.5x14.75 Bsmt ecoLitePlus WH - Hopper DLA w/Screen designed for industrial and commercial use. Key identified specifications include Dimension: 31.5 x 14.75.,Brand: PROVIA,Manufacturer: ProVia (PRODO),Manufacturer Part Number: 1501831,Dimension: 31.5 x 14.75,,,,,,,,,,,,,,,,
1501832,31.5x22.75 Bsmt ecoLitePlus WH - Hopper DLA w/Screen,PROVIA,,,ProVia (PRODO),PROVIA,0.7,Structured source,"[('Dimension', '31.5 x 22.75', '')]",Dimension,31.5 x 22.75,,,,,,,,,,,,,,,,,,,,,,,,,,,,,,,,,,,,,,,,,,,,,,,,,,,,,,,,,,,,,,,,,,,,,,,,,,,,,,,,,,,,,,,,,,,,,,,,,,,,,,,,,,,,,,,,,,,,,,,,,,,,,,,,,,,,,,,,,,,,,,,,,,,,,ProVia (PRODO),PROVIA,1501832,PROVIA 31.5x22.75 Bsmt ecoLitePlus WH - Hopper DLA w/Screen,PROVIA 31.5x22.75 Bsmt ecoLitePlus WH - Hopper DLA w/Screen for industrial and commercial applications.,PROVIA 31.5x22.75 Bsmt ecoLitePlus WH - Hopper DLA w/Screen Manufactured or supplied by ProVia (PRODO). Available product information includes Dimension: 31.5 x 22.75.,PROVIA 31.5x22.75 Bsmt ecoLitePlus WH - Hopper DLA w/Screen designed for industrial and commercial use. Key identified specifications include Dimension: 31.5 x 22.75.,Brand: PROVIA,Manufacturer: ProVia (PRODO),Manufacturer Part Number: 1501832,Dimension: 31.5 x 22.75,,,,,,,,,,,,,,,,
1515974,3030 Slider 3900 United Black WH Int LowE-2 w/Half Scrn w/J,United Window & Door,,,-,United Window & Door,0.7,Structured source,[],,,,,,,,,,,,,,,,,,,,,,,,,,,,,,,,,,,,,,,,,,,,,,,,,,,,,,,,,,,,,,,,,,,,,,,,,,,,,,,,,,,,,,,,,,,,,,,,,,,,,,,,,,,,,,,,,,,,,,,,,,,,,,,,,,,,,,,,,,,,,,,,,,,,,,,-,United Window & Door,1515974,United Window & Door 3030 Slider 3900 United Black WH Int LowE-2 w/Half Scrn w/J,United Window & Door 3030 Slider 3900 United Black WH Int LowE-2 w/Half Scrn w/J for industrial and commercial applications.,United Window & Door 3030 Slider 3900 United Black WH Int LowE-2 w/Half Scrn w/J Manufactured or supplied by -.,United Window & Door 3030 Slider 3900 United Black WH Int LowE-2 w/Half Scrn w/J designed for industrial and commercial use.,Brand: United Window & Door,Manufacturer: -,Manufacturer Part Number: 1515974,,,,,,,,,,,,,,,,,
640383,"1/2"" 54""x10 Drywall Easi-Lite",,,,Certainteed Gypsum (2765),Unknown,0.0,No evidence,"[('Size', '1/2', 'in'), ('Size', '54', 'in')]",Size,1/2,in,Size,54,in,,,,,,,,,,,,,,,,,,,,,,,,,,,,,,,,,,,,,,,,,,,,,,,,,,,,,,,,,,,,,,,,,,,,,,,,,,,,,,,,,,,,,,,,,,,,,,,,,,,,,,,,,,,,,,,,,,,,,,,,,,,,,,,,,,,,,,,,,,,,,,,,,Certainteed Gypsum (2765),Unknown,640383,"1/2"" 54""x10 Drywall Easi-Lite","1/2"" 54""x10 Drywall Easi-Lite for industrial and commercial applications.","1/2"" 54""x10 Drywall Easi-Lite Manufactured or supplied by Certainteed Gypsum (2765). Available product information includes Size: 1/2 in, Size: 54 in.","1/2"" 54""x10 Drywall Easi-Lite designed for industrial and commercial use. Key identified specifications include Size: 1/2 in, Size: 54 in.",Manufacturer: Certainteed Gypsum (2765),Manufacturer Part Number: 640383,Size: 1/2 in,Size: 54 in,,,,,,,,,,,,,,,,
653258,"5/8"" 4x9 Drywall Firelite",,,,Certainteed Gypsum (2765),Unknown,0.0,No evidence,"[('Size', '5/8', 'in'), ('Dimension', '4 x 9', '')]",Size,5/8,in,Dimension,4 x 9,,,,,,,,,,,,,,,,,,,,,,,,,,,,,,,,,,,,,,,,,,,,,,,,,,,,,,,,,,,,,,,,,,,,,,,,,,,,,,,,,,,,,,,,,,,,,,,,,,,,,,,,,,,,,,,,,,,,,,,,,,,,,,,,,,,,,,,,,,,,,,,,,,Certainteed Gypsum (2765),Unknown,653258,"5/8"" 4x9 Drywall Firelite","5/8"" 4x9 Drywall Firelite for industrial and commercial applications.","5/8"" 4x9 Drywall Firelite Manufactured or supplied by Certainteed Gypsum (2765). Available product information includes Size: 5/8 in, Dimension: 4 x 9.","5/8"" 4x9 Drywall Firelite designed for industrial and commercial use. Key identified specifications include Size: 5/8 in, Dimension: 4 x 9.",Manufacturer: Certainteed Gypsum (2765),Manufacturer Part Number: 653258,Size: 5/8 in,Dimension: 4 x 9,,,,,,,,,,,,,,,,
413S-DBA-36,"413S 36"" Alum Threshold DBZ",HAGER,,,Hager Hinge Co (4189),HAGER,0.7,Structured source,"[('Size', '36', 'in')]",Size,36,in,,,,,,,,,,,,,,,,,,,,,,,,,,,,,,,,,,,,,,,,,,,,,,,,,,,,,,,,,,,,,,,,,,,,,,,,,,,,,,,,,,,,,,,,,,,,,,,,,,,,,,,,,,,,,,,,,,,,,,,,,,,,,,,,,,,,,,,,,,,,,,,,,,,,Hager Hinge Co (4189),HAGER,413S-DBA-36,"HAGER 413S 36"" Alum Threshold DBZ","HAGER 413S 36"" Alum Threshold DBZ for industrial and commercial applications.","HAGER 413S 36"" Alum Threshold DBZ Manufactured or supplied by Hager Hinge Co (4189). Available product information includes Size: 36 in.","HAGER 413S 36"" Alum Threshold DBZ designed for industrial and commercial use. Key identified specifications include Size: 36 in.",Brand: HAGER,Manufacturer: Hager Hinge Co (4189),Manufacturer Part Number: 413S-DBA-36,Size: 36 in,,,,,,,,,,,,,,,,
413S-DBA-72,"413S 72"" Alum Threshold DBZ",HAGER,,,Hager Hinge Co (4189),HAGER,0.7,Structured source,"[('Size', '72', 'in')]",Size,72,in,,,,,,,,,,,,,,,,,,,,,,,,,,,,,,,,,,,,,,,,,,,,,,,,,,,,,,,,,,,,,,,,,,,,,,,,,,,,,,,,,,,,,,,,,,,,,,,,,,,,,,,,,,,,,,,,,,,,,,,,,,,,,,,,,,,,,,,,,,,,,,,,,,,,Hager Hinge Co (4189),HAGER,413S-DBA-72,"HAGER 413S 72"" Alum Threshold DBZ","HAGER 413S 72"" Alum Threshold DBZ for industrial and commercial applications.","HAGER 413S 72"" Alum Threshold DBZ Manufactured or supplied by Hager Hinge Co (4189). Available product information includes Size: 72 in.","HAGER 413S 72"" Alum Threshold DBZ designed for industrial and commercial use. Key identified specifications include Size: 72 in.",Brand: HAGER,Manufacturer: Hager Hinge Co (4189),Manufacturer Part Number: 413S-DBA-72,Size: 72 in,,,,,,,,,,,,,,,,
1511506,4'x65' Zip Rainscreen,,,,Huber Eng Wood LLC (3158),Unknown,0.0,No evidence,[],,,,,,,,,,,,,,,,,,,,,,,,,,,,,,,,,,,,,,,,,,,,,,,,,,,,,,,,,,,,,,,,,,,,,,,,,,,,,,,,,,,,,,,,,,,,,,,,,,,,,,,,,,,,,,,,,,,,,,,,,,,,,,,,,,,,,,,,,,,,,,,,,,,,,,,Huber Eng Wood LLC (3158),Unknown,1511506,4'x65' Zip Rainscreen,4'x65' Zip Rainscreen for industrial and commercial applications.,4'x65' Zip Rainscreen Manufactured or supplied by Huber Eng Wood LLC (3158).,4'x65' Zip Rainscreen designed for industrial and commercial use.,Manufacturer: Huber Eng Wood LLC (3158),Manufacturer Part Number: 1511506,,,,,,,,,,,,,,,,,,
1513577,1x8-12' Doug Fir STK Smooth 1S2E,COMMODITY - UNBRANDED,,,Westwood Lumber Sales (WESLU),COMMODITY - UNBRANDED,0.7,Structured source,"[('Dimension', '1 x 8', '')]",Dimension,1 x 8,,,,,,,,,,,,,,,,,,,,,,,,,,,,,,,,,,,,,,,,,,,,,,,,,,,,,,,,,,,,,,,,,,,,,,,,,,,,,,,,,,,,,,,,,,,,,,,,,,,,,,,,,,,,,,,,,,,,,,,,,,,,,,,,,,,,,,,,,,,,,,,,,,,,,Westwood Lumber Sales (WESLU),COMMODITY - UNBRANDED,1513577,COMMODITY - UNBRANDED 1x8-12' Doug Fir STK Smooth 1S2E,COMMODITY - UNBRANDED 1x8-12' Doug Fir STK Smooth 1S2E for industrial and commercial applications.,COMMODITY - UNBRANDED 1x8-12' Doug Fir STK Smooth 1S2E Manufactured or supplied by Westwood Lumber Sales (WESLU). Available product information includes Dimension: 1 x 8.,COMMODITY - UNBRANDED 1x8-12' Doug Fir STK Smooth 1S2E designed for industrial and commercial use. Key identified specifications include Dimension: 1 x 8.,Brand: COMMODITY - UNBRANDED,Manufacturer: Westwood Lumber Sales (WESLU),Manufacturer Part Number: 1513577,Dimension: 1 x 8,,,,,,,,,,,,,,,,
1513578,1x8-16' Doug Fir STK Smooth 1S2E,COMMODITY - UNBRANDED,,,Westwood Lumber Sales (WESLU),COMMODITY - UNBRANDED,0.7,Structured source,"[('Dimension', '1 x 8', '')]",Dimension,1 x 8,,,,,,,,,,,,,,,,,,,,,,,,,,,,,,,,,,,,,,,,,,,,,,,,,,,,,,,,,,,,,,,,,,,,,,,,,,,,,,,,,,,,,,,,,,,,,,,,,,,,,,,,,,,,,,,,,,,,,,,,,,,,,,,,,,,,,,,,,,,,,,,,,,,,,Westwood Lumber Sales (WESLU),COMMODITY - UNBRANDED,1513578,COMMODITY - UNBRANDED 1x8-16' Doug Fir STK Smooth 1S2E,COMMODITY - UNBRANDED 1x8-16' Doug Fir STK Smooth 1S2E for industrial and commercial applications.,COMMODITY - UNBRANDED 1x8-16' Doug Fir STK Smooth 1S2E Manufactured or supplied by Westwood Lumber Sales (WESLU). Available product information includes Dimension: 1 x 8.,COMMODITY - UNBRANDED 1x8-16' Doug Fir STK Smooth 1S2E designed for industrial and commercial use. Key identified specifications include Dimension: 1 x 8.,Brand: COMMODITY - UNBRANDED,Manufacturer: Westwood Lumber Sales (WESLU),Manufacturer Part Number: 1513578,Dimension: 1 x 8,,,,,,,,,,,,,,,,
1513579,1x12-12 'Doug Fir STK Smooth 1S2E,COMMODITY - UNBRANDED,,,Westwood Lumber Sales (WESLU),COMMODITY - UNBRANDED,0.7,Structured source,"[('Dimension', '1 x 12', '')]",Dimension,1 x 12,,,,,,,,,,,,,,,,,,,,,,,,,,,,,,,,,,,,,,,,,,,,,,,,,,,,,,,,,,,,,,,,,,,,,,,,,,,,,,,,,,,,,,,,,,,,,,,,,,,,,,,,,,,,,,,,,,,,,,,,,,,,,,,,,,,,,,,,,,,,,,,,,,,,,Westwood Lumber Sales (WESLU),COMMODITY - UNBRANDED,1513579,COMMODITY - UNBRANDED 1x12-12 'Doug Fir STK Smooth 1S2E,COMMODITY - UNBRANDED 1x12-12 'Doug Fir STK Smooth 1S2E for industrial and commercial applications.,COMMODITY - UNBRANDED 1x12-12 'Doug Fir STK Smooth 1S2E Manufactured or supplied by Westwood Lumber Sales (WESLU). Available product information includes Dimension: 1 x 12.,COMMODITY - UNBRANDED 1x12-12 'Doug Fir STK Smooth 1S2E designed for industrial and commercial use. Key identified specifications include Dimension: 1 x 12.,Brand: COMMODITY - UNBRANDED,Manufacturer: Westwood Lumber Sales (WESLU),Manufacturer Part Number: 1513579,Dimension: 1 x 12,,,,,,,,,,,,,,,,
1513580,1x12-16' Doug Fir STK Smooth 1S2E,COMMODITY - UNBRANDED,,,Westwood Lumber Sales (WESLU),COMMODITY - UNBRANDED,0.7,Structured source,"[('Dimension', '1 x 12', '')]",Dimension,1 x 12,,,,,,,,,,,,,,,,,,,,,,,,,,,,,,,,,,,,,,,,,,,,,,,,,,,,,,,,,,,,,,,,,,,,,,,,,,,,,,,,,,,,,,,,,,,,,,,,,,,,,,,,,,,,,,,,,,,,,,,,,,,,,,,,,,,,,,,,,,,,,,,,,,,,,Westwood Lumber Sales (WESLU),COMMODITY - UNBRANDED,1513580,COMMODITY - UNBRANDED 1x12-16' Doug Fir STK Smooth 1S2E,COMMODITY - UNBRANDED 1x12-16' Doug Fir STK Smooth 1S2E for industrial and commercial applications.,COMMODITY - UNBRANDED 1x12-16' Doug Fir STK Smooth 1S2E Manufactured or supplied by Westwood Lumber Sales (WESLU). Available product information includes Dimension: 1 x 12.,COMMODITY - UNBRANDED 1x12-16' Doug Fir STK Smooth 1S2E designed for industrial and commercial use. Key identified specifications include Dimension: 1 x 12.,Brand: COMMODITY - UNBRANDED,Manufacturer: Westwood Lumber Sales (WESLU),Manufacturer Part Number: 1513580,Dimension: 1 x 12,,,,,,,,,,,,,,,,
1501767,"3/4"" 4x8T&G Huber Blue PlusOSB - Sub Floor",,,,-,Unknown,0.0,No evidence,"[('Size', '3/4', 'in')]",Size,3/4,in,,,,,,,,,,,,,,,,,,,,,,,,,,,,,,,,,,,,,,,,,,,,,,,,,,,,,,,,,,,,,,,,,,,,,,,,,,,,,,,,,,,,,,,,,,,,,,,,,,,,,,,,,,,,,,,,,,,,,,,,,,,,,,,,,,,,,,,,,,,,,,,,,,,,-,Unknown,1501767,"3/4"" 4x8T&G Huber Blue PlusOSB - Sub Floor","3/4"" 4x8T&G Huber Blue PlusOSB - Sub Floor for industrial and commercial applications.","3/4"" 4x8T&G Huber Blue PlusOSB - Sub Floor Manufactured or supplied by -. Available product information includes Size: 3/4 in.","3/4"" 4x8T&G Huber Blue PlusOSB - Sub Floor designed for industrial and commercial use. Key identified specifications include Size: 3/4 in.",Manufacturer: -,Manufacturer Part Number: 1501767,Size: 3/4 in,,,,,,,,,,,,,,,,,
PP-8BL,8' Premier Rib XL Black,,,,Premier Metals (PREME),Unknown,0.0,No evidence,[],,,,,,,,,,,,,,,,,,,,,,,,,,,,,,,,,,,,,,,,,,,,,,,,,,,,,,,,,,,,,,,,,,,,,,,,,,,,,,,,,,,,,,,,,,,,,,,,,,,,,,,,,,,,,,,,,,,,,,,,,,,,,,,,,,,,,,,,,,,,,,,,,,,,,,,Premier Metals (PREME),Unknown,PP-8BL,8' Premier Rib XL Black,8' Premier Rib XL Black for industrial and commercial applications.,8' Premier Rib XL Black Manufactured or supplied by Premier Metals (PREME).,8' Premier Rib XL Black designed for industrial and commercial use.,Manufacturer: Premier Metals (PREME),Manufacturer Part Number: PP-8BL,,,,,,,,,,,,,,,,,,
PP-10BL,10' Premier Rib XL Black,,,,Premier Metals (PREME),Unknown,0.0,No evidence,[],,,,,,,,,,,,,,,,,,,,,,,,,,,,,,,,,,,,,,,,,,,,,,,,,,,,,,,,,,,,,,,,,,,,,,,,,,,,,,,,,,,,,,,,,,,,,,,,,,,,,,,,,,,,,,,,,,,,,,,,,,,,,,,,,,,,,,,,,,,,,,,,,,,,,,,Premier Metals (PREME),Unknown,PP-10BL,10' Premier Rib XL Black,10' Premier Rib XL Black for industrial and commercial applications.,10' Premier Rib XL Black Manufactured or supplied by Premier Metals (PREME).,10' Premier Rib XL Black designed for industrial and commercial use.,Manufacturer: Premier Metals (PREME),Manufacturer Part Number: PP-10BL,,,,,,,,,,,,,,,,,,
PP-12BL,12' Premier Rib XL Black,,,,Premier Metals (PREME),Unknown,0.0,No evidence,[],,,,,,,,,,,,,,,,,,,,,,,,,,,,,,,,,,,,,,,,,,,,,,,,,,,,,,,,,,,,,,,,,,,,,,,,,,,,,,,,,,,,,,,,,,,,,,,,,,,,,,,,,,,,,,,,,,,,,,,,,,,,,,,,,,,,,,,,,,,,,,,,,,,,,,,Premier Metals (PREME),Unknown,PP-12BL,12' Premier Rib XL Black,12' Premier Rib XL Black for industrial and commercial applications.,12' Premier Rib XL Black Manufactured or supplied by Premier Metals (PREME).,12' Premier Rib XL Black designed for industrial and commercial use.,Manufacturer: Premier Metals (PREME),Manufacturer Part Number: PP-12BL,,,,,,,,,,,,,,,,,,
PP-8CH,8' Premier Rib XL Charcoal,,,,Premier Metals (PREME),Unknown,0.0,No evidence,[],,,,,,,,,,,,,,,,,,,,,,,,,,,,,,,,,,,,,,,,,,,,,,,,,,,,,,,,,,,,,,,,,,,,,,,,,,,,,,,,,,,,,,,,,,,,,,,,,,,,,,,,,,,,,,,,,,,,,,,,,,,,,,,,,,,,,,,,,,,,,,,,,,,,,,,Premier Metals (PREME),Unknown,PP-8CH,8' Premier Rib XL Charcoal,8' Premier Rib XL Charcoal for industrial and commercial applications.,8' Premier Rib XL Charcoal Manufactured or supplied by Premier Metals (PREME).,8' Premier Rib XL Charcoal designed for industrial and commercial use.,Manufacturer: Premier Metals (PREME),Manufacturer Part Number: PP-8CH,,,,,,,,,,,,,,,,,,
PP-10CH,10' Premier Rib XL Charcoal,,,,Premier Metals (PREME),Unknown,0.0,No evidence,[],,,,,,,,,,,,,,,,,,,,,,,,,,,,,,,,,,,,,,,,,,,,,,,,,,,,,,,,,,,,,,,,,,,,,,,,,,,,,,,,,,,,,,,,,,,,,,,,,,,,,,,,,,,,,,,,,,,,,,,,,,,,,,,,,,,,,,,,,,,,,,,,,,,,,,,Premier Metals (PREME),Unknown,PP-10CH,10' Premier Rib XL Charcoal,10' Premier Rib XL Charcoal for industrial and commercial applications.,10' Premier Rib XL Charcoal Manufactured or supplied by Premier Metals (PREME).,10' Premier Rib XL Charcoal designed for industrial and commercial use.,Manufacturer: Premier Metals (PREME),Manufacturer Part Number: PP-10CH,,,,,,,,,,,,,,,,,,
PP-12CH,12' Premier Rib XL Charcoal,,,,Premier Metals (PREME),Unknown,0.0,No evidence,[],,,,,,,,,,,,,,,,,,,,,,,,,,,,,,,,,,,,,,,,,,,,,,,,,,,,,,,,,,,,,,,,,,,,,,,,,,,,,,,,,,,,,,,,,,,,,,,,,,,,,,,,,,,,,,,,,,,,,,,,,,,,,,,,,,,,,,,,,,,,,,,,,,,,,,,Premier Metals (PREME),Unknown,PP-12CH,12' Premier Rib XL Charcoal,12' Premier Rib XL Charcoal for industrial and commercial applications.,12' Premier Rib XL Charcoal Manufactured or supplied by Premier Metals (PREME).,12' Premier Rib XL Charcoal designed for industrial and commercial use.,Manufacturer: Premier Metals (PREME),Manufacturer Part Number: PP-12CH,,,,,,,,,,,,,,,,,,
PP-8WH,8' Premier Rib XL White,,,,Premier Metals (PREME),Unknown,0.0,No evidence,[],,,,,,,,,,,,,,,,,,,,,,,,,,,,,,,,,,,,,,,,,,,,,,,,,,,,,,,,,,,,,,,,,,,,,,,,,,,,,,,,,,,,,,,,,,,,,,,,,,,,,,,,,,,,,,,,,,,,,,,,,,,,,,,,,,,,,,,,,,,,,,,,,,,,,,,Premier Metals (PREME),Unknown,PP-8WH,8' Premier Rib XL White,8' Premier Rib XL White for industrial and commercial applications.,8' Premier Rib XL White Manufactured or supplied by Premier Metals (PREME).,8' Premier Rib XL White designed for industrial and commercial use.,Manufacturer: Premier Metals (PREME),Manufacturer Part Number: PP-8WH,,,,,,,,,,,,,,,,,,
PP-10WH,10' Premier Rib XL White,,,,Premier Metals (PREME),Unknown,0.0,No evidence,[],,,,,,,,,,,,,,,,,,,,,,,,,,,,,,,,,,,,,,,,,,,,,,,,,,,,,,,,,,,,,,,,,,,,,,,,,,,,,,,,,,,,,,,,,,,,,,,,,,,,,,,,,,,,,,,,,,,,,,,,,,,,,,,,,,,,,,,,,,,,,,,,,,,,,,,Premier Metals (PREME),Unknown,PP-10WH,10' Premier Rib XL White,10' Premier Rib XL White for industrial and commercial applications.,10' Premier Rib XL White Manufactured or supplied by Premier Metals (PREME).,10' Premier Rib XL White designed for industrial and commercial use.,Manufacturer: Premier Metals (PREME),Manufacturer Part Number: PP-10WH,,,,,,,,,,,,,,,,,,
1504345,OC Duration TruDef Wburg Gray (BDL),,,,Palmer Donavin Mfg Company (PALDO),Unknown,0.0,No evidence,[],,,,,,,,,,,,,,,,,,,,,,,,,,,,,,,,,,,,,,,,,,,,,,,,,,,,,,,,,,,,,,,,,,,,,,,,,,,,,,,,,,,,,,,,,,,,,,,,,,,,,,,,,,,,,,,,,,,,,,,,,,,,,,,,,,,,,,,,,,,,,,,,,,,,,,,Palmer Donavin Mfg Company (PALDO),Unknown,1504345,OC Duration TruDef Wburg Gray (BDL),OC Duration TruDef Wburg Gray (BDL) for industrial and commercial applications.,OC Duration TruDef Wburg Gray (BDL) Manufactured or supplied by Palmer Donavin Mfg Company (PALDO).,OC Duration TruDef Wburg Gray (BDL) designed for industrial and commercial use.,Manufacturer: Palmer Donavin Mfg Company (PALDO),Manufacturer Part Number: 1504345,,,,,,,,,,,,,,,,,,
2733,3'x65' Henry Eaveguard - Ice Guard,,,,Palmer Donavin Mfg Company (PALDO),Unknown,0.0,No evidence,[],,,,,,,,,,,,,,,,,,,,,,,,,,,,,,,,,,,,,,,,,,,,,,,,,,,,,,,,,,,,,,,,,,,,,,,,,,,,,,,,,,,,,,,,,,,,,,,,,,,,,,,,,,,,,,,,,,,,,,,,,,,,,,,,,,,,,,,,,,,,,,,,,,,,,,,Palmer Donavin Mfg Company (PALDO),Unknown,2733,3'x65' Henry Eaveguard - Ice Guard,3'x65' Henry Eaveguard - Ice Guard for industrial and commercial applications.,3'x65' Henry Eaveguard - Ice Guard Manufactured or supplied by Palmer Donavin Mfg Company (PALDO).,3'x65' Henry Eaveguard - Ice Guard designed for industrial and commercial use.,Manufacturer: Palmer Donavin Mfg Company (PALDO),Manufacturer Part Number: 2733,,,,,,,,,,,,,,,,,,
7547,Ice Guard OC Weathr Lk Mat 2sq,,,,-,Unknown,0.0,No evidence,[],,,,,,,,,,,,,,,,,,,,,,,,,,,,,,,,,,,,,,,,,,,,,,,,,,,,,,,,,,,,,,,,,,,,,,,,,,,,,,,,,,,,,,,,,,,,,,,,,,,,,,,,,,,,,,,,,,,,,,,,,,,,,,,,,,,,,,,,,,,,,,,,,,,,,,,-,Unknown,7547,Ice Guard OC Weathr Lk Mat 2sq,Ice Guard OC Weathr Lk Mat 2sq for industrial and commercial applications.,Ice Guard OC Weathr Lk Mat 2sq Manufactured or supplied by -.,Ice Guard OC Weathr Lk Mat 2sq designed for industrial and commercial use.,Manufacturer: -,Manufacturer Part Number: 7547,,,,,,,,,,,,,,,,,,
8912220,"7-1/4""x12' Hardie Sdg Smooth - Primed HardiePlank",JAMESHARDIE,,,Boise Cascade Building Materials (BOICA),JAMESHARDIE,0.9,Structured source + description,"[('Size', '7-1/4', 'in')]",Size,7-1/4,in,,,,,,,,,,,,,,,,,,,,,,,,,,,,,,,,,,,,,,,,,,,,,,,,,,,,,,,,,,,,,,,,,,,,,,,,,,,,,,,,,,,,,,,,,,,,,,,,,,,,,,,,,,,,,,,,,,,,,,,,,,,,,,,,,,,,,,,,,,,,,,,,,,,,Boise Cascade Building Materials (BOICA),JAMESHARDIE,8912220,"JAMESHARDIE 7-1/4""x12' Hardie Sdg Smooth - Primed HardiePlank","JAMESHARDIE 7-1/4""x12' Hardie Sdg Smooth - Primed HardiePlank for industrial and commercial applications.","JAMESHARDIE 7-1/4""x12' Hardie Sdg Smooth - Primed HardiePlank Manufactured or supplied by Boise Cascade Building Materials (BOICA). Available product information includes Size: 7-1/4 in.","JAMESHARDIE 7-1/4""x12' Hardie Sdg Smooth - Primed HardiePlank designed for industrial and commercial use. Key identified specifications include Size: 7-1/4 in.",Brand: JAMESHARDIE,Manufacturer: Boise Cascade Building Materials (BOICA),Manufacturer Part Number: 8912220,Size: 7-1/4 in,,,,,,,,,,,,,,,,
8904015,4'x10' HardiePanel Smooth - Primed,JAMESHARDIE,,,Boise Cascade Building Materials (BOICA),JAMESHARDIE,0.9,Structured source + description,[],,,,,,,,,,,,,,,,,,,,,,,,,,,,,,,,,,,,,,,,,,,,,,,,,,,,,,,,,,,,,,,,,,,,,,,,,,,,,,,,,,,,,,,,,,,,,,,,,,,,,,,,,,,,,,,,,,,,,,,,,,,,,,,,,,,,,,,,,,,,,,,,,,,,,,,Boise Cascade Building Materials (BOICA),JAMESHARDIE,8904015,JAMESHARDIE 4'x10' HardiePanel Smooth - Primed,JAMESHARDIE 4'x10' HardiePanel Smooth - Primed for industrial and commercial applications.,JAMESHARDIE 4'x10' HardiePanel Smooth - Primed Manufactured or supplied by Boise Cascade Building Materials (BOICA).,JAMESHARDIE 4'x10' HardiePanel Smooth - Primed designed for industrial and commercial use.,Brand: JAMESHARDIE,Manufacturer: Boise Cascade Building Materials (BOICA),Manufacturer Part Number: 8904015,,,,,,,,,,,,,,,,,
25796,"6""x16' Smart Lap Sdg Cedar",LP SMARTSIDE,,,U S Lumber (3073),LP SMARTSIDE,0.7,Structured source,"[('Size', '6', 'in')]",Size,6,in,,,,,,,,,,,,,,,,,,,,,,,,,,,,,,,,,,,,,,,,,,,,,,,,,,,,,,,,,,,,,,,,,,,,,,,,,,,,,,,,,,,,,,,,,,,,,,,,,,,,,,,,,,,,,,,,,,,,,,,,,,,,,,,,,,,,,,,,,,,,,,,,,,,,U S Lumber (3073),LP SMARTSIDE,25796,"LP SMARTSIDE 6""x16' Smart Lap Sdg Cedar","LP SMARTSIDE 6""x16' Smart Lap Sdg Cedar for industrial and commercial applications.","LP SMARTSIDE 6""x16' Smart Lap Sdg Cedar Manufactured or supplied by U S Lumber (3073). Available product information includes Size: 6 in.","LP SMARTSIDE 6""x16' Smart Lap Sdg Cedar designed for industrial and commercial use. Key identified specifications include Size: 6 in.",Brand: LP SMARTSIDE,Manufacturer: U S Lumber (3073),Manufacturer Part Number: 25796,Size: 6 in,,,,,,,,,,,,,,,,
40503,"3/8"" 16""x16' Smart Pan Cedar - No-Groove Sq Edge B&B",LP SMARTSIDE,,,U S Lumber (3073),LP SMARTSIDE,0.7,Structured source,"[('Size', '3/8', 'in'), ('Size', '16', 'in')]",Size,3/8,in,Size,16,in,,,,,,,,,,,,,,,,,,,,,,,,,,,,,,,,,,,,,,,,,,,,,,,,,,,,,,,,,,,,,,,,,,,,,,,,,,,,,,,,,,,,,,,,,,,,,,,,,,,,,,,,,,,,,,,,,,,,,,,,,,,,,,,,,,,,,,,,,,,,,,,,,U S Lumber (3073),LP SMARTSIDE,40503,"LP SMARTSIDE 3/8"" 16""x16' Smart Pan Cedar - No-Groove Sq Edge B&B","LP SMARTSIDE 3/8"" 16""x16' Smart Pan Cedar - No-Groove Sq Edge B&B for industrial and commercial applications.","LP SMARTSIDE 3/8"" 16""x16' Smart Pan Cedar - No-Groove Sq Edge B&B Manufactured or supplied by U S Lumber (3073). Available product information includes Size: 3/8 in, Size: 16 in.","LP SMARTSIDE 3/8"" 16""x16' Smart Pan Cedar - No-Groove Sq Edge B&B designed for industrial and commercial use. Key identified specifications include Size: 3/8 in, Size: 16 in.",Brand: LP SMARTSIDE,Manufacturer: U S Lumber (3073),Manufacturer Part Number: 40503,Size: 3/8 in,Size: 16 in,,,,,,,,,,,,,,,
25825,"3/8"" 4x10 Smart Pan Cedar - No-Groove w/Shiplap Edges",LP SMARTSIDE,,,U S Lumber (3073),LP SMARTSIDE,0.7,Structured source,"[('Size', '3/8', 'in'), ('Dimension', '4 x 10', '')]",Size,3/8,in,Dimension,4 x 10,,,,,,,,,,,,,,,,,,,,,,,,,,,,,,,,,,,,,,,,,,,,,,,,,,,,,,,,,,,,,,,,,,,,,,,,,,,,,,,,,,,,,,,,,,,,,,,,,,,,,,,,,,,,,,,,,,,,,,,,,,,,,,,,,,,,,,,,,,,,,,,,,,U S Lumber (3073),LP SMARTSIDE,25825,"LP SMARTSIDE 3/8"" 4x10 Smart Pan Cedar - No-Groove w/Shiplap Edges","LP SMARTSIDE 3/8"" 4x10 Smart Pan Cedar - No-Groove w/Shiplap Edges for industrial and commercial applications.","LP SMARTSIDE 3/8"" 4x10 Smart Pan Cedar - No-Groove w/Shiplap Edges Manufactured or supplied by U S Lumber (3073). Available product information includes Size: 3/8 in, Dimension: 4 x 10.","LP SMARTSIDE 3/8"" 4x10 Smart Pan Cedar - No-Groove w/Shiplap Edges designed for industrial and commercial use. Key identified specifications include Size: 3/8 in, Dimension: 4 x 10.",Brand: LP SMARTSIDE,Manufacturer: U S Lumber (3073),Manufacturer Part Number: 25825,Size: 3/8 in,Dimension: 4 x 10,,,,,,,,,,,,,,,
25822,"3/8"" 12""x16' Smart Vented Soff - Cedar Soffit",LP SMARTSIDE,,,U S Lumber (3073),LP SMARTSIDE,0.7,Structured source,"[('Size', '3/8', 'in'), ('Size', '12', 'in')]",Size,3/8,in,Size,12,in,,,,,,,,,,,,,,,,,,,,,,,,,,,,,,,,,,,,,,,,,,,,,,,,,,,,,,,,,,,,,,,,,,,,,,,,,,,,,,,,,,,,,,,,,,,,,,,,,,,,,,,,,,,,,,,,,,,,,,,,,,,,,,,,,,,,,,,,,,,,,,,,,U S Lumber (3073),LP SMARTSIDE,25822,"LP SMARTSIDE 3/8"" 12""x16' Smart Vented Soff - Cedar Soffit","LP SMARTSIDE 3/8"" 12""x16' Smart Vented Soff - Cedar Soffit for industrial and commercial applications.","LP SMARTSIDE 3/8"" 12""x16' Smart Vented Soff - Cedar Soffit Manufactured or supplied by U S Lumber (3073). Available product information includes Size: 3/8 in, Size: 12 in.","LP SMARTSIDE 3/8"" 12""x16' Smart Vented Soff - Cedar Soffit designed for industrial and commercial use. Key identified specifications include Size: 3/8 in, Size: 12 in.",Brand: LP SMARTSIDE,Manufacturer: U S Lumber (3073),Manufacturer Part Number: 25822,Size: 3/8 in,Size: 12 in,,,,,,,,,,,,,,,
543650101,Black Alum ADA Wall Mount Trex,TREX,,,Boise Cascade Building Materials (BOICA),TREX,0.7,Structured source,[],,,,,,,,,,,,,,,,,,,,,,,,,,,,,,,,,,,,,,,,,,,,,,,,,,,,,,,,,,,,,,,,,,,,,,,,,,,,,,,,,,,,,,,,,,,,,,,,,,,,,,,,,,,,,,,,,,,,,,,,,,,,,,,,,,,,,,,,,,,,,,,,,,,,,,,Boise Cascade Building Materials (BOICA),TREX,543650101,Black Alum ADA Wall Mount Trex,Black Alum ADA Wall Mount Trex for industrial and commercial applications.,Black Alum ADA Wall Mount Trex Manufactured or supplied by Boise Cascade Building Materials (BOICA).,Black Alum ADA Wall Mount Trex designed for industrial and commercial use.,Brand: TREX,Manufacturer: Boise Cascade Building Materials (BOICA),Manufacturer Part Number: 543650101,,,,,,,,,,,,,,,,,
543650010,Black Alum ADA Int End Cap - Trex,TREX,,,Boise Cascade Building Materials (BOICA),TREX,0.7,Structured source,[],,,,,,,,,,,,,,,,,,,,,,,,,,,,,,,,,,,,,,,,,,,,,,,,,,,,,,,,,,,,,,,,,,,,,,,,,,,,,,,,,,,,,,,,,,,,,,,,,,,,,,,,,,,,,,,,,,,,,,,,,,,,,,,,,,,,,,,,,,,,,,,,,,,,,,,Boise Cascade Building Materials (BOICA),TREX,543650010,Black Alum ADA Int End Cap - Trex,Black Alum ADA Int End Cap - Trex for industrial and commercial applications.,Black Alum ADA Int End Cap - Trex Manufactured or supplied by Boise Cascade Building Materials (BOICA).,Black Alum ADA Int End Cap - Trex designed for industrial and commercial use.,Brand: TREX,Manufacturer: Boise Cascade Building Materials (BOICA),Manufacturer Part Number: 543650010,,,,,,,,,,,,,,,,,
543650048,8' Black Alum ADA Rail Trex,TREX,,,Boise Cascade Building Materials (BOICA),TREX,0.7,Structured source,[],,,,,,,,,,,,,,,,,,,,,,,,,,,,,,,,,,,,,,,,,,,,,,,,,,,,,,,,,,,,,,,,,,,,,,,,,,,,,,,,,,,,,,,,,,,,,,,,,,,,,,,,,,,,,,,,,,,,,,,,,,,,,,,,,,,,,,,,,,,,,,,,,,,,,,,Boise Cascade Building Materials (BOICA),TREX,543650048,8' Black Alum ADA Rail Trex,8' Black Alum ADA Rail Trex for industrial and commercial applications.,8' Black Alum ADA Rail Trex Manufactured or supplied by Boise Cascade Building Materials (BOICA).,8' Black Alum ADA Rail Trex designed for industrial and commercial use.,Brand: TREX,Manufacturer: Boise Cascade Building Materials (BOICA),Manufacturer Part Number: 543650048,,,,,,,,,,,,,,,,,
1506969,"1-1/2"" 4x8 Huber Zip R6.6 - Insulated R-Sheathing",,,,-,Unknown,0.0,No evidence,"[('Size', '1-1/2', 'in'), ('Dimension', '4 x 8', '')]",Size,1-1/2,in,Dimension,4 x 8,,,,,,,,,,,,,,,,,,,,,,,,,,,,,,,,,,,,,,,,,,,,,,,,,,,,,,,,,,,,,,,,,,,,,,,,,,,,,,,,,,,,,,,,,,,,,,,,,,,,,,,,,,,,,,,,,,,,,,,,,,,,,,,,,,,,,,,,,,,,,,,,,,-,Unknown,1506969,"1-1/2"" 4x8 Huber Zip R6.6 - Insulated R-Sheathing","1-1/2"" 4x8 Huber Zip R6.6 - Insulated R-Sheathing for industrial and commercial applications.","1-1/2"" 4x8 Huber Zip R6.6 - Insulated R-Sheathing Manufactured or supplied by -. Available product information includes Size: 1-1/2 in, Dimension: 4 x 8.","1-1/2"" 4x8 Huber Zip R6.6 - Insulated R-Sheathing designed for industrial and commercial use. Key identified specifications include Size: 1-1/2 in, Dimension: 4 x 8.",Manufacturer: -,Manufacturer Part Number: 1506969,Size: 1-1/2 in,Dimension: 4 x 8,,,,,,,,,,,,,,,,
1514681,"1"" 4x8 Huber Zip R3.6 - Insulated R-Sheathing",,,,-,Unknown,0.0,No evidence,"[('Dimension', '4 x 8', ''), ('Size', '1', 'in')]",Dimension,4 x 8,,Size,1,in,,,,,,,,,,,,,,,,,,,,,,,,,,,,,,,,,,,,,,,,,,,,,,,,,,,,,,,,,,,,,,,,,,,,,,,,,,,,,,,,,,,,,,,,,,,,,,,,,,,,,,,,,,,,,,,,,,,,,,,,,,,,,,,,,,,,,,,,,,,,,,,,,-,Unknown,1514681,"1"" 4x8 Huber Zip R3.6 - Insulated R-Sheathing","1"" 4x8 Huber Zip R3.6 - Insulated R-Sheathing for industrial and commercial applications.","1"" 4x8 Huber Zip R3.6 - Insulated R-Sheathing Manufactured or supplied by -. Available product information includes Dimension: 4 x 8, Size: 1 in.","1"" 4x8 Huber Zip R3.6 - Insulated R-Sheathing designed for industrial and commercial use. Key identified specifications include Dimension: 4 x 8, Size: 1 in.",Manufacturer: -,Manufacturer Part Number: 1514681,Dimension: 4 x 8,Size: 1 in,,,,,,,,,,,,,,,,
1514726,"2"" 4x8 Huber Zip R9.6 - Insulated R-Sheathing",,,,-,Unknown,0.0,No evidence,"[('Dimension', '4 x 8', ''), ('Size', '2', 'in')]",Dimension,4 x 8,,Size,2,in,,,,,,,,,,,,,,,,,,,,,,,,,,,,,,,,,,,,,,,,,,,,,,,,,,,,,,,,,,,,,,,,,,,,,,,,,,,,,,,,,,,,,,,,,,,,,,,,,,,,,,,,,,,,,,,,,,,,,,,,,,,,,,,,,,,,,,,,,,,,,,,,,-,Unknown,1514726,"2"" 4x8 Huber Zip R9.6 - Insulated R-Sheathing","2"" 4x8 Huber Zip R9.6 - Insulated R-Sheathing for industrial and commercial applications.","2"" 4x8 Huber Zip R9.6 - Insulated R-Sheathing Manufactured or supplied by -. Available product information includes Dimension: 4 x 8, Size: 2 in.","2"" 4x8 Huber Zip R9.6 - Insulated R-Sheathing designed for industrial and commercial use. Key identified specifications include Dimension: 4 x 8, Size: 2 in.",Manufacturer: -,Manufacturer Part Number: 1514726,Dimension: 4 x 8,Size: 2 in,,,,,,,,,,,,,,,,
1728ABL,2x2 Black Fine Fissured 1728BL,,,,Palmer Donavin Mfg Company (PALDO),Unknown,0.0,No evidence,"[('Dimension', '2 x 2', '')]",Dimension,2 x 2,,,,,,,,,,,,,,,,,,,,,,,,,,,,,,,,,,,,,,,,,,,,,,,,,,,,,,,,,,,,,,,,,,,,,,,,,,,,,,,,,,,,,,,,,,,,,,,,,,,,,,,,,,,,,,,,,,,,,,,,,,,,,,,,,,,,,,,,,,,,,,,,,,,,,Palmer Donavin Mfg Company (PALDO),Unknown,1728ABL,2x2 Black Fine Fissured 1728BL,2x2 Black Fine Fissured 1728BL for industrial and commercial applications.,2x2 Black Fine Fissured 1728BL Manufactured or supplied by Palmer Donavin Mfg Company (PALDO). Available product information includes Dimension: 2 x 2.,2x2 Black Fine Fissured 1728BL designed for industrial and commercial use. Key identified specifications include Dimension: 2 x 2.,Manufacturer: Palmer Donavin Mfg Company (PALDO),Manufacturer Part Number: 1728ABL,Dimension: 2 x 2,,,,,,,,,,,,,,,,,
402-R,402R 12V12AH 8D Battery,,,,MillerTech Energy Solutions (MILTE),Unknown,0.0,No evidence,[],,,,,,,,,,,,,,,,,,,,,,,,,,,,,,,,,,,,,,,,,,,,,,,,,,,,,,,,,,,,,,,,,,,,,,,,,,,,,,,,,,,,,,,,,,,,,,,,,,,,,,,,,,,,,,,,,,,,,,,,,,,,,,,,,,,,,,,,,,,,,,,,,,,,,,,MillerTech Energy Solutions (MILTE),Unknown,402-R,402R 12V12AH 8D Battery,402R 12V12AH 8D Battery for industrial and commercial applications.,402R 12V12AH 8D Battery Manufactured or supplied by MillerTech Energy Solutions (MILTE).,402R 12V12AH 8D Battery designed for industrial and commercial use.,Manufacturer: MillerTech Energy Solutions (MILTE),Manufacturer Part Number: 402-R,,,,,,,,,,,,,,,,,,
SL1672,SL1672 Jumpstart & Pwr Supply,,,Schumacher,-,Schumacher,0.7,Structured source,[],,,,,,,,,,,,,,,,,,,,,,,,,,,,,,,,,,,,,,,,,,,,,,,,,,,,,,,,,,,,,,,,,,,,,,,,,,,,,,,,,,,,,,,,,,,,,,,,,,,,,,,,,,,,,,,,,,,,,,,,,,,,,,,,,,,,,,,,,,,,,,,,,,,,,,,-,Schumacher,SL1672,Schumacher Jumpstart & Pwr Supply,Schumacher Jumpstart & Pwr Supply for industrial and commercial applications.,Schumacher Jumpstart & Pwr Supply Manufactured or supplied by -.,Schumacher Jumpstart & Pwr Supply designed for industrial and commercial use.,Brand: Schumacher,Manufacturer: -,Manufacturer Part Number: SL1672,,,,,,,,,,,,,,,,,
BM-DW20-YLW-6,BM-DW20-YLW-6 Dewalt - Battery Mounts 6pk,,,StealthMounts,Metalmark Industrial Inc (METIN),StealthMounts,0.9,Structured source + description,[],,,,,,,,,,,,,,,,,,,,,,,,,,,,,,,,,,,,,,,,,,,,,,,,,,,,,,,,,,,,,,,,,,,,,,,,,,,,,,,,,,,,,,,,,,,,,,,,,,,,,,,,,,,,,,,,,,,,,,,,,,,,,,,,,,,,,,,,,,,,,,,,,,,,,,,Metalmark Industrial Inc (METIN),StealthMounts,BM-DW20-YLW-6,StealthMounts Dewalt - Battery Mounts 6pk,StealthMounts Dewalt - Battery Mounts 6pk for industrial and commercial applications.,StealthMounts Dewalt - Battery Mounts 6pk Manufactured or supplied by Metalmark Industrial Inc (METIN).,StealthMounts Dewalt - Battery Mounts 6pk designed for industrial and commercial use.,Brand: StealthMounts,Manufacturer: Metalmark Industrial Inc (METIN),Manufacturer Part Number: BM-DW20-YLW-6,,,,,,,,,,,,,,,,,
BHA1-UPC,16-24 Adjust Hanger,,,Southwire,Southwire/g Turner (6603),Southwire,0.7,Structured source,[],,,,,,,,,,,,,,,,,,,,,,,,,,,,,,,,,,,,,,,,,,,,,,,,,,,,,,,,,,,,,,,,,,,,,,,,,,,,,,,,,,,,,,,,,,,,,,,,,,,,,,,,,,,,,,,,,,,,,,,,,,,,,,,,,,,,,,,,,,,,,,,,,,,,,,,Southwire/g Turner (6603),Southwire,BHA1-UPC,Southwire 16-24 Adjust Hanger,Southwire 16-24 Adjust Hanger for industrial and commercial applications.,Southwire 16-24 Adjust Hanger Manufactured or supplied by Southwire/g Turner (6603).,Southwire 16-24 Adjust Hanger designed for industrial and commercial use.,Brand: Southwire,Manufacturer: Southwire/g Turner (6603),Manufacturer Part Number: BHA1-UPC,,,,,,,,,,,,,,,,,
G1941-UPC,"G1941UPC 4"" Sq Cover Sw/Outlet",,,Southwire,Southwire/g Turner (6603),Southwire,0.7,Structured source,"[('Size', '4', 'in')]",Size,4,in,,,,,,,,,,,,,,,,,,,,,,,,,,,,,,,,,,,,,,,,,,,,,,,,,,,,,,,,,,,,,,,,,,,,,,,,,,,,,,,,,,,,,,,,,,,,,,,,,,,,,,,,,,,,,,,,,,,,,,,,,,,,,,,,,,,,,,,,,,,,,,,,,,,,Southwire/g Turner (6603),Southwire,G1941-UPC,"Southwire G1941UPC 4"" Sq Cover Sw/Outlet","Southwire G1941UPC 4"" Sq Cover Sw/Outlet for industrial and commercial applications.","Southwire G1941UPC 4"" Sq Cover Sw/Outlet Manufactured or supplied by Southwire/g Turner (6603). Available product information includes Size: 4 in.","Southwire G1941UPC 4"" Sq Cover Sw/Outlet designed for industrial and commercial use. Key identified specifications include Size: 4 in.",Brand: Southwire,Manufacturer: Southwire/g Turner (6603),Manufacturer Part Number: G1941-UPC,Size: 4 in,,,,,,,,,,,,,,,,
G1950-UPC,4x4 2G GFI Box Cover,,,Southwire,Southwire/g Turner (6603),Southwire,0.7,Structured source,"[('Dimension', '4 x 4', '')]",Dimension,4 x 4,,,,,,,,,,,,,,,,,,,,,,,,,,,,,,,,,,,,,,,,,,,,,,,,,,,,,,,,,,,,,,,,,,,,,,,,,,,,,,,,,,,,,,,,,,,,,,,,,,,,,,,,,,,,,,,,,,,,,,,,,,,,,,,,,,,,,,,,,,,,,,,,,,,,,Southwire/g Turner (6603),Southwire,G1950-UPC,Southwire 4x4 2G GFI Box Cover,Southwire 4x4 2G GFI Box Cover for industrial and commercial applications.,Southwire 4x4 2G GFI Box Cover Manufactured or supplied by Southwire/g Turner (6603). Available product information includes Dimension: 4 x 4.,Southwire 4x4 2G GFI Box Cover designed for industrial and commercial use. Key identified specifications include Dimension: 4 x 4.,Brand: Southwire,Manufacturer: Southwire/g Turner (6603),Manufacturer Part Number: G1950-UPC,Dimension: 4 x 4,,,,,,,,,,,,,,,,
A410RCAR,4x4 1G PVC Box Cover,,,Carlon,Thomas & Betts (7405),Carlon,0.7,Structured source,"[('Dimension', '4 x 4', '')]",Dimension,4 x 4,,,,,,,,,,,,,,,,,,,,,,,,,,,,,,,,,,,,,,,,,,,,,,,,,,,,,,,,,,,,,,,,,,,,,,,,,,,,,,,,,,,,,,,,,,,,,,,,,,,,,,,,,,,,,,,,,,,,,,,,,,,,,,,,,,,,,,,,,,,,,,,,,,,,,Thomas & Betts (7405),Carlon,A410RCAR,Carlon 4x4 1G PVC Box Cover,Carlon 4x4 1G PVC Box Cover for industrial and commercial applications.,Carlon 4x4 1G PVC Box Cover Manufactured or supplied by Thomas & Betts (7405). Available product information includes Dimension: 4 x 4.,Carlon 4x4 1G PVC Box Cover designed for industrial and commercial use. Key identified specifications include Dimension: 4 x 4.,Brand: Carlon,Manufacturer: Thomas & Betts (7405),Manufacturer Part Number: A410RCAR,Dimension: 4 x 4,,,,,,,,,,,,,,,,
G1951-UPC,4x4 2G GFCI Duplex Box Cover,,,Southwire,Southwire/g Turner (6603),Southwire,0.7,Structured source,"[('Dimension', '4 x 4', '')]",Dimension,4 x 4,,,,,,,,,,,,,,,,,,,,,,,,,,,,,,,,,,,,,,,,,,,,,,,,,,,,,,,,,,,,,,,,,,,,,,,,,,,,,,,,,,,,,,,,,,,,,,,,,,,,,,,,,,,,,,,,,,,,,,,,,,,,,,,,,,,,,,,,,,,,,,,,,,,,,Southwire/g Turner (6603),Southwire,G1951-UPC,Southwire 4x4 2G GFCI Duplex Box Cover,Southwire 4x4 2G GFCI Duplex Box Cover for industrial and commercial applications.,Southwire 4x4 2G GFCI Duplex Box Cover Manufactured or supplied by Southwire/g Turner (6603). Available product information includes Dimension: 4 x 4.,Southwire 4x4 2G GFCI Duplex Box Cover designed for industrial and commercial use. Key identified specifications include Dimension: 4 x 4.,Brand: Southwire,Manufacturer: Southwire/g Turner (6603),Manufacturer Part Number: G1951-UPC,Dimension: 4 x 4,,,,,,,,,,,,,,,,
52C3-5/8-UPC,4x4 1G Box Cover,,,Southwire,Southwire/g Turner (6603),Southwire,0.7,Structured source,"[('Dimension', '4 x 4', '')]",Dimension,4 x 4,,,,,,,,,,,,,,,,,,,,,,,,,,,,,,,,,,,,,,,,,,,,,,,,,,,,,,,,,,,,,,,,,,,,,,,,,,,,,,,,,,,,,,,,,,,,,,,,,,,,,,,,,,,,,,,,,,,,,,,,,,,,,,,,,,,,,,,,,,,,,,,,,,,,,Southwire/g Turner (6603),Southwire,52C3-5/8-UPC,Southwire 4x4 1G Box Cover,Southwire 4x4 1G Box Cover for industrial and commercial applications.,Southwire 4x4 1G Box Cover Manufactured or supplied by Southwire/g Turner (6603). Available product information includes Dimension: 4 x 4.,Southwire 4x4 1G Box Cover designed for industrial and commercial use. Key identified specifications include Dimension: 4 x 4.,Brand: Southwire,Manufacturer: Southwire/g Turner (6603),Manufacturer Part Number: 52C3-5/8-UPC,Dimension: 4 x 4,,,,,,,,,,,,,,,,
52C14-5/8-UPC,4x4 1G Box Cover,,,Southwire,Southwire/g Turner (6603),Southwire,0.7,Structured source,"[('Dimension', '4 x 4', '')]",Dimension,4 x 4,,,,,,,,,,,,,,,,,,,,,,,,,,,,,,,,,,,,,,,,,,,,,,,,,,,,,,,,,,,,,,,,,,,,,,,,,,,,,,,,,,,,,,,,,,,,,,,,,,,,,,,,,,,,,,,,,,,,,,,,,,,,,,,,,,,,,,,,,,,,,,,,,,,,,Southwire/g Turner (6603),Southwire,52C14-5/8-UPC,Southwire 4x4 1G Box Cover,Southwire 4x4 1G Box Cover for industrial and commercial applications.,Southwire 4x4 1G Box Cover Manufactured or supplied by Southwire/g Turner (6603). Available product information includes Dimension: 4 x 4.,Southwire 4x4 1G Box Cover designed for industrial and commercial use. Key identified specifications include Dimension: 4 x 4.,Brand: Southwire,Manufacturer: Southwire/g Turner (6603),Manufacturer Part Number: 52C14-5/8-UPC,Dimension: 4 x 4,,,,,,,,,,,,,,,,
52C3-UPC,4x4 1G Box Cover,,,Southwire,Southwire/g Turner (6603),Southwire,0.7,Structured source,"[('Dimension', '4 x 4', '')]",Dimension,4 x 4,,,,,,,,,,,,,,,,,,,,,,,,,,,,,,,,,,,,,,,,,,,,,,,,,,,,,,,,,,,,,,,,,,,,,,,,,,,,,,,,,,,,,,,,,,,,,,,,,,,,,,,,,,,,,,,,,,,,,,,,,,,,,,,,,,,,,,,,,,,,,,,,,,,,,Southwire/g Turner (6603),Southwire,52C3-UPC,Southwire 4x4 1G Box Cover,Southwire 4x4 1G Box Cover for industrial and commercial applications.,Southwire 4x4 1G Box Cover Manufactured or supplied by Southwire/g Turner (6603). Available product information includes Dimension: 4 x 4.,Southwire 4x4 1G Box Cover designed for industrial and commercial use. Key identified specifications include Dimension: 4 x 4.,Brand: Southwire,Manufacturer: Southwire/g Turner (6603),Manufacturer Part Number: 52C3-UPC,Dimension: 4 x 4,,,,,,,,,,,,,,,,
54151-F-UPC,4x4x1-1/2 Oct Box w/Bracket,,,Southwire,Southwire/g Turner (6603),Southwire,0.7,Structured source,[],,,,,,,,,,,,,,,,,,,,,,,,,,,,,,,,,,,,,,,,,,,,,,,,,,,,,,,,,,,,,,,,,,,,,,,,,,,,,,,,,,,,,,,,,,,,,,,,,,,,,,,,,,,,,,,,,,,,,,,,,,,,,,,,,,,,,,,,,,,,,,,,,,,,,,,Southwire/g Turner (6603),Southwire,54151-F-UPC,Southwire 4x4x1-1/2 Oct Box w/Bracket,Southwire 4x4x1-1/2 Oct Box w/Bracket for industrial and commercial applications.,Southwire 4x4x1-1/2 Oct Box w/Bracket Manufactured or supplied by Southwire/g Turner (6603).,Southwire 4x4x1-1/2 Oct Box w/Bracket designed for industrial and commercial use.,Brand: Southwire,Manufacturer: Southwire/g Turner (6603),Manufacturer Part Number: 54151-F-UPC,,,,,,,,,,,,,,,,,
54151-HUR-UPC,4x4x1-1/2 Oct Box w/Hanger,,,Southwire,Southwire/g Turner (6603),Southwire,0.7,Structured source,[],,,,,,,,,,,,,,,,,,,,,,,,,,,,,,,,,,,,,,,,,,,,,,,,,,,,,,,,,,,,,,,,,,,,,,,,,,,,,,,,,,,,,,,,,,,,,,,,,,,,,,,,,,,,,,,,,,,,,,,,,,,,,,,,,,,,,,,,,,,,,,,,,,,,,,,Southwire/g Turner (6603),Southwire,54151-HUR-UPC,Southwire 4x4x1-1/2 Oct Box w/Hanger,Southwire 4x4x1-1/2 Oct Box w/Hanger for industrial and commercial applications.,Southwire 4x4x1-1/2 Oct Box w/Hanger Manufactured or supplied by Southwire/g Turner (6603).,Southwire 4x4x1-1/2 Oct Box w/Hanger designed for industrial and commercial use.,Brand: Southwire,Manufacturer: Southwire/g Turner (6603),Manufacturer Part Number: 54151-HUR-UPC,,,,,,,,,,,,,,,,,
54151-JR-UPC,4x4x1-1/2 Oct Box w/Brakcet,,,Southwire,Southwire/g Turner (6603),Southwire,0.7,Structured source,[],,,,,,,,,,,,,,,,,,,,,,,,,,,,,,,,,,,,,,,,,,,,,,,,,,,,,,,,,,,,,,,,,,,,,,,,,,,,,,,,,,,,,,,,,,,,,,,,,,,,,,,,,,,,,,,,,,,,,,,,,,,,,,,,,,,,,,,,,,,,,,,,,,,,,,,Southwire/g Turner (6603),Southwire,54151-JR-UPC,Southwire 4x4x1-1/2 Oct Box w/Brakcet,Southwire 4x4x1-1/2 Oct Box w/Brakcet for industrial and commercial applications.,Southwire 4x4x1-1/2 Oct Box w/Brakcet Manufactured or supplied by Southwire/g Turner (6603).,Southwire 4x4x1-1/2 Oct Box w/Brakcet designed for industrial and commercial use.,Brand: Southwire,Manufacturer: Southwire/g Turner (6603),Manufacturer Part Number: 54151-JR-UPC,,,,,,,,,,,,,,,,,
54171-R-UPC,4x4x2 Oct Box,,,Southwire,Southwire/g Turner (6603),Southwire,0.7,Structured source,[],,,,,,,,,,,,,,,,,,,,,,,,,,,,,,,,,,,,,,,,,,,,,,,,,,,,,,,,,,,,,,,,,,,,,,,,,,,,,,,,,,,,,,,,,,,,,,,,,,,,,,,,,,,,,,,,,,,,,,,,,,,,,,,,,,,,,,,,,,,,,,,,,,,,,,,Southwire/g Turner (6603),Southwire,54171-R-UPC,Southwire 4x4x2 Oct Box,Southwire 4x4x2 Oct Box for industrial and commercial applications.,Southwire 4x4x2 Oct Box Manufactured or supplied by Southwire/g Turner (6603).,Southwire 4x4x2 Oct Box designed for industrial and commercial use.,Brand: Southwire,Manufacturer: Southwire/g Turner (6603),Manufacturer Part Number: 54171-R-UPC,,,,,,,,,,,,,,,,,
52151-S-UPC,4x4x1-1/2 Square Box,,,Southwire,Southwire/g Turner (6603),Southwire,0.7,Structured source,[],,,,,,,,,,,,,,,,,,,,,,,,,,,,,,,,,,,,,,,,,,,,,,,,,,,,,,,,,,,,,,,,,,,,,,,,,,,,,,,,,,,,,,,,,,,,,,,,,,,,,,,,,,,,,,,,,,,,,,,,,,,,,,,,,,,,,,,,,,,,,,,,,,,,,,,Southwire/g Turner (6603),Southwire,52151-S-UPC,Southwire 4x4x1-1/2 Square Box,Southwire 4x4x1-1/2 Square Box for industrial and commercial applications.,Southwire 4x4x1-1/2 Square Box Manufactured or supplied by Southwire/g Turner (6603).,Southwire 4x4x1-1/2 Square Box designed for industrial and commercial use.,Brand: Southwire,Manufacturer: Southwire/g Turner (6603),Manufacturer Part Number: 52151-S-UPC,,,,,,,,,,,,,,,,,
72171-3/4-1W-UPC,4-1/2x4-1/2x2 2G Box,,,Southwire,Southwire/g Turner (6603),Southwire,0.7,Structured source,"[('Dimension', '2 x 4', '')]",Dimension,2 x 4,,,,,,,,,,,,,,,,,,,,,,,,,,,,,,,,,,,,,,,,,,,,,,,,,,,,,,,,,,,,,,,,,,,,,,,,,,,,,,,,,,,,,,,,,,,,,,,,,,,,,,,,,,,,,,,,,,,,,,,,,,,,,,,,,,,,,,,,,,,,,,,,,,,,,Southwire/g Turner (6603),Southwire,72171-3/4-1W-UPC,Southwire 4-1/2x4-1/2x2 2G Box,Southwire 4-1/2x4-1/2x2 2G Box for industrial and commercial applications.,Southwire 4-1/2x4-1/2x2 2G Box Manufactured or supplied by Southwire/g Turner (6603). Available product information includes Dimension: 2 x 4.,Southwire 4-1/2x4-1/2x2 2G Box designed for industrial and commercial use. Key identified specifications include Dimension: 2 x 4.,Brand: Southwire,Manufacturer: Southwire/g Turner (6603),Manufacturer Part Number: 72171-3/4-1W-UPC,Dimension: 2 x 4,,,,,,,,,,,,,,,,
5522-5EV,5522-5EV 2 Port Decor Plate,,,,Cooper Wiring Devices (3560),Unknown,0.0,No evidence,[],,,,,,,,,,,,,,,,,,,,,,,,,,,,,,,,,,,,,,,,,,,,,,,,,,,,,,,,,,,,,,,,,,,,,,,,,,,,,,,,,,,,,,,,,,,,,,,,,,,,,,,,,,,,,,,,,,,,,,,,,,,,,,,,,,,,,,,,,,,,,,,,,,,,,,,Cooper Wiring Devices (3560),Unknown,5522-5EV,2 Port Decor Plate,2 Port Decor Plate for industrial and commercial applications.,2 Port Decor Plate Manufactured or supplied by Cooper Wiring Devices (3560).,2 Port Decor Plate designed for industrial and commercial use.,Manufacturer: Cooper Wiring Devices (3560),Manufacturer Part Number: 5522-5EV,,,,,,,,,,,,,,,,,,
AYCL-153PH-LA,AYCL-153PH-LA Lutron Dimmer LA,,,,Fenton Bros Electric Inc (FENBR),Unknown,0.0,No evidence,[],,,,,,,,,,,,,,,,,,,,,,,,,,,,,,,,,,,,,,,,,,,,,,,,,,,,,,,,,,,,,,,,,,,,,,,,,,,,,,,,,,,,,,,,,,,,,,,,,,,,,,,,,,,,,,,,,,,,,,,,,,,,,,,,,,,,,,,,,,,,,,,,,,,,,,,Fenton Bros Electric Inc (FENBR),Unknown,AYCL-153PH-LA,Lutron Dimmer LA,Lutron Dimmer LA for industrial and commercial applications.,Lutron Dimmer LA Manufactured or supplied by Fenton Bros Electric Inc (FENBR).,Lutron Dimmer LA designed for industrial and commercial use.,Manufacturer: Fenton Bros Electric Inc (FENBR),Manufacturer Part Number: AYCL-153PH-LA,,,,,,,,,,,,,,,,,,
AYCL-153PH-WH,AYCL-153PH-WH Lutron Dimmer Wh,,,,Fenton Bros Electric Inc (FENBR),Unknown,0.0,No evidence,[],,,,,,,,,,,,,,,,,,,,,,,,,,,,,,,,,,,,,,,,,,,,,,,,,,,,,,,,,,,,,,,,,,,,,,,,,,,,,,,,,,,,,,,,,,,,,,,,,,,,,,,,,,,,,,,,,,,,,,,,,,,,,,,,,,,,,,,,,,,,,,,,,,,,,,,Fenton Bros Electric Inc (FENBR),Unknown,AYCL-153PH-WH,Lutron Dimmer Wh,Lutron Dimmer Wh for industrial and commercial applications.,Lutron Dimmer Wh Manufactured or supplied by Fenton Bros Electric Inc (FENBR).,Lutron Dimmer Wh designed for industrial and commercial use.,Manufacturer: Fenton Bros Electric Inc (FENBR),Manufacturer Part Number: AYCL-153PH-WH,,,,,,,,,,,,,,,,,,
D23LP-R02-1RW,D23LPR021RW Plug In Dimmer Wh,,,Leviton,Leviton Mfg Co (4927),Leviton,0.7,Structured source,[],,,,,,,,,,,,,,,,,,,,,,,,,,,,,,,,,,,,,,,,,,,,,,,,,,,,,,,,,,,,,,,,,,,,,,,,,,,,,,,,,,,,,,,,,,,,,,,,,,,,,,,,,,,,,,,,,,,,,,,,,,,,,,,,,,,,,,,,,,,,,,,,,,,,,,,Leviton Mfg Co (4927),Leviton,D23LP-R02-1RW,Leviton D23LPR021RW Plug In Dimmer Wh,Leviton D23LPR021RW Plug In Dimmer Wh for industrial and commercial applications.,Leviton D23LPR021RW Plug In Dimmer Wh Manufactured or supplied by Leviton Mfg Co (4927).,Leviton D23LPR021RW Plug In Dimmer Wh designed for industrial and commercial use.,Brand: Leviton,Manufacturer: Leviton Mfg Co (4927),Manufacturer Part Number: D23LP-R02-1RW,,,,,,,,,,,,,,,,,
TNOCD002,TNOCD002 125V Outdooor Timer,,,Prime,Prime Wire & Cable (3562),Prime,0.7,Structured source,"[('Voltage', '125', 'V')]",Voltage,125,V,,,,,,,,,,,,,,,,,,,,,,,,,,,,,,,,,,,,,,,,,,,,,,,,,,,,,,,,,,,,,,,,,,,,,,,,,,,,,,,,,,,,,,,,,,,,,,,,,,,,,,,,,,,,,,,,,,,,,,,,,,,,,,,,,,,,,,,,,,,,,,,,,,,,Prime Wire & Cable (3562),Prime,TNOCD002,Prime 125V Outdooor Timer,Prime 125V Outdooor Timer for industrial and commercial applications.,Prime 125V Outdooor Timer Manufactured or supplied by Prime Wire & Cable (3562). Available product information includes Voltage: 125 V.,Prime 125V Outdooor Timer designed for industrial and commercial use. Key identified specifications include Voltage: 125 V.,Brand: Prime,Manufacturer: Prime Wire & Cable (3562),Manufacturer Part Number: TNOCD002,Voltage: 125 V,,,,,,,,,,,,,,,,
TNDHD002,TNDHD002 125V 7Day Timer,,,Prime,Prime Wire & Cable (3562),Prime,0.7,Structured source,"[('Voltage', '125', 'V')]",Voltage,125,V,,,,,,,,,,,,,,,,,,,,,,,,,,,,,,,,,,,,,,,,,,,,,,,,,,,,,,,,,,,,,,,,,,,,,,,,,,,,,,,,,,,,,,,,,,,,,,,,,,,,,,,,,,,,,,,,,,,,,,,,,,,,,,,,,,,,,,,,,,,,,,,,,,,,Prime Wire & Cable (3562),Prime,TNDHD002,Prime 125V 7Day Timer,Prime 125V 7Day Timer for industrial and commercial applications.,Prime 125V 7Day Timer Manufactured or supplied by Prime Wire & Cable (3562). Available product information includes Voltage: 125 V.,Prime 125V 7Day Timer designed for industrial and commercial use. Key identified specifications include Voltage: 125 V.,Brand: Prime,Manufacturer: Prime Wire & Cable (3562),Manufacturer Part Number: TNDHD002,Voltage: 125 V,,,,,,,,,,,,,,,,
TNIDP12,TNIDP12 125V Dig Indoor Timer,,,Prime,Prime Wire & Cable (3562),Prime,0.7,Structured source,"[('Voltage', '125', 'V')]",Voltage,125,V,,,,,,,,,,,,,,,,,,,,,,,,,,,,,,,,,,,,,,,,,,,,,,,,,,,,,,,,,,,,,,,,,,,,,,,,,,,,,,,,,,,,,,,,,,,,,,,,,,,,,,,,,,,,,,,,,,,,,,,,,,,,,,,,,,,,,,,,,,,,,,,,,,,,Prime Wire & Cable (3562),Prime,TNIDP12,Prime 125V Dig Indoor Timer,Prime 125V Dig Indoor Timer for industrial and commercial applications.,Prime 125V Dig Indoor Timer Manufactured or supplied by Prime Wire & Cable (3562). Available product information includes Voltage: 125 V.,Prime 125V Dig Indoor Timer designed for industrial and commercial use. Key identified specifications include Voltage: 125 V.,Brand: Prime,Manufacturer: Prime Wire & Cable (3562),Manufacturer Part Number: TNIDP12,Voltage: 125 V,,,,,,,,,,,,,,,,
TNIW24,TNIW24 125V 24hr Mech Timer,,,Prime,Prime Wire & Cable (3562),Prime,0.7,Structured source,"[('Voltage', '125', 'V')]",Voltage,125,V,,,,,,,,,,,,,,,,,,,,,,,,,,,,,,,,,,,,,,,,,,,,,,,,,,,,,,,,,,,,,,,,,,,,,,,,,,,,,,,,,,,,,,,,,,,,,,,,,,,,,,,,,,,,,,,,,,,,,,,,,,,,,,,,,,,,,,,,,,,,,,,,,,,,Prime Wire & Cable (3562),Prime,TNIW24,Prime 125V 24hr Mech Timer,Prime 125V 24hr Mech Timer for industrial and commercial applications.,Prime 125V 24hr Mech Timer Manufactured or supplied by Prime Wire & Cable (3562). Available product information includes Voltage: 125 V.,Prime 125V 24hr Mech Timer designed for industrial and commercial use. Key identified specifications include Voltage: 125 V.,Brand: Prime,Manufacturer: Prime Wire & Cable (3562),Manufacturer Part Number: TNIW24,Voltage: 125 V,,,,,,,,,,,,,,,,
65-1222,65-1222 1' Led Lt Multi CCT,,,,Satco Prod Inc (5573),Unknown,0.0,No evidence,[],,,,,,,,,,,,,,,,,,,,,,,,,,,,,,,,,,,,,,,,,,,,,,,,,,,,,,,,,,,,,,,,,,,,,,,,,,,,,,,,,,,,,,,,,,,,,,,,,,,,,,,,,,,,,,,,,,,,,,,,,,,,,,,,,,,,,,,,,,,,,,,,,,,,,,,Satco Prod Inc (5573),Unknown,65-1222,1' Led Lt Multi CCT,1' Led Lt Multi CCT for industrial and commercial applications.,1' Led Lt Multi CCT Manufactured or supplied by Satco Prod Inc (5573).,1' Led Lt Multi CCT designed for industrial and commercial use.,Manufacturer: Satco Prod Inc (5573),Manufacturer Part Number: 65-1222,,,,,,,,,,,,,,,,,,
65-1224,65-1224 4' Led Strip Light,,,Satco,Satco Prod Inc (5573),Satco,0.7,Structured source,[],,,,,,,,,,,,,,,,,,,,,,,,,,,,,,,,,,,,,,,,,,,,,,,,,,,,,,,,,,,,,,,,,,,,,,,,,,,,,,,,,,,,,,,,,,,,,,,,,,,,,,,,,,,,,,,,,,,,,,,,,,,,,,,,,,,,,,,,,,,,,,,,,,,,,,,Satco Prod Inc (5573),Satco,65-1224,Satco 4' Led Strip Light,Satco 4' Led Strip Light for industrial and commercial applications.,Satco 4' Led Strip Light Manufactured or supplied by Satco Prod Inc (5573).,Satco 4' Led Strip Light designed for industrial and commercial use.,Brand: Satco,Manufacturer: Satco Prod Inc (5573),Manufacturer Part Number: 65-1224,,,,,,,,,,,,,,,,,
45297BK,45297BK Kichler Wall Lt,,,,Kichler Lighting (KICLI),Unknown,0.0,No evidence,[],,,,,,,,,,,,,,,,,,,,,,,,,,,,,,,,,,,,,,,,,,,,,,,,,,,,,,,,,,,,,,,,,,,,,,,,,,,,,,,,,,,,,,,,,,,,,,,,,,,,,,,,,,,,,,,,,,,,,,,,,,,,,,,,,,,,,,,,,,,,,,,,,,,,,,,Kichler Lighting (KICLI),Unknown,45297BK,Kichler Wall Lt,Kichler Wall Lt for industrial and commercial applications.,Kichler Wall Lt Manufactured or supplied by Kichler Lighting (KICLI).,Kichler Wall Lt designed for industrial and commercial use.,Manufacturer: Kichler Lighting (KICLI),Manufacturer Part Number: 45297BK,,,,,,,,,,,,,,,,,,
45573BK,45573BK Kichler Wall Light,,,,Kichler Lighting (KICLI),Unknown,0.0,No evidence,[],,,,,,,,,,,,,,,,,,,,,,,,,,,,,,,,,,,,,,,,,,,,,,,,,,,,,,,,,,,,,,,,,,,,,,,,,,,,,,,,,,,,,,,,,,,,,,,,,,,,,,,,,,,,,,,,,,,,,,,,,,,,,,,,,,,,,,,,,,,,,,,,,,,,,,,Kichler Lighting (KICLI),Unknown,45573BK,Kichler Wall Light,Kichler Wall Light for industrial and commercial applications.,Kichler Wall Light Manufactured or supplied by Kichler Lighting (KICLI).,Kichler Wall Light designed for industrial and commercial use.,Manufacturer: Kichler Lighting (KICLI),Manufacturer Part Number: 45573BK,,,,,,,,,,,,,,,,,,
37418A,37418A Kichler Bath Light,,,,Kichler Lighting (KICLI),Unknown,0.0,No evidence,[],,,,,,,,,,,,,,,,,,,,,,,,,,,,,,,,,,,,,,,,,,,,,,,,,,,,,,,,,,,,,,,,,,,,,,,,,,,,,,,,,,,,,,,,,,,,,,,,,,,,,,,,,,,,,,,,,,,,,,,,,,,,,,,,,,,,,,,,,,,,,,,,,,,,,,,Kichler Lighting (KICLI),Unknown,37418A,Kichler Bath Light,Kichler Bath Light for industrial and commercial applications.,Kichler Bath Light Manufactured or supplied by Kichler Lighting (KICLI).,Kichler Bath Light designed for industrial and commercial use.,Manufacturer: Kichler Lighting (KICLI),Manufacturer Part Number: 37418A,,,,,,,,,,,,,,,,,,
37423A,37423A Kichler Bath Light,,,,Kichler Lighting (KICLI),Unknown,0.0,No evidence,[],,,,,,,,,,,,,,,,,,,,,,,,,,,,,,,,,,,,,,,,,,,,,,,,,,,,,,,,,,,,,,,,,,,,,,,,,,,,,,,,,,,,,,,,,,,,,,,,,,,,,,,,,,,,,,,,,,,,,,,,,,,,,,,,,,,,,,,,,,,,,,,,,,,,,,,Kichler Lighting (KICLI),Unknown,37423A,Kichler Bath Light,Kichler Bath Light for industrial and commercial applications.,Kichler Bath Light Manufactured or supplied by Kichler Lighting (KICLI).,Kichler Bath Light designed for industrial and commercial use.,Manufacturer: Kichler Lighting (KICLI),Manufacturer Part Number: 37423A,,,,,,,,,,,,,,,,,,
45496BKCLR,45496BKCLR Kichler Bath Light,,,,Kichler Lighting (KICLI),Unknown,0.0,No evidence,[],,,,,,,,,,,,,,,,,,,,,,,,,,,,,,,,,,,,,,,,,,,,,,,,,,,,,,,,,,,,,,,,,,,,,,,,,,,,,,,,,,,,,,,,,,,,,,,,,,,,,,,,,,,,,,,,,,,,,,,,,,,,,,,,,,,,,,,,,,,,,,,,,,,,,,,Kichler Lighting (KICLI),Unknown,45496BKCLR,Kichler Bath Light,Kichler Bath Light for industrial and commercial applications.,Kichler Bath Light Manufactured or supplied by Kichler Lighting (KICLI).,Kichler Bath Light designed for industrial and commercial use.,Manufacturer: Kichler Lighting (KICLI),Manufacturer Part Number: 45496BKCLR,,,,,,,,,,,,,,,,,,
45973BK,45973BK Kichler Wall Light,,,,Kichler Lighting (KICLI),Unknown,0.0,No evidence,[],,,,,,,,,,,,,,,,,,,,,,,,,,,,,,,,,,,,,,,,,,,,,,,,,,,,,,,,,,,,,,,,,,,,,,,,,,,,,,,,,,,,,,,,,,,,,,,,,,,,,,,,,,,,,,,,,,,,,,,,,,,,,,,,,,,,,,,,,,,,,,,,,,,,,,,Kichler Lighting (KICLI),Unknown,45973BK,Kichler Wall Light,Kichler Wall Light for industrial and commercial applications.,Kichler Wall Light Manufactured or supplied by Kichler Lighting (KICLI).,Kichler Wall Light designed for industrial and commercial use.,Manufacturer: Kichler Lighting (KICLI),Manufacturer Part Number: 45973BK,,,,,,,,,,,,,,,,,,
55155BK,55155BK Kichler Wall Lt,,,,Kichler Lighting (KICLI),Unknown,0.0,No evidence,[],,,,,,,,,,,,,,,,,,,,,,,,,,,,,,,,,,,,,,,,,,,,,,,,,,,,,,,,,,,,,,,,,,,,,,,,,,,,,,,,,,,,,,,,,,,,,,,,,,,,,,,,,,,,,,,,,,,,,,,,,,,,,,,,,,,,,,,,,,,,,,,,,,,,,,,Kichler Lighting (KICLI),Unknown,55155BK,Kichler Wall Lt,Kichler Wall Lt for industrial and commercial applications.,Kichler Wall Lt Manufactured or supplied by Kichler Lighting (KICLI).,Kichler Wall Lt designed for industrial and commercial use.,Manufacturer: Kichler Lighting (KICLI),Manufacturer Part Number: 55155BK,,,,,,,,,,,,,,,,,,
55157CPZ,55157CPZ Kichler Wall Light,,,,Kichler Lighting (KICLI),Unknown,0.0,No evidence,[],,,,,,,,,,,,,,,,,,,,,,,,,,,,,,,,,,,,,,,,,,,,,,,,,,,,,,,,,,,,,,,,,,,,,,,,,,,,,,,,,,,,,,,,,,,,,,,,,,,,,,,,,,,,,,,,,,,,,,,,,,,,,,,,,,,,,,,,,,,,,,,,,,,,,,,Kichler Lighting (KICLI),Unknown,55157CPZ,Kichler Wall Light,Kichler Wall Light for industrial and commercial applications.,Kichler Wall Light Manufactured or supplied by Kichler Lighting (KICLI).,Kichler Wall Light designed for industrial and commercial use.,Manufacturer: Kichler Lighting (KICLI),Manufacturer Part Number: 55157CPZ,,,,,,,,,,,,,,,,,,
55184BK,55184BK Kichler Wall Lt,,,,Kichler Lighting (KICLI),Unknown,0.0,No evidence,[],,,,,,,,,,,,,,,,,,,,,,,,,,,,,,,,,,,,,,,,,,,,,,,,,,,,,,,,,,,,,,,,,,,,,,,,,,,,,,,,,,,,,,,,,,,,,,,,,,,,,,,,,,,,,,,,,,,,,,,,,,,,,,,,,,,,,,,,,,,,,,,,,,,,,,,Kichler Lighting (KICLI),Unknown,55184BK,Kichler Wall Lt,Kichler Wall Lt for industrial and commercial applications.,Kichler Wall Lt Manufactured or supplied by Kichler Lighting (KICLI).,Kichler Wall Lt designed for industrial and commercial use.,Manufacturer: Kichler Lighting (KICLI),Manufacturer Part Number: 55184BK,,,,,,,,,,,,,,,,,,
55185BK,55185BK Kichler Wall Lt,,,,Kichler Lighting (KICLI),Unknown,0.0,No evidence,[],,,,,,,,,,,,,,,,,,,,,,,,,,,,,,,,,,,,,,,,,,,,,,,,,,,,,,,,,,,,,,,,,,,,,,,,,,,,,,,,,,,,,,,,,,,,,,,,,,,,,,,,,,,,,,,,,,,,,,,,,,,,,,,,,,,,,,,,,,,,,,,,,,,,,,,Kichler Lighting (KICLI),Unknown,55185BK,Kichler Wall Lt,Kichler Wall Lt for industrial and commercial applications.,Kichler Wall Lt Manufactured or supplied by Kichler Lighting (KICLI).,Kichler Wall Lt designed for industrial and commercial use.,Manufacturer: Kichler Lighting (KICLI),Manufacturer Part Number: 55185BK,,,,,,,,,,,,,,,,,,
55186CH,55186CH Kichler Wall Lt,,,,Kichler Lighting (KICLI),Unknown,0.0,No evidence,[],,,,,,,,,,,,,,,,,,,,,,,,,,,,,,,,,,,,,,,,,,,,,,,,,,,,,,,,,,,,,,,,,,,,,,,,,,,,,,,,,,,,,,,,,,,,,,,,,,,,,,,,,,,,,,,,,,,,,,,,,,,,,,,,,,,,,,,,,,,,,,,,,,,,,,,Kichler Lighting (KICLI),Unknown,55186CH,Kichler Wall Lt,Kichler Wall Lt for industrial and commercial applications.,Kichler Wall Lt Manufactured or supplied by Kichler Lighting (KICLI).,Kichler Wall Lt designed for industrial and commercial use.,Manufacturer: Kichler Lighting (KICLI),Manufacturer Part Number: 55186CH,,,,,,,,,,,,,,,,,,
55210NI,55210NI Kichler Wall Light,,,,Kichler Lighting (KICLI),Unknown,0.0,No evidence,[],,,,,,,,,,,,,,,,,,,,,,,,,,,,,,,,,,,,,,,,,,,,,,,,,,,,,,,,,,,,,,,,,,,,,,,,,,,,,,,,,,,,,,,,,,,,,,,,,,,,,,,,,,,,,,,,,,,,,,,,,,,,,,,,,,,,,,,,,,,,,,,,,,,,,,,Kichler Lighting (KICLI),Unknown,55210NI,Kichler Wall Light,Kichler Wall Light for industrial and commercial applications.,Kichler Wall Light Manufactured or supplied by Kichler Lighting (KICLI).,Kichler Wall Light designed for industrial and commercial use.,Manufacturer: Kichler Lighting (KICLI),Manufacturer Part Number: 55210NI,,,,,,,,,,,,,,,,,,
55211BK,55211BK Kichler Wall Light,,,,Kichler Lighting (KICLI),Unknown,0.0,No evidence,[],,,,,,,,,,,,,,,,,,,,,,,,,,,,,,,,,,,,,,,,,,,,,,,,,,,,,,,,,,,,,,,,,,,,,,,,,,,,,,,,,,,,,,,,,,,,,,,,,,,,,,,,,,,,,,,,,,,,,,,,,,,,,,,,,,,,,,,,,,,,,,,,,,,,,,,Kichler Lighting (KICLI),Unknown,55211BK,Kichler Wall Light,Kichler Wall Light for industrial and commercial applications.,Kichler Wall Light Manufactured or supplied by Kichler Lighting (KICLI).,Kichler Wall Light designed for industrial and commercial use.,Manufacturer: Kichler Lighting (KICLI),Manufacturer Part Number: 55211BK,,,,,,,,,,,,,,,,,,
55211NI,55211NI Kichler Wall Light,,,,Kichler Lighting (KICLI),Unknown,0.0,No evidence,[],,,,,,,,,,,,,,,,,,,,,,,,,,,,,,,,,,,,,,,,,,,,,,,,,,,,,,,,,,,,,,,,,,,,,,,,,,,,,,,,,,,,,,,,,,,,,,,,,,,,,,,,,,,,,,,,,,,,,,,,,,,,,,,,,,,,,,,,,,,,,,,,,,,,,,,Kichler Lighting (KICLI),Unknown,55211NI,Kichler Wall Light,Kichler Wall Light for industrial and commercial applications.,Kichler Wall Light Manufactured or supplied by Kichler Lighting (KICLI).,Kichler Wall Light designed for industrial and commercial use.,Manufacturer: Kichler Lighting (KICLI),Manufacturer Part Number: 55211NI,,,,,,,,,,,,,,,,,,
55212NI,55212NI Kichler Wall Light,,,,Kichler Lighting (KICLI),Unknown,0.0,No evidence,[],,,,,,,,,,,,,,,,,,,,,,,,,,,,,,,,,,,,,,,,,,,,,,,,,,,,,,,,,,,,,,,,,,,,,,,,,,,,,,,,,,,,,,,,,,,,,,,,,,,,,,,,,,,,,,,,,,,,,,,,,,,,,,,,,,,,,,,,,,,,,,,,,,,,,,,Kichler Lighting (KICLI),Unknown,55212NI,Kichler Wall Light,Kichler Wall Light for industrial and commercial applications.,Kichler Wall Light Manufactured or supplied by Kichler Lighting (KICLI).,Kichler Wall Light designed for industrial and commercial use.,Manufacturer: Kichler Lighting (KICLI),Manufacturer Part Number: 55212NI,,,,,,,,,,,,,,,,,,
55226BKLFU,55226BKFLU Kichler Wall Lt,,,,Kichler Lighting (KICLI),Unknown,0.0,No evidence,[],,,,,,,,,,,,,,,,,,,,,,,,,,,,,,,,,,,,,,,,,,,,,,,,,,,,,,,,,,,,,,,,,,,,,,,,,,,,,,,,,,,,,,,,,,,,,,,,,,,,,,,,,,,,,,,,,,,,,,,,,,,,,,,,,,,,,,,,,,,,,,,,,,,,,,,Kichler Lighting (KICLI),Unknown,55226BKLFU,55226BKFLU Kichler Wall Lt,55226BKFLU Kichler Wall Lt for industrial and commercial applications.,55226BKFLU Kichler Wall Lt Manufactured or supplied by Kichler Lighting (KICLI).,55226BKFLU Kichler Wall Lt designed for industrial and commercial use.,Manufacturer: Kichler Lighting (KICLI),Manufacturer Part Number: 55226BKLFU,,,,,,,,,,,,,,,,,,
55239CPZLED,55239CPZLED Kichler Wall Lt,,,,Kichler Lighting (KICLI),Unknown,0.0,No evidence,[],,,,,,,,,,,,,,,,,,,,,,,,,,,,,,,,,,,,,,,,,,,,,,,,,,,,,,,,,,,,,,,,,,,,,,,,,,,,,,,,,,,,,,,,,,,,,,,,,,,,,,,,,,,,,,,,,,,,,,,,,,,,,,,,,,,,,,,,,,,,,,,,,,,,,,,Kichler Lighting (KICLI),Unknown,55239CPZLED,Kichler Wall Lt,Kichler Wall Lt for industrial and commercial applications.,Kichler Wall Lt Manufactured or supplied by Kichler Lighting (KICLI).,Kichler Wall Lt designed for industrial and commercial use.,Manufacturer: Kichler Lighting (KICLI),Manufacturer Part Number: 55239CPZLED,,,,,,,,,,,,,,,,,,
44072DBK,44072DBK Kichler Chandelier Lt,,,,Kichler Lighting (KICLI),Unknown,0.0,No evidence,[],,,,,,,,,,,,,,,,,,,,,,,,,,,,,,,,,,,,,,,,,,,,,,,,,,,,,,,,,,,,,,,,,,,,,,,,,,,,,,,,,,,,,,,,,,,,,,,,,,,,,,,,,,,,,,,,,,,,,,,,,,,,,,,,,,,,,,,,,,,,,,,,,,,,,,,Kichler Lighting (KICLI),Unknown,44072DBK,Kichler Chandelier Lt,Kichler Chandelier Lt for industrial and commercial applications.,Kichler Chandelier Lt Manufactured or supplied by Kichler Lighting (KICLI).,Kichler Chandelier Lt designed for industrial and commercial use.,Manufacturer: Kichler Lighting (KICLI),Manufacturer Part Number: 44072DBK,,,,,,,,,,,,,,,,,,
44073NI,44073NI Kichler Chandelier Lt,,,,Kichler Lighting (KICLI),Unknown,0.0,No evidence,[],,,,,,,,,,,,,,,,,,,,,,,,,,,,,,,,,,,,,,,,,,,,,,,,,,,,,,,,,,,,,,,,,,,,,,,,,,,,,,,,,,,,,,,,,,,,,,,,,,,,,,,,,,,,,,,,,,,,,,,,,,,,,,,,,,,,,,,,,,,,,,,,,,,,,,,Kichler Lighting (KICLI),Unknown,44073NI,Kichler Chandelier Lt,Kichler Chandelier Lt for industrial and commercial applications.,Kichler Chandelier Lt Manufactured or supplied by Kichler Lighting (KICLI).,Kichler Chandelier Lt designed for industrial and commercial use.,Manufacturer: Kichler Lighting (KICLI),Manufacturer Part Number: 44073NI,,,,,,,,,,,,,,,,,,
52033BK,52033BK Kichler Chandelier Lt,,,,Kichler Lighting (KICLI),Unknown,0.0,No evidence,[],,,,,,,,,,,,,,,,,,,,,,,,,,,,,,,,,,,,,,,,,,,,,,,,,,,,,,,,,,,,,,,,,,,,,,,,,,,,,,,,,,,,,,,,,,,,,,,,,,,,,,,,,,,,,,,,,,,,,,,,,,,,,,,,,,,,,,,,,,,,,,,,,,,,,,,Kichler Lighting (KICLI),Unknown,52033BK,Kichler Chandelier Lt,Kichler Chandelier Lt for industrial and commercial applications.,Kichler Chandelier Lt Manufactured or supplied by Kichler Lighting (KICLI).,Kichler Chandelier Lt designed for industrial and commercial use.,Manufacturer: Kichler Lighting (KICLI),Manufacturer Part Number: 52033BK,,,,,,,,,,,,,,,,,,
84322WH,84322WH Kichler Chandelier Lt,,,,Kichler Lighting (KICLI),Unknown,0.0,No evidence,[],,,,,,,,,,,,,,,,,,,,,,,,,,,,,,,,,,,,,,,,,,,,,,,,,,,,,,,,,,,,,,,,,,,,,,,,,,,,,,,,,,,,,,,,,,,,,,,,,,,,,,,,,,,,,,,,,,,,,,,,,,,,,,,,,,,,,,,,,,,,,,,,,,,,,,,Kichler Lighting (KICLI),Unknown,84322WH,Kichler Chandelier Lt,Kichler Chandelier Lt for industrial and commercial applications.,Kichler Chandelier Lt Manufactured or supplied by Kichler Lighting (KICLI).,Kichler Chandelier Lt designed for industrial and commercial use.,Manufacturer: Kichler Lighting (KICLI),Manufacturer Part Number: 84322WH,,,,,,,,,,,,,,,,,,
52404BK,52404BK Kichler Chandelier Lt,,,,Kichler Lighting (KICLI),Unknown,0.0,No evidence,[],,,,,,,,,,,,,,,,,,,,,,,,,,,,,,,,,,,,,,,,,,,,,,,,,,,,,,,,,,,,,,,,,,,,,,,,,,,,,,,,,,,,,,,,,,,,,,,,,,,,,,,,,,,,,,,,,,,,,,,,,,,,,,,,,,,,,,,,,,,,,,,,,,,,,,,Kichler Lighting (KICLI),Unknown,52404BK,Kichler Chandelier Lt,Kichler Chandelier Lt for industrial and commercial applications.,Kichler Chandelier Lt Manufactured or supplied by Kichler Lighting (KICLI).,Kichler Chandelier Lt designed for industrial and commercial use.,Manufacturer: Kichler Lighting (KICLI),Manufacturer Part Number: 52404BK,,,,,,,,,,,,,,,,,,
34686A,34686A Kichler Chandelier Lt,,,,Kichler Lighting (KICLI),Unknown,0.0,No evidence,[],,,,,,,,,,,,,,,,,,,,,,,,,,,,,,,,,,,,,,,,,,,,,,,,,,,,,,,,,,,,,,,,,,,,,,,,,,,,,,,,,,,,,,,,,,,,,,,,,,,,,,,,,,,,,,,,,,,,,,,,,,,,,,,,,,,,,,,,,,,,,,,,,,,,,,,Kichler Lighting (KICLI),Unknown,34686A,Kichler Chandelier Lt,Kichler Chandelier Lt for industrial and commercial applications.,Kichler Chandelier Lt Manufactured or supplied by Kichler Lighting (KICLI).,Kichler Chandelier Lt designed for industrial and commercial use.,Manufacturer: Kichler Lighting (KICLI),Manufacturer Part Number: 34686A,,,,,,,,,,,,,,,,,,
34687A,34687A Kichler Chandelier Lt,,,,Kichler Lighting (KICLI),Unknown,0.0,No evidence,[],,,,,,,,,,,,,,,,,,,,,,,,,,,,,,,,,,,,,,,,,,,,,,,,,,,,,,,,,,,,,,,,,,,,,,,,,,,,,,,,,,,,,,,,,,,,,,,,,,,,,,,,,,,,,,,,,,,,,,,,,,,,,,,,,,,,,,,,,,,,,,,,,,,,,,,Kichler Lighting (KICLI),Unknown,34687A,Kichler Chandelier Lt,Kichler Chandelier Lt for industrial and commercial applications.,Kichler Chandelier Lt Manufactured or supplied by Kichler Lighting (KICLI).,Kichler Chandelier Lt designed for industrial and commercial use.,Manufacturer: Kichler Lighting (KICLI),Manufacturer Part Number: 34687A,,,,,,,,,,,,,,,,,,
34688A,34688A Kichler Chandelier Lt,,,,-,Unknown,0.0,No evidence,[],,,,,,,,,,,,,,,,,,,,,,,,,,,,,,,,,,,,,,,,,,,,,,,,,,,,,,,,,,,,,,,,,,,,,,,,,,,,,,,,,,,,,,,,,,,,,,,,,,,,,,,,,,,,,,,,,,,,,,,,,,,,,,,,,,,,,,,,,,,,,,,,,,,,,,,-,Unknown,34688A,Kichler Chandelier Lt,Kichler Chandelier Lt for industrial and commercial applications.,Kichler Chandelier Lt Manufactured or supplied by -.,Kichler Chandelier Lt designed for industrial and commercial use.,Manufacturer: -,Manufacturer Part Number: 34688A,,,,,,,,,,,,,,,,,,
43671BKCLR,43671BKCLR Kichler Chand Lt,,,,Kichler Lighting (KICLI),Unknown,0.0,No evidence,[],,,,,,,,,,,,,,,,,,,,,,,,,,,,,,,,,,,,,,,,,,,,,,,,,,,,,,,,,,,,,,,,,,,,,,,,,,,,,,,,,,,,,,,,,,,,,,,,,,,,,,,,,,,,,,,,,,,,,,,,,,,,,,,,,,,,,,,,,,,,,,,,,,,,,,,Kichler Lighting (KICLI),Unknown,43671BKCLR,Kichler Chand Lt,Kichler Chand Lt for industrial and commercial applications.,Kichler Chand Lt Manufactured or supplied by Kichler Lighting (KICLI).,Kichler Chand Lt designed for industrial and commercial use.,Manufacturer: Kichler Lighting (KICLI),Manufacturer Part Number: 43671BKCLR,,,,,,,,,,,,,,,,,,
52616BK,52616BK Kichler Chandelier Lt,,,,Kichler Lighting (KICLI),Unknown,0.0,No evidence,[],,,,,,,,,,,,,,,,,,,,,,,,,,,,,,,,,,,,,,,,,,,,,,,,,,,,,,,,,,,,,,,,,,,,,,,,,,,,,,,,,,,,,,,,,,,,,,,,,,,,,,,,,,,,,,,,,,,,,,,,,,,,,,,,,,,,,,,,,,,,,,,,,,,,,,,Kichler Lighting (KICLI),Unknown,52616BK,Kichler Chandelier Lt,Kichler Chandelier Lt for industrial and commercial applications.,Kichler Chandelier Lt Manufactured or supplied by Kichler Lighting (KICLI).,Kichler Chandelier Lt designed for industrial and commercial use.,Manufacturer: Kichler Lighting (KICLI),Manufacturer Part Number: 52616BK,,,,,,,,,,,,,,,,,,
52616NI,52616NI Kichler Chandelier Lt,,,,Kichler Lighting (KICLI),Unknown,0.0,No evidence,[],,,,,,,,,,,,,,,,,,,,,,,,,,,,,,,,,,,,,,,,,,,,,,,,,,,,,,,,,,,,,,,,,,,,,,,,,,,,,,,,,,,,,,,,,,,,,,,,,,,,,,,,,,,,,,,,,,,,,,,,,,,,,,,,,,,,,,,,,,,,,,,,,,,,,,,Kichler Lighting (KICLI),Unknown,52616NI,Kichler Chandelier Lt,Kichler Chandelier Lt for industrial and commercial applications.,Kichler Chandelier Lt Manufactured or supplied by Kichler Lighting (KICLI).,Kichler Chandelier Lt designed for industrial and commercial use.,Manufacturer: Kichler Lighting (KICLI),Manufacturer Part Number: 52616NI,,,,,,,,,,,,,,,,,,
52678BK,52678BK Kichler Chandelier Lt,,,,Kichler Lighting (KICLI),Unknown,0.0,No evidence,[],,,,,,,,,,,,,,,,,,,,,,,,,,,,,,,,,,,,,,,,,,,,,,,,,,,,,,,,,,,,,,,,,,,,,,,,,,,,,,,,,,,,,,,,,,,,,,,,,,,,,,,,,,,,,,,,,,,,,,,,,,,,,,,,,,,,,,,,,,,,,,,,,,,,,,,Kichler Lighting (KICLI),Unknown,52678BK,Kichler Chandelier Lt,Kichler Chandelier Lt for industrial and commercial applications.,Kichler Chandelier Lt Manufactured or supplied by Kichler Lighting (KICLI).,Kichler Chandelier Lt designed for industrial and commercial use.,Manufacturer: Kichler Lighting (KICLI),Manufacturer Part Number: 52678BK,,,,,,,,,,,,,,,,,,
52680CPZ,52680CPZ Kichler Chandelier Lt,,,,Kichler Lighting (KICLI),Unknown,0.0,No evidence,[],,,,,,,,,,,,,,,,,,,,,,,,,,,,,,,,,,,,,,,,,,,,,,,,,,,,,,,,,,,,,,,,,,,,,,,,,,,,,,,,,,,,,,,,,,,,,,,,,,,,,,,,,,,,,,,,,,,,,,,,,,,,,,,,,,,,,,,,,,,,,,,,,,,,,,,Kichler Lighting (KICLI),Unknown,52680CPZ,Kichler Chandelier Lt,Kichler Chandelier Lt for industrial and commercial applications.,Kichler Chandelier Lt Manufactured or supplied by Kichler Lighting (KICLI).,Kichler Chandelier Lt designed for industrial and commercial use.,Manufacturer: Kichler Lighting (KICLI),Manufacturer Part Number: 52680CPZ,,,,,,,,,,,,,,,,,,
52772BK,52772BK Kichler Chandelier Lt,,,,Kichler Lighting (KICLI),Unknown,0.0,No evidence,[],,,,,,,,,,,,,,,,,,,,,,,,,,,,,,,,,,,,,,,,,,,,,,,,,,,,,,,,,,,,,,,,,,,,,,,,,,,,,,,,,,,,,,,,,,,,,,,,,,,,,,,,,,,,,,,,,,,,,,,,,,,,,,,,,,,,,,,,,,,,,,,,,,,,,,,Kichler Lighting (KICLI),Unknown,52772BK,Kichler Chandelier Lt,Kichler Chandelier Lt for industrial and commercial applications.,Kichler Chandelier Lt Manufactured or supplied by Kichler Lighting (KICLI).,Kichler Chandelier Lt designed for industrial and commercial use.,Manufacturer: Kichler Lighting (KICLI),Manufacturer Part Number: 52772BK,,,,,,,,,,,,,,,,,,
82399,82399 Kichler Chandelier Lt,,,,Kichler Lighting (KICLI),Unknown,0.0,No evidence,[],,,,,,,,,,,,,,,,,,,,,,,,,,,,,,,,,,,,,,,,,,,,,,,,,,,,,,,,,,,,,,,,,,,,,,,,,,,,,,,,,,,,,,,,,,,,,,,,,,,,,,,,,,,,,,,,,,,,,,,,,,,,,,,,,,,,,,,,,,,,,,,,,,,,,,,Kichler Lighting (KICLI),Unknown,82399,Kichler Chandelier Lt,Kichler Chandelier Lt for industrial and commercial applications.,Kichler Chandelier Lt Manufactured or supplied by Kichler Lighting (KICLI).,Kichler Chandelier Lt designed for industrial and commercial use.,Manufacturer: Kichler Lighting (KICLI),Manufacturer Part Number: 82399,,,,,,,,,,,,,,,,,,
65-771R3,65-771R3 Nuvo Highbay Light,,,,Satco Prod Inc (5573),Unknown,0.0,No evidence,[],,,,,,,,,,,,,,,,,,,,,,,,,,,,,,,,,,,,,,,,,,,,,,,,,,,,,,,,,,,,,,,,,,,,,,,,,,,,,,,,,,,,,,,,,,,,,,,,,,,,,,,,,,,,,,,,,,,,,,,,,,,,,,,,,,,,,,,,,,,,,,,,,,,,,,,Satco Prod Inc (5573),Unknown,65-771R3,Nuvo Highbay Light,Nuvo Highbay Light for industrial and commercial applications.,Nuvo Highbay Light Manufactured or supplied by Satco Prod Inc (5573).,Nuvo Highbay Light designed for industrial and commercial use.,Manufacturer: Satco Prod Inc (5573),Manufacturer Part Number: 65-771R3,,,,,,,,,,,,,,,,,,
42955BK,42955BK Kichler Ceiling Lt,,,,Kichler Lighting (KICLI),Unknown,0.0,No evidence,[],,,,,,,,,,,,,,,,,,,,,,,,,,,,,,,,,,,,,,,,,,,,,,,,,,,,,,,,,,,,,,,,,,,,,,,,,,,,,,,,,,,,,,,,,,,,,,,,,,,,,,,,,,,,,,,,,,,,,,,,,,,,,,,,,,,,,,,,,,,,,,,,,,,,,,,Kichler Lighting (KICLI),Unknown,42955BK,Kichler Ceiling Lt,Kichler Ceiling Lt for industrial and commercial applications.,Kichler Ceiling Lt Manufactured or supplied by Kichler Lighting (KICLI).,Kichler Ceiling Lt designed for industrial and commercial use.,Manufacturer: Kichler Lighting (KICLI),Manufacturer Part Number: 42955BK,,,,,,,,,,,,,,,,,,
42275BK,42275BK Kichler Ceiling Lt,,,,Kichler Lighting (KICLI),Unknown,0.0,No evidence,[],,,,,,,,,,,,,,,,,,,,,,,,,,,,,,,,,,,,,,,,,,,,,,,,,,,,,,,,,,,,,,,,,,,,,,,,,,,,,,,,,,,,,,,,,,,,,,,,,,,,,,,,,,,,,,,,,,,,,,,,,,,,,,,,,,,,,,,,,,,,,,,,,,,,,,,Kichler Lighting (KICLI),Unknown,42275BK,Kichler Ceiling Lt,Kichler Ceiling Lt for industrial and commercial applications.,Kichler Ceiling Lt Manufactured or supplied by Kichler Lighting (KICLI).,Kichler Ceiling Lt designed for industrial and commercial use.,Manufacturer: Kichler Lighting (KICLI),Manufacturer Part Number: 42275BK,,,,,,,,,,,,,,,,,,
62-1850,"62-1850 11"" Led Ceiling Light",,,,Satco Prod Inc (5573),Unknown,0.0,No evidence,"[('Size', '11', 'in')]",Size,11,in,,,,,,,,,,,,,,,,,,,,,,,,,,,,,,,,,,,,,,,,,,,,,,,,,,,,,,,,,,,,,,,,,,,,,,,,,,,,,,,,,,,,,,,,,,,,,,,,,,,,,,,,,,,,,,,,,,,,,,,,,,,,,,,,,,,,,,,,,,,,,,,,,,,,Satco Prod Inc (5573),Unknown,62-1850,"11"" Led Ceiling Light","11"" Led Ceiling Light for industrial and commercial applications.","11"" Led Ceiling Light Manufactured or supplied by Satco Prod Inc (5573). Available product information includes Size: 11 in.","11"" Led Ceiling Light designed for industrial and commercial use. Key identified specifications include Size: 11 in.",Manufacturer: Satco Prod Inc (5573),Manufacturer Part Number: 62-1850,Size: 11 in,,,,,,,,,,,,,,,,,
62-1852,"62-1852 14"" Satco Led Ceiling Lt",,,,Satco Prod Inc (5573),Satco,0.6,Product description,"[('Size', '14', 'in')]",Size,14,in,,,,,,,,,,,,,,,,,,,,,,,,,,,,,,,,,,,,,,,,,,,,,,,,,,,,,,,,,,,,,,,,,,,,,,,,,,,,,,,,,,,,,,,,,,,,,,,,,,,,,,,,,,,,,,,,,,,,,,,,,,,,,,,,,,,,,,,,,,,,,,,,,,,,Satco Prod Inc (5573),Satco,62-1852,"14"" Satco Led Ceiling Lt","14"" Satco Led Ceiling Lt for industrial and commercial applications.","14"" Satco Led Ceiling Lt Manufactured or supplied by Satco Prod Inc (5573). Available product information includes Size: 14 in.","14"" Satco Led Ceiling Lt designed for industrial and commercial use. Key identified specifications include Size: 14 in.",Brand: Satco,Manufacturer: Satco Prod Inc (5573),Manufacturer Part Number: 62-1852,Size: 14 in,,,,,,,,,,,,,,,,
62-1875,"62-1875 10"" Led Ceiling Lt Bn",,,,Satco Prod Inc (5573),Unknown,0.0,No evidence,"[('Size', '10', 'in')]",Size,10,in,,,,,,,,,,,,,,,,,,,,,,,,,,,,,,,,,,,,,,,,,,,,,,,,,,,,,,,,,,,,,,,,,,,,,,,,,,,,,,,,,,,,,,,,,,,,,,,,,,,,,,,,,,,,,,,,,,,,,,,,,,,,,,,,,,,,,,,,,,,,,,,,,,,,Satco Prod Inc (5573),Unknown,62-1875,"10"" Led Ceiling Lt Bn","10"" Led Ceiling Lt Bn for industrial and commercial applications.","10"" Led Ceiling Lt Bn Manufactured or supplied by Satco Prod Inc (5573). Available product information includes Size: 10 in.","10"" Led Ceiling Lt Bn designed for industrial and commercial use. Key identified specifications include Size: 10 in.",Manufacturer: Satco Prod Inc (5573),Manufacturer Part Number: 62-1875,Size: 10 in,,,,,,,,,,,,,,,,,
62-1876,"62-1876 13"" Satco Ceiling Light BN",,,,Satco Prod Inc (5573),Satco,0.6,Product description,"[('Size', '13', 'in')]",Size,13,in,,,,,,,,,,,,,,,,,,,,,,,,,,,,,,,,,,,,,,,,,,,,,,,,,,,,,,,,,,,,,,,,,,,,,,,,,,,,,,,,,,,,,,,,,,,,,,,,,,,,,,,,,,,,,,,,,,,,,,,,,,,,,,,,,,,,,,,,,,,,,,,,,,,,Satco Prod Inc (5573),Satco,62-1876,"13"" Satco Ceiling Light BN","13"" Satco Ceiling Light BN for industrial and commercial applications.","13"" Satco Ceiling Light BN Manufactured or supplied by Satco Prod Inc (5573). Available product information includes Size: 13 in.","13"" Satco Ceiling Light BN designed for industrial and commercial use. Key identified specifications include Size: 13 in.",Brand: Satco,Manufacturer: Satco Prod Inc (5573),Manufacturer Part Number: 62-1876,Size: 13 in,,,,,,,,,,,,,,,,
42296BK,42296BK Kichler Ceiling Lt,,,,Kichler Lighting (KICLI),Unknown,0.0,No evidence,[],,,,,,,,,,,,,,,,,,,,,,,,,,,,,,,,,,,,,,,,,,,,,,,,,,,,,,,,,,,,,,,,,,,,,,,,,,,,,,,,,,,,,,,,,,,,,,,,,,,,,,,,,,,,,,,,,,,,,,,,,,,,,,,,,,,,,,,,,,,,,,,,,,,,,,,Kichler Lighting (KICLI),Unknown,42296BK,Kichler Ceiling Lt,Kichler Ceiling Lt for industrial and commercial applications.,Kichler Ceiling Lt Manufactured or supplied by Kichler Lighting (KICLI).,Kichler Ceiling Lt designed for industrial and commercial use.,Manufacturer: Kichler Lighting (KICLI),Manufacturer Part Number: 42296BK,,,,,,,,,,,,,,,,,,
43913BK,43913BK Kichler Pendant Lt,,,,Kichler Lighting (KICLI),Unknown,0.0,No evidence,[],,,,,,,,,,,,,,,,,,,,,,,,,,,,,,,,,,,,,,,,,,,,,,,,,,,,,,,,,,,,,,,,,,,,,,,,,,,,,,,,,,,,,,,,,,,,,,,,,,,,,,,,,,,,,,,,,,,,,,,,,,,,,,,,,,,,,,,,,,,,,,,,,,,,,,,Kichler Lighting (KICLI),Unknown,43913BK,Kichler Pendant Lt,Kichler Pendant Lt for industrial and commercial applications.,Kichler Pendant Lt Manufactured or supplied by Kichler Lighting (KICLI).,Kichler Pendant Lt designed for industrial and commercial use.,Manufacturer: Kichler Lighting (KICLI),Manufacturer Part Number: 43913BK,,,,,,,,,,,,,,,,,,
HLSMS9129FS1E,"HLSMS9129FS1E 9"" Motion Lt",,,,Cooper Lighting (7638),Unknown,0.0,No evidence,"[('Size', '9', 'in')]",Size,9,in,,,,,,,,,,,,,,,,,,,,,,,,,,,,,,,,,,,,,,,,,,,,,,,,,,,,,,,,,,,,,,,,,,,,,,,,,,,,,,,,,,,,,,,,,,,,,,,,,,,,,,,,,,,,,,,,,,,,,,,,,,,,,,,,,,,,,,,,,,,,,,,,,,,,Cooper Lighting (7638),Unknown,HLSMS9129FS1E,"9"" Motion Lt","9"" Motion Lt for industrial and commercial applications.","9"" Motion Lt Manufactured or supplied by Cooper Lighting (7638). Available product information includes Size: 9 in.","9"" Motion Lt designed for industrial and commercial use. Key identified specifications include Size: 9 in.",Manufacturer: Cooper Lighting (7638),Manufacturer Part Number: HLSMS9129FS1E,Size: 9 in,,,,,,,,,,,,,,,,,
64-110,64-110 Satco Tape Light 16',,,,Satco Prod Inc (5573),Satco,0.6,Product description,[],,,,,,,,,,,,,,,,,,,,,,,,,,,,,,,,,,,,,,,,,,,,,,,,,,,,,,,,,,,,,,,,,,,,,,,,,,,,,,,,,,,,,,,,,,,,,,,,,,,,,,,,,,,,,,,,,,,,,,,,,,,,,,,,,,,,,,,,,,,,,,,,,,,,,,,Satco Prod Inc (5573),Satco,64-110,Satco Tape Light 16',Satco Tape Light 16' for industrial and commercial applications.,Satco Tape Light 16' Manufactured or supplied by Satco Prod Inc (5573).,Satco Tape Light 16' designed for industrial and commercial use.,Brand: Satco,Manufacturer: Satco Prod Inc (5573),Manufacturer Part Number: 64-110,,,,,,,,,,,,,,,,,
603571,603571 3' Strip Light Ext,,,Wiz,Phillips Lighting (5831),Wiz,0.7,Structured source,[],,,,,,,,,,,,,,,,,,,,,,,,,,,,,,,,,,,,,,,,,,,,,,,,,,,,,,,,,,,,,,,,,,,,,,,,,,,,,,,,,,,,,,,,,,,,,,,,,,,,,,,,,,,,,,,,,,,,,,,,,,,,,,,,,,,,,,,,,,,,,,,,,,,,,,,Phillips Lighting (5831),Wiz,603571,Wiz 3' Strip Light Ext,Wiz 3' Strip Light Ext for industrial and commercial applications.,Wiz 3' Strip Light Ext Manufactured or supplied by Phillips Lighting (5831).,Wiz 3' Strip Light Ext designed for industrial and commercial use.,Brand: Wiz,Manufacturer: Phillips Lighting (5831),Manufacturer Part Number: 603571,,,,,,,,,,,,,,,,,
65-572R1,65572 Satco 2x4 Led Flat Panel,,,,Satco Prod Inc (5573),Satco,0.6,Product description,"[('Dimension', '2 x 4', '')]",Dimension,2 x 4,,,,,,,,,,,,,,,,,,,,,,,,,,,,,,,,,,,,,,,,,,,,,,,,,,,,,,,,,,,,,,,,,,,,,,,,,,,,,,,,,,,,,,,,,,,,,,,,,,,,,,,,,,,,,,,,,,,,,,,,,,,,,,,,,,,,,,,,,,,,,,,,,,,,,Satco Prod Inc (5573),Satco,65-572R1,65572 Satco 2x4 Led Flat Panel,65572 Satco 2x4 Led Flat Panel for industrial and commercial applications.,65572 Satco 2x4 Led Flat Panel Manufactured or supplied by Satco Prod Inc (5573). Available product information includes Dimension: 2 x 4.,65572 Satco 2x4 Led Flat Panel designed for industrial and commercial use. Key identified specifications include Dimension: 2 x 4.,Brand: Satco,Manufacturer: Satco Prod Inc (5573),Manufacturer Part Number: 65-572R1,Dimension: 2 x 4,,,,,,,,,,,,,,,,
52476AVI,52476AVI Kichler Pendant Lt,,,,Kichler Lighting (KICLI),Unknown,0.0,No evidence,[],,,,,,,,,,,,,,,,,,,,,,,,,,,,,,,,,,,,,,,,,,,,,,,,,,,,,,,,,,,,,,,,,,,,,,,,,,,,,,,,,,,,,,,,,,,,,,,,,,,,,,,,,,,,,,,,,,,,,,,,,,,,,,,,,,,,,,,,,,,,,,,,,,,,,,,Kichler Lighting (KICLI),Unknown,52476AVI,Kichler Pendant Lt,Kichler Pendant Lt for industrial and commercial applications.,Kichler Pendant Lt Manufactured or supplied by Kichler Lighting (KICLI).,Kichler Pendant Lt designed for industrial and commercial use.,Manufacturer: Kichler Lighting (KICLI),Manufacturer Part Number: 52476AVI,,,,,,,,,,,,,,,,,,
42199BK,42199BK Kichler Pendant Lt,,,,Kichler Lighting (KICLI),Unknown,0.0,No evidence,[],,,,,,,,,,,,,,,,,,,,,,,,,,,,,,,,,,,,,,,,,,,,,,,,,,,,,,,,,,,,,,,,,,,,,,,,,,,,,,,,,,,,,,,,,,,,,,,,,,,,,,,,,,,,,,,,,,,,,,,,,,,,,,,,,,,,,,,,,,,,,,,,,,,,,,,Kichler Lighting (KICLI),Unknown,42199BK,Kichler Pendant Lt,Kichler Pendant Lt for industrial and commercial applications.,Kichler Pendant Lt Manufactured or supplied by Kichler Lighting (KICLI).,Kichler Pendant Lt designed for industrial and commercial use.,Manufacturer: Kichler Lighting (KICLI),Manufacturer Part Number: 42199BK,,,,,,,,,,,,,,,,,,
42199BKCS,42199BKCS Kichler Pendant Lt,,,,Kichler Lighting (KICLI),Unknown,0.0,No evidence,[],,,,,,,,,,,,,,,,,,,,,,,,,,,,,,,,,,,,,,,,,,,,,,,,,,,,,,,,,,,,,,,,,,,,,,,,,,,,,,,,,,,,,,,,,,,,,,,,,,,,,,,,,,,,,,,,,,,,,,,,,,,,,,,,,,,,,,,,,,,,,,,,,,,,,,,Kichler Lighting (KICLI),Unknown,42199BKCS,Kichler Pendant Lt,Kichler Pendant Lt for industrial and commercial applications.,Kichler Pendant Lt Manufactured or supplied by Kichler Lighting (KICLI).,Kichler Pendant Lt designed for industrial and commercial use.,Manufacturer: Kichler Lighting (KICLI),Manufacturer Part Number: 42199BKCS,,,,,,,,,,,,,,,,,,
42200BK,42200BK Kichler Pendant Lt,,,,Kichler Lighting (KICLI),Unknown,0.0,No evidence,[],,,,,,,,,,,,,,,,,,,,,,,,,,,,,,,,,,,,,,,,,,,,,,,,,,,,,,,,,,,,,,,,,,,,,,,,,,,,,,,,,,,,,,,,,,,,,,,,,,,,,,,,,,,,,,,,,,,,,,,,,,,,,,,,,,,,,,,,,,,,,,,,,,,,,,,Kichler Lighting (KICLI),Unknown,42200BK,Kichler Pendant Lt,Kichler Pendant Lt for industrial and commercial applications.,Kichler Pendant Lt Manufactured or supplied by Kichler Lighting (KICLI).,Kichler Pendant Lt designed for industrial and commercial use.,Manufacturer: Kichler Lighting (KICLI),Manufacturer Part Number: 42200BK,,,,,,,,,,,,,,,,,,
42200BKCS,42200BKCS Kichler Pendant Lt,,,,Kichler Lighting (KICLI),Unknown,0.0,No evidence,[],,,,,,,,,,,,,,,,,,,,,,,,,,,,,,,,,,,,,,,,,,,,,,,,,,,,,,,,,,,,,,,,,,,,,,,,,,,,,,,,,,,,,,,,,,,,,,,,,,,,,,,,,,,,,,,,,,,,,,,,,,,,,,,,,,,,,,,,,,,,,,,,,,,,,,,Kichler Lighting (KICLI),Unknown,42200BKCS,Kichler Pendant Lt,Kichler Pendant Lt for industrial and commercial applications.,Kichler Pendant Lt Manufactured or supplied by Kichler Lighting (KICLI).,Kichler Pendant Lt designed for industrial and commercial use.,Manufacturer: Kichler Lighting (KICLI),Manufacturer Part Number: 42200BKCS,,,,,,,,,,,,,,,,,,
43851BK,43851BK Kichler Pendant Lt,,,,Kichler Lighting (KICLI),Unknown,0.0,No evidence,[],,,,,,,,,,,,,,,,,,,,,,,,,,,,,,,,,,,,,,,,,,,,,,,,,,,,,,,,,,,,,,,,,,,,,,,,,,,,,,,,,,,,,,,,,,,,,,,,,,,,,,,,,,,,,,,,,,,,,,,,,,,,,,,,,,,,,,,,,,,,,,,,,,,,,,,Kichler Lighting (KICLI),Unknown,43851BK,Kichler Pendant Lt,Kichler Pendant Lt for industrial and commercial applications.,Kichler Pendant Lt Manufactured or supplied by Kichler Lighting (KICLI).,Kichler Pendant Lt designed for industrial and commercial use.,Manufacturer: Kichler Lighting (KICLI),Manufacturer Part Number: 43851BK,,,,,,,,,,,,,,,,,,
43852BK,43852BK Kichler Pendant Lt,,,,Kichler Lighting (KICLI),Unknown,0.0,No evidence,[],,,,,,,,,,,,,,,,,,,,,,,,,,,,,,,,,,,,,,,,,,,,,,,,,,,,,,,,,,,,,,,,,,,,,,,,,,,,,,,,,,,,,,,,,,,,,,,,,,,,,,,,,,,,,,,,,,,,,,,,,,,,,,,,,,,,,,,,,,,,,,,,,,,,,,,Kichler Lighting (KICLI),Unknown,43852BK,Kichler Pendant Lt,Kichler Pendant Lt for industrial and commercial applications.,Kichler Pendant Lt Manufactured or supplied by Kichler Lighting (KICLI).,Kichler Pendant Lt designed for industrial and commercial use.,Manufacturer: Kichler Lighting (KICLI),Manufacturer Part Number: 43852BK,,,,,,,,,,,,,,,,,,
43853BK,43853BK Kichler Pendant Lt,,,,Kichler Lighting (KICLI),Unknown,0.0,No evidence,[],,,,,,,,,,,,,,,,,,,,,,,,,,,,,,,,,,,,,,,,,,,,,,,,,,,,,,,,,,,,,,,,,,,,,,,,,,,,,,,,,,,,,,,,,,,,,,,,,,,,,,,,,,,,,,,,,,,,,,,,,,,,,,,,,,,,,,,,,,,,,,,,,,,,,,,Kichler Lighting (KICLI),Unknown,43853BK,Kichler Pendant Lt,Kichler Pendant Lt for industrial and commercial applications.,Kichler Pendant Lt Manufactured or supplied by Kichler Lighting (KICLI).,Kichler Pendant Lt designed for industrial and commercial use.,Manufacturer: Kichler Lighting (KICLI),Manufacturer Part Number: 43853BK,,,,,,,,,,,,,,,,,,
43905BK,43905BK Kichler Pendant Lt,,,,Kichler Lighting (KICLI),Unknown,0.0,No evidence,[],,,,,,,,,,,,,,,,,,,,,,,,,,,,,,,,,,,,,,,,,,,,,,,,,,,,,,,,,,,,,,,,,,,,,,,,,,,,,,,,,,,,,,,,,,,,,,,,,,,,,,,,,,,,,,,,,,,,,,,,,,,,,,,,,,,,,,,,,,,,,,,,,,,,,,,Kichler Lighting (KICLI),Unknown,43905BK,Kichler Pendant Lt,Kichler Pendant Lt for industrial and commercial applications.,Kichler Pendant Lt Manufactured or supplied by Kichler Lighting (KICLI).,Kichler Pendant Lt designed for industrial and commercial use.,Manufacturer: Kichler Lighting (KICLI),Manufacturer Part Number: 43905BK,,,,,,,,,,,,,,,,,,
43911BK,43911BK Kichler Pendant Lt,,,,Kichler Lighting (KICLI),Unknown,0.0,No evidence,[],,,,,,,,,,,,,,,,,,,,,,,,,,,,,,,,,,,,,,,,,,,,,,,,,,,,,,,,,,,,,,,,,,,,,,,,,,,,,,,,,,,,,,,,,,,,,,,,,,,,,,,,,,,,,,,,,,,,,,,,,,,,,,,,,,,,,,,,,,,,,,,,,,,,,,,Kichler Lighting (KICLI),Unknown,43911BK,Kichler Pendant Lt,Kichler Pendant Lt for industrial and commercial applications.,Kichler Pendant Lt Manufactured or supplied by Kichler Lighting (KICLI).,Kichler Pendant Lt designed for industrial and commercial use.,Manufacturer: Kichler Lighting (KICLI),Manufacturer Part Number: 43911BK,,,,,,,,,,,,,,,,,,
52529BK,52529BK Kichler Pendant Light,,,,Kichler Lighting (KICLI),Unknown,0.0,No evidence,[],,,,,,,,,,,,,,,,,,,,,,,,,,,,,,,,,,,,,,,,,,,,,,,,,,,,,,,,,,,,,,,,,,,,,,,,,,,,,,,,,,,,,,,,,,,,,,,,,,,,,,,,,,,,,,,,,,,,,,,,,,,,,,,,,,,,,,,,,,,,,,,,,,,,,,,Kichler Lighting (KICLI),Unknown,52529BK,Kichler Pendant Light,Kichler Pendant Light for industrial and commercial applications.,Kichler Pendant Light Manufactured or supplied by Kichler Lighting (KICLI).,Kichler Pendant Light designed for industrial and commercial use.,Manufacturer: Kichler Lighting (KICLI),Manufacturer Part Number: 52529BK,,,,,,,,,,,,,,,,,,
52662BKCLR,52662BKCLR Kichler Pendant Lt,,,,Kichler Lighting (KICLI),Unknown,0.0,No evidence,[],,,,,,,,,,,,,,,,,,,,,,,,,,,,,,,,,,,,,,,,,,,,,,,,,,,,,,,,,,,,,,,,,,,,,,,,,,,,,,,,,,,,,,,,,,,,,,,,,,,,,,,,,,,,,,,,,,,,,,,,,,,,,,,,,,,,,,,,,,,,,,,,,,,,,,,Kichler Lighting (KICLI),Unknown,52662BKCLR,Kichler Pendant Lt,Kichler Pendant Lt for industrial and commercial applications.,Kichler Pendant Lt Manufactured or supplied by Kichler Lighting (KICLI).,Kichler Pendant Lt designed for industrial and commercial use.,Manufacturer: Kichler Lighting (KICLI),Manufacturer Part Number: 52662BKCLR,,,,,,,,,,,,,,,,,,
52734CPZ,52734CPZ Kichler Pendant Light,,,,Kichler Lighting (KICLI),Unknown,0.0,No evidence,[],,,,,,,,,,,,,,,,,,,,,,,,,,,,,,,,,,,,,,,,,,,,,,,,,,,,,,,,,,,,,,,,,,,,,,,,,,,,,,,,,,,,,,,,,,,,,,,,,,,,,,,,,,,,,,,,,,,,,,,,,,,,,,,,,,,,,,,,,,,,,,,,,,,,,,,Kichler Lighting (KICLI),Unknown,52734CPZ,Kichler Pendant Light,Kichler Pendant Light for industrial and commercial applications.,Kichler Pendant Light Manufactured or supplied by Kichler Lighting (KICLI).,Kichler Pendant Light designed for industrial and commercial use.,Manufacturer: Kichler Lighting (KICLI),Manufacturer Part Number: 52734CPZ,,,,,,,,,,,,,,,,,,
82400,82400 Kichler Pendant Lt,,,,Kichler Lighting (KICLI),Unknown,0.0,No evidence,[],,,,,,,,,,,,,,,,,,,,,,,,,,,,,,,,,,,,,,,,,,,,,,,,,,,,,,,,,,,,,,,,,,,,,,,,,,,,,,,,,,,,,,,,,,,,,,,,,,,,,,,,,,,,,,,,,,,,,,,,,,,,,,,,,,,,,,,,,,,,,,,,,,,,,,,Kichler Lighting (KICLI),Unknown,82400,Kichler Pendant Lt,Kichler Pendant Lt for industrial and commercial applications.,Kichler Pendant Lt Manufactured or supplied by Kichler Lighting (KICLI).,Kichler Pendant Lt designed for industrial and commercial use.,Manufacturer: Kichler Lighting (KICLI),Manufacturer Part Number: 82400,,,,,,,,,,,,,,,,,,
S11606,"S11606 8"" Round Down Lt 30K",,,,Satco Prod Inc (5573),Unknown,0.0,No evidence,"[('Size', '8', 'in')]",Size,8,in,,,,,,,,,,,,,,,,,,,,,,,,,,,,,,,,,,,,,,,,,,,,,,,,,,,,,,,,,,,,,,,,,,,,,,,,,,,,,,,,,,,,,,,,,,,,,,,,,,,,,,,,,,,,,,,,,,,,,,,,,,,,,,,,,,,,,,,,,,,,,,,,,,,,Satco Prod Inc (5573),Unknown,S11606,"8"" Round Down Lt 30K","8"" Round Down Lt 30K for industrial and commercial applications.","8"" Round Down Lt 30K Manufactured or supplied by Satco Prod Inc (5573). Available product information includes Size: 8 in.","8"" Round Down Lt 30K designed for industrial and commercial use. Key identified specifications include Size: 8 in.",Manufacturer: Satco Prod Inc (5573),Manufacturer Part Number: S11606,Size: 8 in,,,,,,,,,,,,,,,,,
S11828,"S11828 8"" Led Down Light",,,,Satco Prod Inc (5573),Unknown,0.0,No evidence,"[('Size', '8', 'in')]",Size,8,in,,,,,,,,,,,,,,,,,,,,,,,,,,,,,,,,,,,,,,,,,,,,,,,,,,,,,,,,,,,,,,,,,,,,,,,,,,,,,,,,,,,,,,,,,,,,,,,,,,,,,,,,,,,,,,,,,,,,,,,,,,,,,,,,,,,,,,,,,,,,,,,,,,,,Satco Prod Inc (5573),Unknown,S11828,"8"" Led Down Light","8"" Led Down Light for industrial and commercial applications.","8"" Led Down Light Manufactured or supplied by Satco Prod Inc (5573). Available product information includes Size: 8 in.","8"" Led Down Light designed for industrial and commercial use. Key identified specifications include Size: 8 in.",Manufacturer: Satco Prod Inc (5573),Manufacturer Part Number: S11828,Size: 8 in,,,,,,,,,,,,,,,,,
801274,"801274 10w LED 6"" Retro 50k",,,Philips,Phillips Lighting (5831),Philips,0.7,Structured source,"[('Size', '6', 'in')]",Size,6,in,,,,,,,,,,,,,,,,,,,,,,,,,,,,,,,,,,,,,,,,,,,,,,,,,,,,,,,,,,,,,,,,,,,,,,,,,,,,,,,,,,,,,,,,,,,,,,,,,,,,,,,,,,,,,,,,,,,,,,,,,,,,,,,,,,,,,,,,,,,,,,,,,,,,Phillips Lighting (5831),Philips,801274,"Philips 10w LED 6"" Retro 50k","Philips 10w LED 6"" Retro 50k for industrial and commercial applications.","Philips 10w LED 6"" Retro 50k Manufactured or supplied by Phillips Lighting (5831). Available product information includes Size: 6 in.","Philips 10w LED 6"" Retro 50k designed for industrial and commercial use. Key identified specifications include Size: 6 in.",Brand: Philips,Manufacturer: Phillips Lighting (5831),Manufacturer Part Number: 801274,Size: 6 in,,,,,,,,,,,,,,,,
S11860,"S11860 6"" Downlight White 5 CCT",,,,Satco Prod Inc (5573),Unknown,0.0,No evidence,"[('Size', '6', 'in')]",Size,6,in,,,,,,,,,,,,,,,,,,,,,,,,,,,,,,,,,,,,,,,,,,,,,,,,,,,,,,,,,,,,,,,,,,,,,,,,,,,,,,,,,,,,,,,,,,,,,,,,,,,,,,,,,,,,,,,,,,,,,,,,,,,,,,,,,,,,,,,,,,,,,,,,,,,,Satco Prod Inc (5573),Unknown,S11860,"6"" Downlight White 5 CCT","6"" Downlight White 5 CCT for industrial and commercial applications.","6"" Downlight White 5 CCT Manufactured or supplied by Satco Prod Inc (5573). Available product information includes Size: 6 in.","6"" Downlight White 5 CCT designed for industrial and commercial use. Key identified specifications include Size: 6 in.",Manufacturer: Satco Prod Inc (5573),Manufacturer Part Number: S11860,Size: 6 in,,,,,,,,,,,,,,,,,
S11562,"S11562 Starfish 6"" D/W Downlight",,,,Satco Prod Inc (5573),Unknown,0.0,No evidence,"[('Size', '6', 'in')]",Size,6,in,,,,,,,,,,,,,,,,,,,,,,,,,,,,,,,,,,,,,,,,,,,,,,,,,,,,,,,,,,,,,,,,,,,,,,,,,,,,,,,,,,,,,,,,,,,,,,,,,,,,,,,,,,,,,,,,,,,,,,,,,,,,,,,,,,,,,,,,,,,,,,,,,,,,Satco Prod Inc (5573),Unknown,S11562,"Starfish 6"" D/W Downlight","Starfish 6"" D/W Downlight for industrial and commercial applications.","Starfish 6"" D/W Downlight Manufactured or supplied by Satco Prod Inc (5573). Available product information includes Size: 6 in.","Starfish 6"" D/W Downlight designed for industrial and commercial use. Key identified specifications include Size: 6 in.",Manufacturer: Satco Prod Inc (5573),Manufacturer Part Number: S11562,Size: 6 in,,,,,,,,,,,,,,,,,
S11646,"S11646 6"" Downlight Wh",,,,Satco Prod Inc (5573),Unknown,0.0,No evidence,"[('Size', '6', 'in')]",Size,6,in,,,,,,,,,,,,,,,,,,,,,,,,,,,,,,,,,,,,,,,,,,,,,,,,,,,,,,,,,,,,,,,,,,,,,,,,,,,,,,,,,,,,,,,,,,,,,,,,,,,,,,,,,,,,,,,,,,,,,,,,,,,,,,,,,,,,,,,,,,,,,,,,,,,,Satco Prod Inc (5573),Unknown,S11646,"6"" Downlight Wh","6"" Downlight Wh for industrial and commercial applications.","6"" Downlight Wh Manufactured or supplied by Satco Prod Inc (5573). Available product information includes Size: 6 in.","6"" Downlight Wh designed for industrial and commercial use. Key identified specifications include Size: 6 in.",Manufacturer: Satco Prod Inc (5573),Manufacturer Part Number: S11646,Size: 6 in,,,,,,,,,,,,,,,,,
S11801R1,"S11801R1 6"" Led Downlight Wh",,,,Satco Prod Inc (5573),Unknown,0.0,No evidence,"[('Size', '6', 'in')]",Size,6,in,,,,,,,,,,,,,,,,,,,,,,,,,,,,,,,,,,,,,,,,,,,,,,,,,,,,,,,,,,,,,,,,,,,,,,,,,,,,,,,,,,,,,,,,,,,,,,,,,,,,,,,,,,,,,,,,,,,,,,,,,,,,,,,,,,,,,,,,,,,,,,,,,,,,Satco Prod Inc (5573),Unknown,S11801R1,"6"" Led Downlight Wh","6"" Led Downlight Wh for industrial and commercial applications.","6"" Led Downlight Wh Manufactured or supplied by Satco Prod Inc (5573). Available product information includes Size: 6 in.","6"" Led Downlight Wh designed for industrial and commercial use. Key identified specifications include Size: 6 in.",Manufacturer: Satco Prod Inc (5573),Manufacturer Part Number: S11801R1,Size: 6 in,,,,,,,,,,,,,,,,,
S11848,"S11848 10"" Down Light Wh",,,,Satco Prod Inc (5573),Unknown,0.0,No evidence,"[('Size', '10', 'in')]",Size,10,in,,,,,,,,,,,,,,,,,,,,,,,,,,,,,,,,,,,,,,,,,,,,,,,,,,,,,,,,,,,,,,,,,,,,,,,,,,,,,,,,,,,,,,,,,,,,,,,,,,,,,,,,,,,,,,,,,,,,,,,,,,,,,,,,,,,,,,,,,,,,,,,,,,,,Satco Prod Inc (5573),Unknown,S11848,"10"" Down Light Wh","10"" Down Light Wh for industrial and commercial applications.","10"" Down Light Wh Manufactured or supplied by Satco Prod Inc (5573). Available product information includes Size: 10 in.","10"" Down Light Wh designed for industrial and commercial use. Key identified specifications include Size: 10 in.",Manufacturer: Satco Prod Inc (5573),Manufacturer Part Number: S11848,Size: 10 in,,,,,,,,,,,,,,,,,
S11849,"S11849 12"" Down Light Wh",,,,Satco Prod Inc (5573),Unknown,0.0,No evidence,"[('Size', '12', 'in')]",Size,12,in,,,,,,,,,,,,,,,,,,,,,,,,,,,,,,,,,,,,,,,,,,,,,,,,,,,,,,,,,,,,,,,,,,,,,,,,,,,,,,,,,,,,,,,,,,,,,,,,,,,,,,,,,,,,,,,,,,,,,,,,,,,,,,,,,,,,,,,,,,,,,,,,,,,,Satco Prod Inc (5573),Unknown,S11849,"12"" Down Light Wh","12"" Down Light Wh for industrial and commercial applications.","12"" Down Light Wh Manufactured or supplied by Satco Prod Inc (5573). Available product information includes Size: 12 in.","12"" Down Light Wh designed for industrial and commercial use. Key identified specifications include Size: 12 in.",Manufacturer: Satco Prod Inc (5573),Manufacturer Part Number: S11849,Size: 12 in,,,,,,,,,,,,,,,,,
HLBSL609FS5,"HLBSL609FS5 6"" Down Light",,,,Cooper Lighting (7638),Unknown,0.0,No evidence,"[('Size', '6', 'in')]",Size,6,in,,,,,,,,,,,,,,,,,,,,,,,,,,,,,,,,,,,,,,,,,,,,,,,,,,,,,,,,,,,,,,,,,,,,,,,,,,,,,,,,,,,,,,,,,,,,,,,,,,,,,,,,,,,,,,,,,,,,,,,,,,,,,,,,,,,,,,,,,,,,,,,,,,,,Cooper Lighting (7638),Unknown,HLBSL609FS5,"6"" Down Light","6"" Down Light for industrial and commercial applications.","6"" Down Light Manufactured or supplied by Cooper Lighting (7638). Available product information includes Size: 6 in.","6"" Down Light designed for industrial and commercial use. Key identified specifications include Size: 6 in.",Manufacturer: Cooper Lighting (7638),Manufacturer Part Number: HLBSL609FS5,Size: 6 in,,,,,,,,,,,,,,,,,
WF4REGSWW590CRIMW,"WF4REGSWW590CRIMW 4"" Down Light",,,,Lithonia Lighting (2776),Unknown,0.0,No evidence,"[('Size', '4', 'in')]",Size,4,in,,,,,,,,,,,,,,,,,,,,,,,,,,,,,,,,,,,,,,,,,,,,,,,,,,,,,,,,,,,,,,,,,,,,,,,,,,,,,,,,,,,,,,,,,,,,,,,,,,,,,,,,,,,,,,,,,,,,,,,,,,,,,,,,,,,,,,,,,,,,,,,,,,,,Lithonia Lighting (2776),Unknown,WF4REGSWW590CRIMW,"4"" Down Light","4"" Down Light for industrial and commercial applications.","4"" Down Light Manufactured or supplied by Lithonia Lighting (2776). Available product information includes Size: 4 in.","4"" Down Light designed for industrial and commercial use. Key identified specifications include Size: 4 in.",Manufacturer: Lithonia Lighting (2776),Manufacturer Part Number: WF4REGSWW590CRIMW,Size: 4 in,,,,,,,,,,,,,,,,,
43849WH5CCT,43849WH5CCT Kichler Ceiling Lt,,,,Kichler Lighting (KICLI),Unknown,0.0,No evidence,[],,,,,,,,,,,,,,,,,,,,,,,,,,,,,,,,,,,,,,,,,,,,,,,,,,,,,,,,,,,,,,,,,,,,,,,,,,,,,,,,,,,,,,,,,,,,,,,,,,,,,,,,,,,,,,,,,,,,,,,,,,,,,,,,,,,,,,,,,,,,,,,,,,,,,,,Kichler Lighting (KICLI),Unknown,43849WH5CCT,Kichler Ceiling Lt,Kichler Ceiling Lt for industrial and commercial applications.,Kichler Ceiling Lt Manufactured or supplied by Kichler Lighting (KICLI).,Kichler Ceiling Lt designed for industrial and commercial use.,Manufacturer: Kichler Lighting (KICLI),Manufacturer Part Number: 43849WH5CCT,,,,,,,,,,,,,,,,,,
62-1777,"62-1777 15"" Ceiling Lt Wh",,,,Satco Prod Inc (5573),Unknown,0.0,No evidence,"[('Size', '15', 'in')]",Size,15,in,,,,,,,,,,,,,,,,,,,,,,,,,,,,,,,,,,,,,,,,,,,,,,,,,,,,,,,,,,,,,,,,,,,,,,,,,,,,,,,,,,,,,,,,,,,,,,,,,,,,,,,,,,,,,,,,,,,,,,,,,,,,,,,,,,,,,,,,,,,,,,,,,,,,Satco Prod Inc (5573),Unknown,62-1777,"15"" Ceiling Lt Wh","15"" Ceiling Lt Wh for industrial and commercial applications.","15"" Ceiling Lt Wh Manufactured or supplied by Satco Prod Inc (5573). Available product information includes Size: 15 in.","15"" Ceiling Lt Wh designed for industrial and commercial use. Key identified specifications include Size: 15 in.",Manufacturer: Satco Prod Inc (5573),Manufacturer Part Number: 62-1777,Size: 15 in,,,,,,,,,,,,,,,,,
62-1778,"62-1778 19"" Ceiling Lt Wh",,,,Satco Prod Inc (5573),Unknown,0.0,No evidence,"[('Size', '19', 'in')]",Size,19,in,,,,,,,,,,,,,,,,,,,,,,,,,,,,,,,,,,,,,,,,,,,,,,,,,,,,,,,,,,,,,,,,,,,,,,,,,,,,,,,,,,,,,,,,,,,,,,,,,,,,,,,,,,,,,,,,,,,,,,,,,,,,,,,,,,,,,,,,,,,,,,,,,,,,Satco Prod Inc (5573),Unknown,62-1778,"19"" Ceiling Lt Wh","19"" Ceiling Lt Wh for industrial and commercial applications.","19"" Ceiling Lt Wh Manufactured or supplied by Satco Prod Inc (5573). Available product information includes Size: 19 in.","19"" Ceiling Lt Wh designed for industrial and commercial use. Key identified specifications include Size: 19 in.",Manufacturer: Satco Prod Inc (5573),Manufacturer Part Number: 62-1778,Size: 19 in,,,,,,,,,,,,,,,,,
62-1784,62-1784 24x24 Led Ceiling Lt,,,,Satco Prod Inc (5573),Unknown,0.0,No evidence,"[('Dimension', '24 x 24', '')]",Dimension,24 x 24,,,,,,,,,,,,,,,,,,,,,,,,,,,,,,,,,,,,,,,,,,,,,,,,,,,,,,,,,,,,,,,,,,,,,,,,,,,,,,,,,,,,,,,,,,,,,,,,,,,,,,,,,,,,,,,,,,,,,,,,,,,,,,,,,,,,,,,,,,,,,,,,,,,,,Satco Prod Inc (5573),Unknown,62-1784,24x24 Led Ceiling Lt,24x24 Led Ceiling Lt for industrial and commercial applications.,24x24 Led Ceiling Lt Manufactured or supplied by Satco Prod Inc (5573). Available product information includes Dimension: 24 x 24.,24x24 Led Ceiling Lt designed for industrial and commercial use. Key identified specifications include Dimension: 24 x 24.,Manufacturer: Satco Prod Inc (5573),Manufacturer Part Number: 62-1784,Dimension: 24 x 24,,,,,,,,,,,,,,,,,
62-1787,"62-1787 15"" Ceiling Lt Bk",,,,Satco Prod Inc (5573),Unknown,0.0,No evidence,"[('Size', '15', 'in')]",Size,15,in,,,,,,,,,,,,,,,,,,,,,,,,,,,,,,,,,,,,,,,,,,,,,,,,,,,,,,,,,,,,,,,,,,,,,,,,,,,,,,,,,,,,,,,,,,,,,,,,,,,,,,,,,,,,,,,,,,,,,,,,,,,,,,,,,,,,,,,,,,,,,,,,,,,,Satco Prod Inc (5573),Unknown,62-1787,"15"" Ceiling Lt Bk","15"" Ceiling Lt Bk for industrial and commercial applications.","15"" Ceiling Lt Bk Manufactured or supplied by Satco Prod Inc (5573). Available product information includes Size: 15 in.","15"" Ceiling Lt Bk designed for industrial and commercial use. Key identified specifications include Size: 15 in.",Manufacturer: Satco Prod Inc (5573),Manufacturer Part Number: 62-1787,Size: 15 in,,,,,,,,,,,,,,,,,
62-1788,"62-1788 19"" Ceiling Lt Bk",,,,Satco Prod Inc (5573),Unknown,0.0,No evidence,"[('Size', '19', 'in')]",Size,19,in,,,,,,,,,,,,,,,,,,,,,,,,,,,,,,,,,,,,,,,,,,,,,,,,,,,,,,,,,,,,,,,,,,,,,,,,,,,,,,,,,,,,,,,,,,,,,,,,,,,,,,,,,,,,,,,,,,,,,,,,,,,,,,,,,,,,,,,,,,,,,,,,,,,,Satco Prod Inc (5573),Unknown,62-1788,"19"" Ceiling Lt Bk","19"" Ceiling Lt Bk for industrial and commercial applications.","19"" Ceiling Lt Bk Manufactured or supplied by Satco Prod Inc (5573). Available product information includes Size: 19 in.","19"" Ceiling Lt Bk designed for industrial and commercial use. Key identified specifications include Size: 19 in.",Manufacturer: Satco Prod Inc (5573),Manufacturer Part Number: 62-1788,Size: 19 in,,,,,,,,,,,,,,,,,
SHOP/4X2/840/V1,4' Feit Shop Light 4500L 40k,,,Feit Electric,Feit Electric (3468),Feit Electric,0.7,Structured source,[],,,,,,,,,,,,,,,,,,,,,,,,,,,,,,,,,,,,,,,,,,,,,,,,,,,,,,,,,,,,,,,,,,,,,,,,,,,,,,,,,,,,,,,,,,,,,,,,,,,,,,,,,,,,,,,,,,,,,,,,,,,,,,,,,,,,,,,,,,,,,,,,,,,,,,,Feit Electric (3468),Feit Electric,SHOP/4X2/840/V1,Feit Electric 4' Feit Shop Light 4500L 40k,Feit Electric 4' Feit Shop Light 4500L 40k for industrial and commercial applications.,Feit Electric 4' Feit Shop Light 4500L 40k Manufactured or supplied by Feit Electric (3468).,Feit Electric 4' Feit Shop Light 4500L 40k designed for industrial and commercial use.,Brand: Feit Electric,Manufacturer: Feit Electric (3468),Manufacturer Part Number: SHOP/4X2/840/V1,,,,,,,,,,,,,,,,,
45495BKCLR,45495BKCLR Kichler Wall Lt,,,,Kichler Lighting (KICLI),Unknown,0.0,No evidence,[],,,,,,,,,,,,,,,,,,,,,,,,,,,,,,,,,,,,,,,,,,,,,,,,,,,,,,,,,,,,,,,,,,,,,,,,,,,,,,,,,,,,,,,,,,,,,,,,,,,,,,,,,,,,,,,,,,,,,,,,,,,,,,,,,,,,,,,,,,,,,,,,,,,,,,,Kichler Lighting (KICLI),Unknown,45495BKCLR,Kichler Wall Lt,Kichler Wall Lt for industrial and commercial applications.,Kichler Wall Lt Manufactured or supplied by Kichler Lighting (KICLI).,Kichler Wall Lt designed for industrial and commercial use.,Manufacturer: Kichler Lighting (KICLI),Manufacturer Part Number: 45495BKCLR,,,,,,,,,,,,,,,,,,
55209NI,55209NI Kichler Wall Sconce,,,,Kichler Lighting (KICLI),Unknown,0.0,No evidence,[],,,,,,,,,,,,,,,,,,,,,,,,,,,,,,,,,,,,,,,,,,,,,,,,,,,,,,,,,,,,,,,,,,,,,,,,,,,,,,,,,,,,,,,,,,,,,,,,,,,,,,,,,,,,,,,,,,,,,,,,,,,,,,,,,,,,,,,,,,,,,,,,,,,,,,,Kichler Lighting (KICLI),Unknown,55209NI,Kichler Wall Sconce,Kichler Wall Sconce for industrial and commercial applications.,Kichler Wall Sconce Manufactured or supplied by Kichler Lighting (KICLI).,Kichler Wall Sconce designed for industrial and commercial use.,Manufacturer: Kichler Lighting (KICLI),Manufacturer Part Number: 55209NI,,,,,,,,,,,,,,,,,,
65-1210,65-1210 2' LED Wrap Lt,,,,Satco Prod Inc (5573),Unknown,0.0,No evidence,[],,,,,,,,,,,,,,,,,,,,,,,,,,,,,,,,,,,,,,,,,,,,,,,,,,,,,,,,,,,,,,,,,,,,,,,,,,,,,,,,,,,,,,,,,,,,,,,,,,,,,,,,,,,,,,,,,,,,,,,,,,,,,,,,,,,,,,,,,,,,,,,,,,,,,,,Satco Prod Inc (5573),Unknown,65-1210,2' LED Wrap Lt,2' LED Wrap Lt for industrial and commercial applications.,2' LED Wrap Lt Manufactured or supplied by Satco Prod Inc (5573).,2' LED Wrap Lt designed for industrial and commercial use.,Manufacturer: Satco Prod Inc (5573),Manufacturer Part Number: 65-1210,,,,,,,,,,,,,,,,,,
65-1211,65-1211 4' Led Wrap Light,,,,Satco Prod Inc (5573),Unknown,0.0,No evidence,[],,,,,,,,,,,,,,,,,,,,,,,,,,,,,,,,,,,,,,,,,,,,,,,,,,,,,,,,,,,,,,,,,,,,,,,,,,,,,,,,,,,,,,,,,,,,,,,,,,,,,,,,,,,,,,,,,,,,,,,,,,,,,,,,,,,,,,,,,,,,,,,,,,,,,,,Satco Prod Inc (5573),Unknown,65-1211,4' Led Wrap Light,4' Led Wrap Light for industrial and commercial applications.,4' Led Wrap Light Manufactured or supplied by Satco Prod Inc (5573).,4' Led Wrap Light designed for industrial and commercial use.,Manufacturer: Satco Prod Inc (5573),Manufacturer Part Number: 65-1211,,,,,,,,,,,,,,,,,,
141465,"141465 15W Flor 18"" T12 27k",,,Philips,Phillips Lighting (5831),Philips,0.7,Structured source,"[('Size', '18', 'in')]",Size,18,in,,,,,,,,,,,,,,,,,,,,,,,,,,,,,,,,,,,,,,,,,,,,,,,,,,,,,,,,,,,,,,,,,,,,,,,,,,,,,,,,,,,,,,,,,,,,,,,,,,,,,,,,,,,,,,,,,,,,,,,,,,,,,,,,,,,,,,,,,,,,,,,,,,,,Phillips Lighting (5831),Philips,141465,"Philips 15W Flor 18"" T12 27k","Philips 15W Flor 18"" T12 27k for industrial and commercial applications.","Philips 15W Flor 18"" T12 27k Manufactured or supplied by Phillips Lighting (5831). Available product information includes Size: 18 in.","Philips 15W Flor 18"" T12 27k designed for industrial and commercial use. Key identified specifications include Size: 18 in.",Brand: Philips,Manufacturer: Phillips Lighting (5831),Manufacturer Part Number: 141465,Size: 18 in,,,,,,,,,,,,,,,,
391227,"391227 32W Led 12"" T9 30K",,,Philips,Phillips Lighting (5831),Philips,0.7,Structured source,"[('Size', '12', 'in')]",Size,12,in,,,,,,,,,,,,,,,,,,,,,,,,,,,,,,,,,,,,,,,,,,,,,,,,,,,,,,,,,,,,,,,,,,,,,,,,,,,,,,,,,,,,,,,,,,,,,,,,,,,,,,,,,,,,,,,,,,,,,,,,,,,,,,,,,,,,,,,,,,,,,,,,,,,,Phillips Lighting (5831),Philips,391227,"Philips 32W Led 12"" T9 30K","Philips 32W Led 12"" T9 30K for industrial and commercial applications.","Philips 32W Led 12"" T9 30K Manufactured or supplied by Phillips Lighting (5831). Available product information includes Size: 12 in.","Philips 32W Led 12"" T9 30K designed for industrial and commercial use. Key identified specifications include Size: 12 in.",Brand: Philips,Manufacturer: Phillips Lighting (5831),Manufacturer Part Number: 391227,Size: 12 in,,,,,,,,,,,,,,,,
392225,"392225 22W Flor 8"" T9 30k",,,Philips,Phillips Lighting (5831),Philips,0.7,Structured source,"[('Size', '8', 'in')]",Size,8,in,,,,,,,,,,,,,,,,,,,,,,,,,,,,,,,,,,,,,,,,,,,,,,,,,,,,,,,,,,,,,,,,,,,,,,,,,,,,,,,,,,,,,,,,,,,,,,,,,,,,,,,,,,,,,,,,,,,,,,,,,,,,,,,,,,,,,,,,,,,,,,,,,,,,Phillips Lighting (5831),Philips,392225,"Philips 22W Flor 8"" T9 30k","Philips 22W Flor 8"" T9 30k for industrial and commercial applications.","Philips 22W Flor 8"" T9 30k Manufactured or supplied by Phillips Lighting (5831). Available product information includes Size: 8 in.","Philips 22W Flor 8"" T9 30k designed for industrial and commercial use. Key identified specifications include Size: 8 in.",Brand: Philips,Manufacturer: Phillips Lighting (5831),Manufacturer Part Number: 392225,Size: 8 in,,,,,,,,,,,,,,,,
S3539,S3539 20W Halogen Pin T4,,,Satco,Satco Prod Inc (5573),Satco,0.7,Structured source,[],,,,,,,,,,,,,,,,,,,,,,,,,,,,,,,,,,,,,,,,,,,,,,,,,,,,,,,,,,,,,,,,,,,,,,,,,,,,,,,,,,,,,,,,,,,,,,,,,,,,,,,,,,,,,,,,,,,,,,,,,,,,,,,,,,,,,,,,,,,,,,,,,,,,,,,Satco Prod Inc (5573),Satco,S3539,Satco 20W Halogen Pin T4,Satco 20W Halogen Pin T4 for industrial and commercial applications.,Satco 20W Halogen Pin T4 Manufactured or supplied by Satco Prod Inc (5573).,Satco 20W Halogen Pin T4 designed for industrial and commercial use.,Brand: Satco,Manufacturer: Satco Prod Inc (5573),Manufacturer Part Number: S3539,,,,,,,,,,,,,,,,,
S3496,S3496 300W Halogen T3 Bulb,,,Satco,Satco Prod Inc (5573),Satco,0.7,Structured source,[],,,,,,,,,,,,,,,,,,,,,,,,,,,,,,,,,,,,,,,,,,,,,,,,,,,,,,,,,,,,,,,,,,,,,,,,,,,,,,,,,,,,,,,,,,,,,,,,,,,,,,,,,,,,,,,,,,,,,,,,,,,,,,,,,,,,,,,,,,,,,,,,,,,,,,,Satco Prod Inc (5573),Satco,S3496,Satco 300W Halogen T3 Bulb,Satco 300W Halogen T3 Bulb for industrial and commercial applications.,Satco 300W Halogen T3 Bulb Manufactured or supplied by Satco Prod Inc (5573).,Satco 300W Halogen T3 Bulb designed for industrial and commercial use.,Brand: Satco,Manufacturer: Satco Prod Inc (5573),Manufacturer Part Number: S3496,,,,,,,,,,,,,,,,,
467316,467316 150W Sodium Med 21k,,,Philips,Phillips Lighting (5831),Philips,0.7,Structured source,[],,,,,,,,,,,,,,,,,,,,,,,,,,,,,,,,,,,,,,,,,,,,,,,,,,,,,,,,,,,,,,,,,,,,,,,,,,,,,,,,,,,,,,,,,,,,,,,,,,,,,,,,,,,,,,,,,,,,,,,,,,,,,,,,,,,,,,,,,,,,,,,,,,,,,,,Phillips Lighting (5831),Philips,467316,Philips 150W Sodium Med 21k,Philips 150W Sodium Med 21k for industrial and commercial applications.,Philips 150W Sodium Med 21k Manufactured or supplied by Phillips Lighting (5831).,Philips 150W Sodium Med 21k designed for industrial and commercial use.,Brand: Philips,Manufacturer: Phillips Lighting (5831),Manufacturer Part Number: 467316,,,,,,,,,,,,,,,,,
S3709,S3709 25W Incan 27K,,,Satco,Satco Prod Inc (5573),Satco,0.7,Structured source,[],,,,,,,,,,,,,,,,,,,,,,,,,,,,,,,,,,,,,,,,,,,,,,,,,,,,,,,,,,,,,,,,,,,,,,,,,,,,,,,,,,,,,,,,,,,,,,,,,,,,,,,,,,,,,,,,,,,,,,,,,,,,,,,,,,,,,,,,,,,,,,,,,,,,,,,Satco Prod Inc (5573),Satco,S3709,Satco 25W Incan 27K,Satco 25W Incan 27K for industrial and commercial applications.,Satco 25W Incan 27K Manufactured or supplied by Satco Prod Inc (5573).,Satco 25W Incan 27K designed for industrial and commercial use.,Brand: Satco,Manufacturer: Satco Prod Inc (5573),Manufacturer Part Number: S3709,,,,,,,,,,,,,,,,,
S4720,S4720 25W Incan 27K,,,Satco,Satco Prod Inc (5573),Satco,0.7,Structured source,[],,,,,,,,,,,,,,,,,,,,,,,,,,,,,,,,,,,,,,,,,,,,,,,,,,,,,,,,,,,,,,,,,,,,,,,,,,,,,,,,,,,,,,,,,,,,,,,,,,,,,,,,,,,,,,,,,,,,,,,,,,,,,,,,,,,,,,,,,,,,,,,,,,,,,,,Satco Prod Inc (5573),Satco,S4720,Satco 25W Incan 27K,Satco 25W Incan 27K for industrial and commercial applications.,Satco 25W Incan 27K Manufactured or supplied by Satco Prod Inc (5573).,Satco 25W Incan 27K designed for industrial and commercial use.,Brand: Satco,Manufacturer: Satco Prod Inc (5573),Manufacturer Part Number: S4720,,,,,,,,,,,,,,,,,
S3720,S3720 40w Inc A15 Med 26k,,,Satco,Satco Prod Inc (5573),Satco,0.7,Structured source,[],,,,,,,,,,,,,,,,,,,,,,,,,,,,,,,,,,,,,,,,,,,,,,,,,,,,,,,,,,,,,,,,,,,,,,,,,,,,,,,,,,,,,,,,,,,,,,,,,,,,,,,,,,,,,,,,,,,,,,,,,,,,,,,,,,,,,,,,,,,,,,,,,,,,,,,Satco Prod Inc (5573),Satco,S3720,Satco 40w Inc A15 Med 26k,Satco 40w Inc A15 Med 26k for industrial and commercial applications.,Satco 40w Inc A15 Med 26k Manufactured or supplied by Satco Prod Inc (5573).,Satco 40w Inc A15 Med 26k designed for industrial and commercial use.,Brand: Satco,Manufacturer: Satco Prod Inc (5573),Manufacturer Part Number: S3720,,,,,,,,,,,,,,,,,
S3702,S3702 40W Incan Med 27K,,,Satco,Satco Prod Inc (5573),Satco,0.7,Structured source,[],,,,,,,,,,,,,,,,,,,,,,,,,,,,,,,,,,,,,,,,,,,,,,,,,,,,,,,,,,,,,,,,,,,,,,,,,,,,,,,,,,,,,,,,,,,,,,,,,,,,,,,,,,,,,,,,,,,,,,,,,,,,,,,,,,,,,,,,,,,,,,,,,,,,,,,Satco Prod Inc (5573),Satco,S3702,Satco 40W Incan Med 27K,Satco 40W Incan Med 27K for industrial and commercial applications.,Satco 40W Incan Med 27K Manufactured or supplied by Satco Prod Inc (5573).,Satco 40W Incan Med 27K designed for industrial and commercial use.,Brand: Satco,Manufacturer: Satco Prod Inc (5573),Manufacturer Part Number: S3702,,,,,,,,,,,,,,,,,
S3703,S3703 40W Incan Med 27K,,,Satco,Satco Prod Inc (5573),Satco,0.7,Structured source,[],,,,,,,,,,,,,,,,,,,,,,,,,,,,,,,,,,,,,,,,,,,,,,,,,,,,,,,,,,,,,,,,,,,,,,,,,,,,,,,,,,,,,,,,,,,,,,,,,,,,,,,,,,,,,,,,,,,,,,,,,,,,,,,,,,,,,,,,,,,,,,,,,,,,,,,Satco Prod Inc (5573),Satco,S3703,Satco 40W Incan Med 27K,Satco 40W Incan Med 27K for industrial and commercial applications.,Satco 40W Incan Med 27K Manufactured or supplied by Satco Prod Inc (5573).,Satco 40W Incan Med 27K designed for industrial and commercial use.,Brand: Satco,Manufacturer: Satco Prod Inc (5573),Manufacturer Part Number: S3703,,,,,,,,,,,,,,,,,
S3797,S3797 4W Incan Cand 27K 2pk,,,Satco,Satco Prod Inc (5573),Satco,0.7,Structured source,[],,,,,,,,,,,,,,,,,,,,,,,,,,,,,,,,,,,,,,,,,,,,,,,,,,,,,,,,,,,,,,,,,,,,,,,,,,,,,,,,,,,,,,,,,,,,,,,,,,,,,,,,,,,,,,,,,,,,,,,,,,,,,,,,,,,,,,,,,,,,,,,,,,,,,,,Satco Prod Inc (5573),Satco,S3797,Satco 4W Incan Cand 27K 2pk,Satco 4W Incan Cand 27K 2pk for industrial and commercial applications.,Satco 4W Incan Cand 27K 2pk Manufactured or supplied by Satco Prod Inc (5573).,Satco 4W Incan Cand 27K 2pk designed for industrial and commercial use.,Brand: Satco,Manufacturer: Satco Prod Inc (5573),Manufacturer Part Number: S3797,,,,,,,,,,,,,,,,,
S4724,S4724 4W Incan Cand 27K 4pk,,,Satco,Satco Prod Inc (5573),Satco,0.7,Structured source,[],,,,,,,,,,,,,,,,,,,,,,,,,,,,,,,,,,,,,,,,,,,,,,,,,,,,,,,,,,,,,,,,,,,,,,,,,,,,,,,,,,,,,,,,,,,,,,,,,,,,,,,,,,,,,,,,,,,,,,,,,,,,,,,,,,,,,,,,,,,,,,,,,,,,,,,Satco Prod Inc (5573),Satco,S4724,Satco 4W Incan Cand 27K 4pk,Satco 4W Incan Cand 27K 4pk for industrial and commercial applications.,Satco 4W Incan Cand 27K 4pk Manufactured or supplied by Satco Prod Inc (5573).,Satco 4W Incan Cand 27K 4pk designed for industrial and commercial use.,Brand: Satco,Manufacturer: Satco Prod Inc (5573),Manufacturer Part Number: S4724,,,,,,,,,,,,,,,,,
S4717,S4717 6W Incan Cand 27k 2pk,,,Satco,Satco Prod Inc (5573),Satco,0.7,Structured source,[],,,,,,,,,,,,,,,,,,,,,,,,,,,,,,,,,,,,,,,,,,,,,,,,,,,,,,,,,,,,,,,,,,,,,,,,,,,,,,,,,,,,,,,,,,,,,,,,,,,,,,,,,,,,,,,,,,,,,,,,,,,,,,,,,,,,,,,,,,,,,,,,,,,,,,,Satco Prod Inc (5573),Satco,S4717,Satco 6W Incan Cand 27k 2pk,Satco 6W Incan Cand 27k 2pk for industrial and commercial applications.,Satco 6W Incan Cand 27k 2pk Manufactured or supplied by Satco Prod Inc (5573).,Satco 6W Incan Cand 27k 2pk designed for industrial and commercial use.,Brand: Satco,Manufacturer: Satco Prod Inc (5573),Manufacturer Part Number: S4717,,,,,,,,,,,,,,,,,
S3794,S3794 7W Incan Med 27K,,,Satco,Satco Prod Inc (5573),Satco,0.7,Structured source,[],,,,,,,,,,,,,,,,,,,,,,,,,,,,,,,,,,,,,,,,,,,,,,,,,,,,,,,,,,,,,,,,,,,,,,,,,,,,,,,,,,,,,,,,,,,,,,,,,,,,,,,,,,,,,,,,,,,,,,,,,,,,,,,,,,,,,,,,,,,,,,,,,,,,,,,Satco Prod Inc (5573),Satco,S3794,Satco 7W Incan Med 27K,Satco 7W Incan Med 27K for industrial and commercial applications.,Satco 7W Incan Med 27K Manufactured or supplied by Satco Prod Inc (5573).,Satco 7W Incan Med 27K designed for industrial and commercial use.,Brand: Satco,Manufacturer: Satco Prod Inc (5573),Manufacturer Part Number: S3794,,,,,,,,,,,,,,,,,
S3795,S3795 7W Incan Med 27K,,,Satco,Satco Prod Inc (5573),Satco,0.7,Structured source,[],,,,,,,,,,,,,,,,,,,,,,,,,,,,,,,,,,,,,,,,,,,,,,,,,,,,,,,,,,,,,,,,,,,,,,,,,,,,,,,,,,,,,,,,,,,,,,,,,,,,,,,,,,,,,,,,,,,,,,,,,,,,,,,,,,,,,,,,,,,,,,,,,,,,,,,Satco Prod Inc (5573),Satco,S3795,Satco 7W Incan Med 27K,Satco 7W Incan Med 27K for industrial and commercial applications.,Satco 7W Incan Med 27K Manufactured or supplied by Satco Prod Inc (5573).,Satco 7W Incan Med 27K designed for industrial and commercial use.,Brand: Satco,Manufacturer: Satco Prod Inc (5573),Manufacturer Part Number: S3795,,,,,,,,,,,,,,,,,
S4726,S4726 7W Incan Cand 27K 4pk,,,Satco,Satco Prod Inc (5573),Satco,0.7,Structured source,[],,,,,,,,,,,,,,,,,,,,,,,,,,,,,,,,,,,,,,,,,,,,,,,,,,,,,,,,,,,,,,,,,,,,,,,,,,,,,,,,,,,,,,,,,,,,,,,,,,,,,,,,,,,,,,,,,,,,,,,,,,,,,,,,,,,,,,,,,,,,,,,,,,,,,,,Satco Prod Inc (5573),Satco,S4726,Satco 7W Incan Cand 27K 4pk,Satco 7W Incan Cand 27K 4pk for industrial and commercial applications.,Satco 7W Incan Cand 27K 4pk Manufactured or supplied by Satco Prod Inc (5573).,Satco 7W Incan Cand 27K 4pk designed for industrial and commercial use.,Brand: Satco,Manufacturer: Satco Prod Inc (5573),Manufacturer Part Number: S4726,,,,,,,,,,,,,,,,,
S11429,S11429 60W Led Bulb 27K,,,Satco,Satco Prod Inc (5573),Satco,0.7,Structured source,[],,,,,,,,,,,,,,,,,,,,,,,,,,,,,,,,,,,,,,,,,,,,,,,,,,,,,,,,,,,,,,,,,,,,,,,,,,,,,,,,,,,,,,,,,,,,,,,,,,,,,,,,,,,,,,,,,,,,,,,,,,,,,,,,,,,,,,,,,,,,,,,,,,,,,,,Satco Prod Inc (5573),Satco,S11429,Satco 60W Led Bulb 27K,Satco 60W Led Bulb 27K for industrial and commercial applications.,Satco 60W Led Bulb 27K Manufactured or supplied by Satco Prod Inc (5573).,Satco 60W Led Bulb 27K designed for industrial and commercial use.,Brand: Satco,Manufacturer: Satco Prod Inc (5573),Manufacturer Part Number: S11429,,,,,,,,,,,,,,,,,
S21354,S21354 8W Led T9 Med 27k,,,,Satco Prod Inc (5573),Unknown,0.0,No evidence,[],,,,,,,,,,,,,,,,,,,,,,,,,,,,,,,,,,,,,,,,,,,,,,,,,,,,,,,,,,,,,,,,,,,,,,,,,,,,,,,,,,,,,,,,,,,,,,,,,,,,,,,,,,,,,,,,,,,,,,,,,,,,,,,,,,,,,,,,,,,,,,,,,,,,,,,Satco Prod Inc (5573),Unknown,S21354,8W Led T9 Med 27k,8W Led T9 Med 27k for industrial and commercial applications.,8W Led T9 Med 27k Manufactured or supplied by Satco Prod Inc (5573).,8W Led T9 Med 27k designed for industrial and commercial use.,Manufacturer: Satco Prod Inc (5573),Manufacturer Part Number: S21354,,,,,,,,,,,,,,,,,,
S21363,S21363 8W Led Edison ST19 27K,,,,Satco Prod Inc (5573),Unknown,0.0,No evidence,[],,,,,,,,,,,,,,,,,,,,,,,,,,,,,,,,,,,,,,,,,,,,,,,,,,,,,,,,,,,,,,,,,,,,,,,,,,,,,,,,,,,,,,,,,,,,,,,,,,,,,,,,,,,,,,,,,,,,,,,,,,,,,,,,,,,,,,,,,,,,,,,,,,,,,,,Satco Prod Inc (5573),Unknown,S21363,8W Led Edison ST19 27K,8W Led Edison ST19 27K for industrial and commercial applications.,8W Led Edison ST19 27K Manufactured or supplied by Satco Prod Inc (5573).,8W Led Edison ST19 27K designed for industrial and commercial use.,Manufacturer: Satco Prod Inc (5573),Manufacturer Part Number: S21363,,,,,,,,,,,,,,,,,,
S11445,S11445 12W Led Med 30k Motion,,,,Satco Prod Inc (5573),Unknown,0.0,No evidence,[],,,,,,,,,,,,,,,,,,,,,,,,,,,,,,,,,,,,,,,,,,,,,,,,,,,,,,,,,,,,,,,,,,,,,,,,,,,,,,,,,,,,,,,,,,,,,,,,,,,,,,,,,,,,,,,,,,,,,,,,,,,,,,,,,,,,,,,,,,,,,,,,,,,,,,,Satco Prod Inc (5573),Unknown,S11445,12W Led Med 30k Motion,12W Led Med 30k Motion for industrial and commercial applications.,12W Led Med 30k Motion Manufactured or supplied by Satco Prod Inc (5573).,12W Led Med 30k Motion designed for industrial and commercial use.,Manufacturer: Satco Prod Inc (5573),Manufacturer Part Number: S11445,,,,,,,,,,,,,,,,,,
567313,567313 50W Led MR16 30K 3pk,,,Philips,Phillips Lighting (5831),Philips,0.7,Structured source,[],,,,,,,,,,,,,,,,,,,,,,,,,,,,,,,,,,,,,,,,,,,,,,,,,,,,,,,,,,,,,,,,,,,,,,,,,,,,,,,,,,,,,,,,,,,,,,,,,,,,,,,,,,,,,,,,,,,,,,,,,,,,,,,,,,,,,,,,,,,,,,,,,,,,,,,Phillips Lighting (5831),Philips,567313,Philips 50W Led MR16 30K 3pk,Philips 50W Led MR16 30K 3pk for industrial and commercial applications.,Philips 50W Led MR16 30K 3pk Manufactured or supplied by Phillips Lighting (5831).,Philips 50W Led MR16 30K 3pk designed for industrial and commercial use.,Brand: Philips,Manufacturer: Phillips Lighting (5831),Manufacturer Part Number: 567313,,,,,,,,,,,,,,,,,
586875,586875 60W Led Multi CCT 4pk,,,Philips,Phillips Lighting (5831),Philips,0.7,Structured source,[],,,,,,,,,,,,,,,,,,,,,,,,,,,,,,,,,,,,,,,,,,,,,,,,,,,,,,,,,,,,,,,,,,,,,,,,,,,,,,,,,,,,,,,,,,,,,,,,,,,,,,,,,,,,,,,,,,,,,,,,,,,,,,,,,,,,,,,,,,,,,,,,,,,,,,,Phillips Lighting (5831),Philips,586875,Philips 60W Led Multi CCT 4pk,Philips 60W Led Multi CCT 4pk for industrial and commercial applications.,Philips 60W Led Multi CCT 4pk Manufactured or supplied by Phillips Lighting (5831).,Philips 60W Led Multi CCT 4pk designed for industrial and commercial use.,Brand: Philips,Manufacturer: Phillips Lighting (5831),Manufacturer Part Number: 586875,,,,,,,,,,,,,,,,,
576355,576355 60/100/150 Led Med 50k,,,Philips,Phillips Lighting (5831),Philips,0.7,Structured source,[],,,,,,,,,,,,,,,,,,,,,,,,,,,,,,,,,,,,,,,,,,,,,,,,,,,,,,,,,,,,,,,,,,,,,,,,,,,,,,,,,,,,,,,,,,,,,,,,,,,,,,,,,,,,,,,,,,,,,,,,,,,,,,,,,,,,,,,,,,,,,,,,,,,,,,,Phillips Lighting (5831),Philips,576355,Philips 60/100/150 Led Med 50k,Philips 60/100/150 Led Med 50k for industrial and commercial applications.,Philips 60/100/150 Led Med 50k Manufactured or supplied by Phillips Lighting (5831).,Philips 60/100/150 Led Med 50k designed for industrial and commercial use.,Brand: Philips,Manufacturer: Phillips Lighting (5831),Manufacturer Part Number: 576355,,,,,,,,,,,,,,,,,
576363,576363 100/150/200 Led Med 27k,,,Philips,Phillips Lighting (5831),Philips,0.7,Structured source,[],,,,,,,,,,,,,,,,,,,,,,,,,,,,,,,,,,,,,,,,,,,,,,,,,,,,,,,,,,,,,,,,,,,,,,,,,,,,,,,,,,,,,,,,,,,,,,,,,,,,,,,,,,,,,,,,,,,,,,,,,,,,,,,,,,,,,,,,,,,,,,,,,,,,,,,Phillips Lighting (5831),Philips,576363,Philips 100/150/200 Led Med 27k,Philips 100/150/200 Led Med 27k for industrial and commercial applications.,Philips 100/150/200 Led Med 27k Manufactured or supplied by Phillips Lighting (5831).,Philips 100/150/200 Led Med 27k designed for industrial and commercial use.,Brand: Philips,Manufacturer: Phillips Lighting (5831),Manufacturer Part Number: 576363,,,,,,,,,,,,,,,,,
565374,565374 75W Led A19 Med 27k 4pk,,,Philips,Phillips Lighting (5831),Philips,0.7,Structured source,[],,,,,,,,,,,,,,,,,,,,,,,,,,,,,,,,,,,,,,,,,,,,,,,,,,,,,,,,,,,,,,,,,,,,,,,,,,,,,,,,,,,,,,,,,,,,,,,,,,,,,,,,,,,,,,,,,,,,,,,,,,,,,,,,,,,,,,,,,,,,,,,,,,,,,,,Phillips Lighting (5831),Philips,565374,Philips 75W Led A19 Med 27k 4pk,Philips 75W Led A19 Med 27k 4pk for industrial and commercial applications.,Philips 75W Led A19 Med 27k 4pk Manufactured or supplied by Phillips Lighting (5831).,Philips 75W Led A19 Med 27k 4pk designed for industrial and commercial use.,Brand: Philips,Manufacturer: Phillips Lighting (5831),Manufacturer Part Number: 565374,,,,,,,,,,,,,,,,,
565390,565390 75W Led A19 Med 50k 4pk,,,Philips,Phillips Lighting (5831),Philips,0.7,Structured source,[],,,,,,,,,,,,,,,,,,,,,,,,,,,,,,,,,,,,,,,,,,,,,,,,,,,,,,,,,,,,,,,,,,,,,,,,,,,,,,,,,,,,,,,,,,,,,,,,,,,,,,,,,,,,,,,,,,,,,,,,,,,,,,,,,,,,,,,,,,,,,,,,,,,,,,,Phillips Lighting (5831),Philips,565390,Philips 75W Led A19 Med 50k 4pk,Philips 75W Led A19 Med 50k 4pk for industrial and commercial applications.,Philips 75W Led A19 Med 50k 4pk Manufactured or supplied by Phillips Lighting (5831).,Philips 75W Led A19 Med 50k 4pk designed for industrial and commercial use.,Brand: Philips,Manufacturer: Phillips Lighting (5831),Manufacturer Part Number: 565390,,,,,,,,,,,,,,,,,
576371,576371 100/150/200 Led Med 50k,,,Philips,Phillips Lighting (5831),Philips,0.7,Structured source,[],,,,,,,,,,,,,,,,,,,,,,,,,,,,,,,,,,,,,,,,,,,,,,,,,,,,,,,,,,,,,,,,,,,,,,,,,,,,,,,,,,,,,,,,,,,,,,,,,,,,,,,,,,,,,,,,,,,,,,,,,,,,,,,,,,,,,,,,,,,,,,,,,,,,,,,Phillips Lighting (5831),Philips,576371,Philips 100/150/200 Led Med 50k,Philips 100/150/200 Led Med 50k for industrial and commercial applications.,Philips 100/150/200 Led Med 50k Manufactured or supplied by Phillips Lighting (5831).,Philips 100/150/200 Led Med 50k designed for industrial and commercial use.,Brand: Philips,Manufacturer: Phillips Lighting (5831),Manufacturer Part Number: 576371,,,,,,,,,,,,,,,,,
576496,576496 45W Led R20 Med 27k,,,Philips,Phillips Lighting (5831),Philips,0.7,Structured source,[],,,,,,,,,,,,,,,,,,,,,,,,,,,,,,,,,,,,,,,,,,,,,,,,,,,,,,,,,,,,,,,,,,,,,,,,,,,,,,,,,,,,,,,,,,,,,,,,,,,,,,,,,,,,,,,,,,,,,,,,,,,,,,,,,,,,,,,,,,,,,,,,,,,,,,,Phillips Lighting (5831),Philips,576496,Philips 45W Led R20 Med 27k,Philips 45W Led R20 Med 27k for industrial and commercial applications.,Philips 45W Led R20 Med 27k Manufactured or supplied by Phillips Lighting (5831).,Philips 45W Led R20 Med 27k designed for industrial and commercial use.,Brand: Philips,Manufacturer: Phillips Lighting (5831),Manufacturer Part Number: 576496,,,,,,,,,,,,,,,,,
564856,564856 40W Led ST19 27k 2pk,,,Philips,Phillips Lighting (5831),Philips,0.7,Structured source,[],,,,,,,,,,,,,,,,,,,,,,,,,,,,,,,,,,,,,,,,,,,,,,,,,,,,,,,,,,,,,,,,,,,,,,,,,,,,,,,,,,,,,,,,,,,,,,,,,,,,,,,,,,,,,,,,,,,,,,,,,,,,,,,,,,,,,,,,,,,,,,,,,,,,,,,Phillips Lighting (5831),Philips,564856,Philips 40W Led ST19 27k 2pk,Philips 40W Led ST19 27k 2pk for industrial and commercial applications.,Philips 40W Led ST19 27k 2pk Manufactured or supplied by Phillips Lighting (5831).,Philips 40W Led ST19 27k 2pk designed for industrial and commercial use.,Brand: Philips,Manufacturer: Phillips Lighting (5831),Manufacturer Part Number: 564856,,,,,,,,,,,,,,,,,
565796,565796 60W Led A19 Med 20k,,,Philips,Phillips Lighting (5831),Philips,0.7,Structured source,[],,,,,,,,,,,,,,,,,,,,,,,,,,,,,,,,,,,,,,,,,,,,,,,,,,,,,,,,,,,,,,,,,,,,,,,,,,,,,,,,,,,,,,,,,,,,,,,,,,,,,,,,,,,,,,,,,,,,,,,,,,,,,,,,,,,,,,,,,,,,,,,,,,,,,,,Phillips Lighting (5831),Philips,565796,Philips 60W Led A19 Med 20k,Philips 60W Led A19 Med 20k for industrial and commercial applications.,Philips 60W Led A19 Med 20k Manufactured or supplied by Phillips Lighting (5831).,Philips 60W Led A19 Med 20k designed for industrial and commercial use.,Brand: Philips,Manufacturer: Phillips Lighting (5831),Manufacturer Part Number: 565796,,,,,,,,,,,,,,,,,
576389,576389 100/200/300 Led Med 27k,,,Philips,Phillips Lighting (5831),Philips,0.7,Structured source,[],,,,,,,,,,,,,,,,,,,,,,,,,,,,,,,,,,,,,,,,,,,,,,,,,,,,,,,,,,,,,,,,,,,,,,,,,,,,,,,,,,,,,,,,,,,,,,,,,,,,,,,,,,,,,,,,,,,,,,,,,,,,,,,,,,,,,,,,,,,,,,,,,,,,,,,Phillips Lighting (5831),Philips,576389,Philips 100/200/300 Led Med 27k,Philips 100/200/300 Led Med 27k for industrial and commercial applications.,Philips 100/200/300 Led Med 27k Manufactured or supplied by Phillips Lighting (5831).,Philips 100/200/300 Led Med 27k designed for industrial and commercial use.,Brand: Philips,Manufacturer: Phillips Lighting (5831),Manufacturer Part Number: 576389,,,,,,,,,,,,,,,,,
564492,564492 75W Adj Base 27k 3pk,,,Philips,Phillips Lighting (5831),Philips,0.7,Structured source,[],,,,,,,,,,,,,,,,,,,,,,,,,,,,,,,,,,,,,,,,,,,,,,,,,,,,,,,,,,,,,,,,,,,,,,,,,,,,,,,,,,,,,,,,,,,,,,,,,,,,,,,,,,,,,,,,,,,,,,,,,,,,,,,,,,,,,,,,,,,,,,,,,,,,,,,Phillips Lighting (5831),Philips,564492,Philips 75W Adj Base 27k 3pk,Philips 75W Adj Base 27k 3pk for industrial and commercial applications.,Philips 75W Adj Base 27k 3pk Manufactured or supplied by Phillips Lighting (5831).,Philips 75W Adj Base 27k 3pk designed for industrial and commercial use.,Brand: Philips,Manufacturer: Phillips Lighting (5831),Manufacturer Part Number: 564492,,,,,,,,,,,,,,,,,
603449,603449 Wiz 60W Led Med Clr Ch,,,Wiz,Phillips Lighting (5831),Wiz,0.9,Structured source + description,[],,,,,,,,,,,,,,,,,,,,,,,,,,,,,,,,,,,,,,,,,,,,,,,,,,,,,,,,,,,,,,,,,,,,,,,,,,,,,,,,,,,,,,,,,,,,,,,,,,,,,,,,,,,,,,,,,,,,,,,,,,,,,,,,,,,,,,,,,,,,,,,,,,,,,,,Phillips Lighting (5831),Wiz,603449,Wiz 60W Led Med Clr Ch,Wiz 60W Led Med Clr Ch for industrial and commercial applications.,Wiz 60W Led Med Clr Ch Manufactured or supplied by Phillips Lighting (5831).,Wiz 60W Led Med Clr Ch designed for industrial and commercial use.,Brand: Wiz,Manufacturer: Phillips Lighting (5831),Manufacturer Part Number: 603449,,,,,,,,,,,,,,,,,
586909,586909 Led 60W Med A19 27K,,,Philips,Phillips Lighting (5831),Philips,0.7,Structured source,[],,,,,,,,,,,,,,,,,,,,,,,,,,,,,,,,,,,,,,,,,,,,,,,,,,,,,,,,,,,,,,,,,,,,,,,,,,,,,,,,,,,,,,,,,,,,,,,,,,,,,,,,,,,,,,,,,,,,,,,,,,,,,,,,,,,,,,,,,,,,,,,,,,,,,,,Phillips Lighting (5831),Philips,586909,Philips Led 60W Med A19 27K,Philips Led 60W Med A19 27K for industrial and commercial applications.,Philips Led 60W Med A19 27K Manufactured or supplied by Phillips Lighting (5831).,Philips Led 60W Med A19 27K designed for industrial and commercial use.,Brand: Philips,Manufacturer: Phillips Lighting (5831),Manufacturer Part Number: 586909,,,,,,,,,,,,,,,,,
566364,566364 75W Led ST19 27k 4pk,,,Philips,Phillips Lighting (5831),Philips,0.7,Structured source,[],,,,,,,,,,,,,,,,,,,,,,,,,,,,,,,,,,,,,,,,,,,,,,,,,,,,,,,,,,,,,,,,,,,,,,,,,,,,,,,,,,,,,,,,,,,,,,,,,,,,,,,,,,,,,,,,,,,,,,,,,,,,,,,,,,,,,,,,,,,,,,,,,,,,,,,Phillips Lighting (5831),Philips,566364,Philips 75W Led ST19 27k 4pk,Philips 75W Led ST19 27k 4pk for industrial and commercial applications.,Philips 75W Led ST19 27k 4pk Manufactured or supplied by Phillips Lighting (5831).,Philips 75W Led ST19 27k 4pk designed for industrial and commercial use.,Brand: Philips,Manufacturer: Phillips Lighting (5831),Manufacturer Part Number: 566364,,,,,,,,,,,,,,,,,
576397,576394 100/200/300 Led A23 50k,,,Philips,Phillips Lighting (5831),Philips,0.7,Structured source,[],,,,,,,,,,,,,,,,,,,,,,,,,,,,,,,,,,,,,,,,,,,,,,,,,,,,,,,,,,,,,,,,,,,,,,,,,,,,,,,,,,,,,,,,,,,,,,,,,,,,,,,,,,,,,,,,,,,,,,,,,,,,,,,,,,,,,,,,,,,,,,,,,,,,,,,Phillips Lighting (5831),Philips,576397,Philips 576394 100/200/300 Led A23 50k,Philips 576394 100/200/300 Led A23 50k for industrial and commercial applications.,Philips 576394 100/200/300 Led A23 50k Manufactured or supplied by Phillips Lighting (5831).,Philips 576394 100/200/300 Led A23 50k designed for industrial and commercial use.,Brand: Philips,Manufacturer: Phillips Lighting (5831),Manufacturer Part Number: 576397,,,,,,,,,,,,,,,,,
571497,571497 150W Led Med 27k,,,Philips,Phillips Lighting (5831),Philips,0.7,Structured source,[],,,,,,,,,,,,,,,,,,,,,,,,,,,,,,,,,,,,,,,,,,,,,,,,,,,,,,,,,,,,,,,,,,,,,,,,,,,,,,,,,,,,,,,,,,,,,,,,,,,,,,,,,,,,,,,,,,,,,,,,,,,,,,,,,,,,,,,,,,,,,,,,,,,,,,,Phillips Lighting (5831),Philips,571497,Philips 150W Led Med 27k,Philips 150W Led Med 27k for industrial and commercial applications.,Philips 150W Led Med 27k Manufactured or supplied by Phillips Lighting (5831).,Philips 150W Led Med 27k designed for industrial and commercial use.,Brand: Philips,Manufacturer: Phillips Lighting (5831),Manufacturer Part Number: 571497,,,,,,,,,,,,,,,,,
576306,576306 40W Led A19 5CCT 4pk,,,Philips,Phillips Lighting (5831),Philips,0.7,Structured source,[],,,,,,,,,,,,,,,,,,,,,,,,,,,,,,,,,,,,,,,,,,,,,,,,,,,,,,,,,,,,,,,,,,,,,,,,,,,,,,,,,,,,,,,,,,,,,,,,,,,,,,,,,,,,,,,,,,,,,,,,,,,,,,,,,,,,,,,,,,,,,,,,,,,,,,,Phillips Lighting (5831),Philips,576306,Philips 40W Led A19 5CCT 4pk,Philips 40W Led A19 5CCT 4pk for industrial and commercial applications.,Philips 40W Led A19 5CCT 4pk Manufactured or supplied by Phillips Lighting (5831).,Philips 40W Led A19 5CCT 4pk designed for industrial and commercial use.,Brand: Philips,Manufacturer: Phillips Lighting (5831),Manufacturer Part Number: 576306,,,,,,,,,,,,,,,,,
588533,588533 40W Led Cand 3pk,,,Philips,Phillips Lighting (5831),Philips,0.7,Structured source,[],,,,,,,,,,,,,,,,,,,,,,,,,,,,,,,,,,,,,,,,,,,,,,,,,,,,,,,,,,,,,,,,,,,,,,,,,,,,,,,,,,,,,,,,,,,,,,,,,,,,,,,,,,,,,,,,,,,,,,,,,,,,,,,,,,,,,,,,,,,,,,,,,,,,,,,Phillips Lighting (5831),Philips,588533,Philips 40W Led Cand 3pk,Philips 40W Led Cand 3pk for industrial and commercial applications.,Philips 40W Led Cand 3pk Manufactured or supplied by Phillips Lighting (5831).,Philips 40W Led Cand 3pk designed for industrial and commercial use.,Brand: Philips,Manufacturer: Phillips Lighting (5831),Manufacturer Part Number: 588533,,,,,,,,,,,,,,,,,
576520,576520 65W Led Med 27k,,,Philips,Phillips Lighting (5831),Philips,0.7,Structured source,[],,,,,,,,,,,,,,,,,,,,,,,,,,,,,,,,,,,,,,,,,,,,,,,,,,,,,,,,,,,,,,,,,,,,,,,,,,,,,,,,,,,,,,,,,,,,,,,,,,,,,,,,,,,,,,,,,,,,,,,,,,,,,,,,,,,,,,,,,,,,,,,,,,,,,,,Phillips Lighting (5831),Philips,576520,Philips 65W Led Med 27k,Philips 65W Led Med 27k for industrial and commercial applications.,Philips 65W Led Med 27k Manufactured or supplied by Phillips Lighting (5831).,Philips 65W Led Med 27k designed for industrial and commercial use.,Brand: Philips,Manufacturer: Phillips Lighting (5831),Manufacturer Part Number: 576520,,,,,,,,,,,,,,,,,
574004,574004 75W Led ST19 27k 2pk,,,Philips,Phillips Lighting (5831),Philips,0.7,Structured source,[],,,,,,,,,,,,,,,,,,,,,,,,,,,,,,,,,,,,,,,,,,,,,,,,,,,,,,,,,,,,,,,,,,,,,,,,,,,,,,,,,,,,,,,,,,,,,,,,,,,,,,,,,,,,,,,,,,,,,,,,,,,,,,,,,,,,,,,,,,,,,,,,,,,,,,,Phillips Lighting (5831),Philips,574004,Philips 75W Led ST19 27k 2pk,Philips 75W Led ST19 27k 2pk for industrial and commercial applications.,Philips 75W Led ST19 27k 2pk Manufactured or supplied by Phillips Lighting (5831).,Philips 75W Led ST19 27k 2pk designed for industrial and commercial use.,Brand: Philips,Manufacturer: Phillips Lighting (5831),Manufacturer Part Number: 574004,,,,,,,,,,,,,,,,,
574012,574012 75W Led ST19 50k 2pk,,,Philips,Phillips Lighting (5831),Philips,0.7,Structured source,[],,,,,,,,,,,,,,,,,,,,,,,,,,,,,,,,,,,,,,,,,,,,,,,,,,,,,,,,,,,,,,,,,,,,,,,,,,,,,,,,,,,,,,,,,,,,,,,,,,,,,,,,,,,,,,,,,,,,,,,,,,,,,,,,,,,,,,,,,,,,,,,,,,,,,,,Phillips Lighting (5831),Philips,574012,Philips 75W Led ST19 50k 2pk,Philips 75W Led ST19 50k 2pk for industrial and commercial applications.,Philips 75W Led ST19 50k 2pk Manufactured or supplied by Phillips Lighting (5831).,Philips 75W Led ST19 50k 2pk designed for industrial and commercial use.,Brand: Philips,Manufacturer: Phillips Lighting (5831),Manufacturer Part Number: 574012,,,,,,,,,,,,,,,,,
573971,573971 75W Led ST19 20k 4pk,,,Philips,Phillips Lighting (5831),Philips,0.7,Structured source,[],,,,,,,,,,,,,,,,,,,,,,,,,,,,,,,,,,,,,,,,,,,,,,,,,,,,,,,,,,,,,,,,,,,,,,,,,,,,,,,,,,,,,,,,,,,,,,,,,,,,,,,,,,,,,,,,,,,,,,,,,,,,,,,,,,,,,,,,,,,,,,,,,,,,,,,Phillips Lighting (5831),Philips,573971,Philips 75W Led ST19 20k 4pk,Philips 75W Led ST19 20k 4pk for industrial and commercial applications.,Philips 75W Led ST19 20k 4pk Manufactured or supplied by Phillips Lighting (5831).,Philips 75W Led ST19 20k 4pk designed for industrial and commercial use.,Brand: Philips,Manufacturer: Phillips Lighting (5831),Manufacturer Part Number: 573971,,,,,,,,,,,,,,,,,
573989,573989 40W Led Med 27K 4pk,,,Philips,Phillips Lighting (5831),Philips,0.7,Structured source,[],,,,,,,,,,,,,,,,,,,,,,,,,,,,,,,,,,,,,,,,,,,,,,,,,,,,,,,,,,,,,,,,,,,,,,,,,,,,,,,,,,,,,,,,,,,,,,,,,,,,,,,,,,,,,,,,,,,,,,,,,,,,,,,,,,,,,,,,,,,,,,,,,,,,,,,Phillips Lighting (5831),Philips,573989,Philips 40W Led Med 27K 4pk,Philips 40W Led Med 27K 4pk for industrial and commercial applications.,Philips 40W Led Med 27K 4pk Manufactured or supplied by Phillips Lighting (5831).,Philips 40W Led Med 27K 4pk designed for industrial and commercial use.,Brand: Philips,Manufacturer: Phillips Lighting (5831),Manufacturer Part Number: 573989,,,,,,,,,,,,,,,,,
576769,576769 65W Led BR30 Med 27k,,,Philips,Phillips Lighting (5831),Philips,0.7,Structured source,[],,,,,,,,,,,,,,,,,,,,,,,,,,,,,,,,,,,,,,,,,,,,,,,,,,,,,,,,,,,,,,,,,,,,,,,,,,,,,,,,,,,,,,,,,,,,,,,,,,,,,,,,,,,,,,,,,,,,,,,,,,,,,,,,,,,,,,,,,,,,,,,,,,,,,,,Phillips Lighting (5831),Philips,576769,Philips 65W Led BR30 Med 27k,Philips 65W Led BR30 Med 27k for industrial and commercial applications.,Philips 65W Led BR30 Med 27k Manufactured or supplied by Phillips Lighting (5831).,Philips 65W Led BR30 Med 27k designed for industrial and commercial use.,Brand: Philips,Manufacturer: Phillips Lighting (5831),Manufacturer Part Number: 576769,,,,,,,,,,,,,,,,,
567446,567446 60W Led Med 50K 3pk,,,Philips,Phillips Lighting (5831),Philips,0.7,Structured source,[],,,,,,,,,,,,,,,,,,,,,,,,,,,,,,,,,,,,,,,,,,,,,,,,,,,,,,,,,,,,,,,,,,,,,,,,,,,,,,,,,,,,,,,,,,,,,,,,,,,,,,,,,,,,,,,,,,,,,,,,,,,,,,,,,,,,,,,,,,,,,,,,,,,,,,,Phillips Lighting (5831),Philips,567446,Philips 60W Led Med 50K 3pk,Philips 60W Led Med 50K 3pk for industrial and commercial applications.,Philips 60W Led Med 50K 3pk Manufactured or supplied by Phillips Lighting (5831).,Philips 60W Led Med 50K 3pk designed for industrial and commercial use.,Brand: Philips,Manufacturer: Phillips Lighting (5831),Manufacturer Part Number: 567446,,,,,,,,,,,,,,,,,
573997,573997 40W Led Med 50k 4pk,,,Philips,Phillips Lighting (5831),Philips,0.7,Structured source,[],,,,,,,,,,,,,,,,,,,,,,,,,,,,,,,,,,,,,,,,,,,,,,,,,,,,,,,,,,,,,,,,,,,,,,,,,,,,,,,,,,,,,,,,,,,,,,,,,,,,,,,,,,,,,,,,,,,,,,,,,,,,,,,,,,,,,,,,,,,,,,,,,,,,,,,Phillips Lighting (5831),Philips,573997,Philips 40W Led Med 50k 4pk,Philips 40W Led Med 50k 4pk for industrial and commercial applications.,Philips 40W Led Med 50k 4pk Manufactured or supplied by Phillips Lighting (5831).,Philips 40W Led Med 50k 4pk designed for industrial and commercial use.,Brand: Philips,Manufacturer: Phillips Lighting (5831),Manufacturer Part Number: 573997,,,,,,,,,,,,,,,,,
571463,571463 100W Led BR30 Med 50k,,,Philips,Phillips Lighting (5831),Philips,0.7,Structured source,[],,,,,,,,,,,,,,,,,,,,,,,,,,,,,,,,,,,,,,,,,,,,,,,,,,,,,,,,,,,,,,,,,,,,,,,,,,,,,,,,,,,,,,,,,,,,,,,,,,,,,,,,,,,,,,,,,,,,,,,,,,,,,,,,,,,,,,,,,,,,,,,,,,,,,,,Phillips Lighting (5831),Philips,571463,Philips 100W Led BR30 Med 50k,Philips 100W Led BR30 Med 50k for industrial and commercial applications.,Philips 100W Led BR30 Med 50k Manufactured or supplied by Phillips Lighting (5831).,Philips 100W Led BR30 Med 50k designed for industrial and commercial use.,Brand: Philips,Manufacturer: Phillips Lighting (5831),Manufacturer Part Number: 571463,,,,,,,,,,,,,,,,,
576512,576512 65W Led BR40 Med 27k,,,Philips,Phillips Lighting (5831),Philips,0.7,Structured source,[],,,,,,,,,,,,,,,,,,,,,,,,,,,,,,,,,,,,,,,,,,,,,,,,,,,,,,,,,,,,,,,,,,,,,,,,,,,,,,,,,,,,,,,,,,,,,,,,,,,,,,,,,,,,,,,,,,,,,,,,,,,,,,,,,,,,,,,,,,,,,,,,,,,,,,,Phillips Lighting (5831),Philips,576512,Philips 65W Led BR40 Med 27k,Philips 65W Led BR40 Med 27k for industrial and commercial applications.,Philips 65W Led BR40 Med 27k Manufactured or supplied by Phillips Lighting (5831).,Philips 65W Led BR40 Med 27k designed for industrial and commercial use.,Brand: Philips,Manufacturer: Phillips Lighting (5831),Manufacturer Part Number: 576512,,,,,,,,,,,,,,,,,
581181,581181 40W Led Med 2pk,,,Philips,Phillips Lighting (5831),Philips,0.7,Structured source,[],,,,,,,,,,,,,,,,,,,,,,,,,,,,,,,,,,,,,,,,,,,,,,,,,,,,,,,,,,,,,,,,,,,,,,,,,,,,,,,,,,,,,,,,,,,,,,,,,,,,,,,,,,,,,,,,,,,,,,,,,,,,,,,,,,,,,,,,,,,,,,,,,,,,,,,Phillips Lighting (5831),Philips,581181,Philips 40W Led Med 2pk,Philips 40W Led Med 2pk for industrial and commercial applications.,Philips 40W Led Med 2pk Manufactured or supplied by Phillips Lighting (5831).,Philips 40W Led Med 2pk designed for industrial and commercial use.,Brand: Philips,Manufacturer: Phillips Lighting (5831),Manufacturer Part Number: 581181,,,,,,,,,,,,,,,,,
GT-CB-100C,GTCB100C Led 100W Cob Bulb,,,GT-Lite,Keystone (5702),GT-Lite,0.7,Structured source,[],,,,,,,,,,,,,,,,,,,,,,,,,,,,,,,,,,,,,,,,,,,,,,,,,,,,,,,,,,,,,,,,,,,,,,,,,,,,,,,,,,,,,,,,,,,,,,,,,,,,,,,,,,,,,,,,,,,,,,,,,,,,,,,,,,,,,,,,,,,,,,,,,,,,,,,Keystone (5702),GT-Lite,GT-CB-100C,GT-Lite GTCB100C Led 100W Cob Bulb,GT-Lite GTCB100C Led 100W Cob Bulb for industrial and commercial applications.,GT-Lite GTCB100C Led 100W Cob Bulb Manufactured or supplied by Keystone (5702).,GT-Lite GTCB100C Led 100W Cob Bulb designed for industrial and commercial use.,Brand: GT-Lite,Manufacturer: Keystone (5702),Manufacturer Part Number: GT-CB-100C,,,,,,,,,,,,,,,,,
566430,566430 75W Led Med 50k 4pk,,,Philips,Phillips Lighting (5831),Philips,0.7,Structured source,[],,,,,,,,,,,,,,,,,,,,,,,,,,,,,,,,,,,,,,,,,,,,,,,,,,,,,,,,,,,,,,,,,,,,,,,,,,,,,,,,,,,,,,,,,,,,,,,,,,,,,,,,,,,,,,,,,,,,,,,,,,,,,,,,,,,,,,,,,,,,,,,,,,,,,,,Phillips Lighting (5831),Philips,566430,Philips 75W Led Med 50k 4pk,Philips 75W Led Med 50k 4pk for industrial and commercial applications.,Philips 75W Led Med 50k 4pk Manufactured or supplied by Phillips Lighting (5831).,Philips 75W Led Med 50k 4pk designed for industrial and commercial use.,Brand: Philips,Manufacturer: Phillips Lighting (5831),Manufacturer Part Number: 566430,,,,,,,,,,,,,,,,,
568337,568337 120W Led Par38 Med 50k,,,Philips,Phillips Lighting (5831),Philips,0.7,Structured source,[],,,,,,,,,,,,,,,,,,,,,,,,,,,,,,,,,,,,,,,,,,,,,,,,,,,,,,,,,,,,,,,,,,,,,,,,,,,,,,,,,,,,,,,,,,,,,,,,,,,,,,,,,,,,,,,,,,,,,,,,,,,,,,,,,,,,,,,,,,,,,,,,,,,,,,,Phillips Lighting (5831),Philips,568337,Philips 120W Led Par38 Med 50k,Philips 120W Led Par38 Med 50k for industrial and commercial applications.,Philips 120W Led Par38 Med 50k Manufactured or supplied by Phillips Lighting (5831).,Philips 120W Led Par38 Med 50k designed for industrial and commercial use.,Brand: Philips,Manufacturer: Phillips Lighting (5831),Manufacturer Part Number: 568337,,,,,,,,,,,,,,,,,
565788,565788 40W Led A19 Med 27k,,,Philips,Phillips Lighting (5831),Philips,0.7,Structured source,[],,,,,,,,,,,,,,,,,,,,,,,,,,,,,,,,,,,,,,,,,,,,,,,,,,,,,,,,,,,,,,,,,,,,,,,,,,,,,,,,,,,,,,,,,,,,,,,,,,,,,,,,,,,,,,,,,,,,,,,,,,,,,,,,,,,,,,,,,,,,,,,,,,,,,,,Phillips Lighting (5831),Philips,565788,Philips 40W Led A19 Med 27k,Philips 40W Led A19 Med 27k for industrial and commercial applications.,Philips 40W Led A19 Med 27k Manufactured or supplied by Phillips Lighting (5831).,Philips 40W Led A19 Med 27k designed for industrial and commercial use.,Brand: Philips,Manufacturer: Phillips Lighting (5831),Manufacturer Part Number: 565788,,,,,,,,,,,,,,,,,
565770,565770 40W Led A19 Med 50k,,,Philips,Phillips Lighting (5831),Philips,0.7,Structured source,[],,,,,,,,,,,,,,,,,,,,,,,,,,,,,,,,,,,,,,,,,,,,,,,,,,,,,,,,,,,,,,,,,,,,,,,,,,,,,,,,,,,,,,,,,,,,,,,,,,,,,,,,,,,,,,,,,,,,,,,,,,,,,,,,,,,,,,,,,,,,,,,,,,,,,,,Phillips Lighting (5831),Philips,565770,Philips 40W Led A19 Med 50k,Philips 40W Led A19 Med 50k for industrial and commercial applications.,Philips 40W Led A19 Med 50k Manufactured or supplied by Phillips Lighting (5831).,Philips 40W Led A19 Med 50k designed for industrial and commercial use.,Brand: Philips,Manufacturer: Phillips Lighting (5831),Manufacturer Part Number: 565770,,,,,,,,,,,,,,,,,
573436,573436 60W Led A19 Med 27k 2pk,,,Philips,Phillips Lighting (5831),Philips,0.7,Structured source,[],,,,,,,,,,,,,,,,,,,,,,,,,,,,,,,,,,,,,,,,,,,,,,,,,,,,,,,,,,,,,,,,,,,,,,,,,,,,,,,,,,,,,,,,,,,,,,,,,,,,,,,,,,,,,,,,,,,,,,,,,,,,,,,,,,,,,,,,,,,,,,,,,,,,,,,Phillips Lighting (5831),Philips,573436,Philips 60W Led A19 Med 27k 2pk,Philips 60W Led A19 Med 27k 2pk for industrial and commercial applications.,Philips 60W Led A19 Med 27k 2pk Manufactured or supplied by Phillips Lighting (5831).,Philips 60W Led A19 Med 27k 2pk designed for industrial and commercial use.,Brand: Philips,Manufacturer: Phillips Lighting (5831),Manufacturer Part Number: 573436,,,,,,,,,,,,,,,,,
576538,576538 65W Led BR30 Med 50k,,,Philips,Phillips Lighting (5831),Philips,0.7,Structured source,[],,,,,,,,,,,,,,,,,,,,,,,,,,,,,,,,,,,,,,,,,,,,,,,,,,,,,,,,,,,,,,,,,,,,,,,,,,,,,,,,,,,,,,,,,,,,,,,,,,,,,,,,,,,,,,,,,,,,,,,,,,,,,,,,,,,,,,,,,,,,,,,,,,,,,,,Phillips Lighting (5831),Philips,576538,Philips 65W Led BR30 Med 50k,Philips 65W Led BR30 Med 50k for industrial and commercial applications.,Philips 65W Led BR30 Med 50k Manufactured or supplied by Phillips Lighting (5831).,Philips 65W Led BR30 Med 50k designed for industrial and commercial use.,Brand: Philips,Manufacturer: Phillips Lighting (5831),Manufacturer Part Number: 576538,,,,,,,,,,,,,,,,,
573451,573451 40W Led Med 27k 2pk,,,Philips,Phillips Lighting (5831),Philips,0.7,Structured source,[],,,,,,,,,,,,,,,,,,,,,,,,,,,,,,,,,,,,,,,,,,,,,,,,,,,,,,,,,,,,,,,,,,,,,,,,,,,,,,,,,,,,,,,,,,,,,,,,,,,,,,,,,,,,,,,,,,,,,,,,,,,,,,,,,,,,,,,,,,,,,,,,,,,,,,,Phillips Lighting (5831),Philips,573451,Philips 40W Led Med 27k 2pk,Philips 40W Led Med 27k 2pk for industrial and commercial applications.,Philips 40W Led Med 27k 2pk Manufactured or supplied by Phillips Lighting (5831).,Philips 40W Led Med 27k 2pk designed for industrial and commercial use.,Brand: Philips,Manufacturer: Phillips Lighting (5831),Manufacturer Part Number: 573451,,,,,,,,,,,,,,,,,
586883,586883 100W Led Multi CCT 2pk,,,Philips,Phillips Lighting (5831),Philips,0.7,Structured source,[],,,,,,,,,,,,,,,,,,,,,,,,,,,,,,,,,,,,,,,,,,,,,,,,,,,,,,,,,,,,,,,,,,,,,,,,,,,,,,,,,,,,,,,,,,,,,,,,,,,,,,,,,,,,,,,,,,,,,,,,,,,,,,,,,,,,,,,,,,,,,,,,,,,,,,,Phillips Lighting (5831),Philips,586883,Philips 100W Led Multi CCT 2pk,Philips 100W Led Multi CCT 2pk for industrial and commercial applications.,Philips 100W Led Multi CCT 2pk Manufactured or supplied by Phillips Lighting (5831).,Philips 100W Led Multi CCT 2pk designed for industrial and commercial use.,Brand: Philips,Manufacturer: Phillips Lighting (5831),Manufacturer Part Number: 586883,,,,,,,,,,,,,,,,,
586859,586859 40W Led Med 27K Back Up,,,Philips,Phillips Lighting (5831),Philips,0.7,Structured source,[],,,,,,,,,,,,,,,,,,,,,,,,,,,,,,,,,,,,,,,,,,,,,,,,,,,,,,,,,,,,,,,,,,,,,,,,,,,,,,,,,,,,,,,,,,,,,,,,,,,,,,,,,,,,,,,,,,,,,,,,,,,,,,,,,,,,,,,,,,,,,,,,,,,,,,,Phillips Lighting (5831),Philips,586859,Philips 40W Led Med 27K Back Up,Philips 40W Led Med 27K Back Up for industrial and commercial applications.,Philips 40W Led Med 27K Back Up Manufactured or supplied by Phillips Lighting (5831).,Philips 40W Led Med 27K Back Up designed for industrial and commercial use.,Brand: Philips,Manufacturer: Phillips Lighting (5831),Manufacturer Part Number: 586859,,,,,,,,,,,,,,,,,
576488,576488 45W Led R20 Med 50k,,,Philips,Phillips Lighting (5831),Philips,0.7,Structured source,[],,,,,,,,,,,,,,,,,,,,,,,,,,,,,,,,,,,,,,,,,,,,,,,,,,,,,,,,,,,,,,,,,,,,,,,,,,,,,,,,,,,,,,,,,,,,,,,,,,,,,,,,,,,,,,,,,,,,,,,,,,,,,,,,,,,,,,,,,,,,,,,,,,,,,,,Phillips Lighting (5831),Philips,576488,Philips 45W Led R20 Med 50k,Philips 45W Led R20 Med 50k for industrial and commercial applications.,Philips 45W Led R20 Med 50k Manufactured or supplied by Phillips Lighting (5831).,Philips 45W Led R20 Med 50k designed for industrial and commercial use.,Brand: Philips,Manufacturer: Phillips Lighting (5831),Manufacturer Part Number: 576488,,,,,,,,,,,,,,,,,
575217,575217 60W Led Med 50k 2pk,,,Philips,Phillips Lighting (5831),Philips,0.7,Structured source,[],,,,,,,,,,,,,,,,,,,,,,,,,,,,,,,,,,,,,,,,,,,,,,,,,,,,,,,,,,,,,,,,,,,,,,,,,,,,,,,,,,,,,,,,,,,,,,,,,,,,,,,,,,,,,,,,,,,,,,,,,,,,,,,,,,,,,,,,,,,,,,,,,,,,,,,Phillips Lighting (5831),Philips,575217,Philips 60W Led Med 50k 2pk,Philips 60W Led Med 50k 2pk for industrial and commercial applications.,Philips 60W Led Med 50k 2pk Manufactured or supplied by Phillips Lighting (5831).,Philips 60W Led Med 50k 2pk designed for industrial and commercial use.,Brand: Philips,Manufacturer: Phillips Lighting (5831),Manufacturer Part Number: 575217,,,,,,,,,,,,,,,,,
586479,586479 90W Led Med Multi CCT,,,Philips,Phillips Lighting (5831),Philips,0.7,Structured source,[],,,,,,,,,,,,,,,,,,,,,,,,,,,,,,,,,,,,,,,,,,,,,,,,,,,,,,,,,,,,,,,,,,,,,,,,,,,,,,,,,,,,,,,,,,,,,,,,,,,,,,,,,,,,,,,,,,,,,,,,,,,,,,,,,,,,,,,,,,,,,,,,,,,,,,,Phillips Lighting (5831),Philips,586479,Philips 90W Led Med Multi CCT,Philips 90W Led Med Multi CCT for industrial and commercial applications.,Philips 90W Led Med Multi CCT Manufactured or supplied by Phillips Lighting (5831).,Philips 90W Led Med Multi CCT designed for industrial and commercial use.,Brand: Philips,Manufacturer: Phillips Lighting (5831),Manufacturer Part Number: 586479,,,,,,,,,,,,,,,,,
571471,571471 100W Led BR30 Med 27k,,,Philips,Phillips Lighting (5831),Philips,0.7,Structured source,[],,,,,,,,,,,,,,,,,,,,,,,,,,,,,,,,,,,,,,,,,,,,,,,,,,,,,,,,,,,,,,,,,,,,,,,,,,,,,,,,,,,,,,,,,,,,,,,,,,,,,,,,,,,,,,,,,,,,,,,,,,,,,,,,,,,,,,,,,,,,,,,,,,,,,,,Phillips Lighting (5831),Philips,571471,Philips 100W Led BR30 Med 27k,Philips 100W Led BR30 Med 27k for industrial and commercial applications.,Philips 100W Led BR30 Med 27k Manufactured or supplied by Phillips Lighting (5831).,Philips 100W Led BR30 Med 27k designed for industrial and commercial use.,Brand: Philips,Manufacturer: Phillips Lighting (5831),Manufacturer Part Number: 571471,,,,,,,,,,,,,,,,,
570762,570762 50W Led Par16 30k 3pk,,,Philips,Phillips Lighting (5831),Philips,0.7,Structured source,[],,,,,,,,,,,,,,,,,,,,,,,,,,,,,,,,,,,,,,,,,,,,,,,,,,,,,,,,,,,,,,,,,,,,,,,,,,,,,,,,,,,,,,,,,,,,,,,,,,,,,,,,,,,,,,,,,,,,,,,,,,,,,,,,,,,,,,,,,,,,,,,,,,,,,,,Phillips Lighting (5831),Philips,570762,Philips 50W Led Par16 30k 3pk,Philips 50W Led Par16 30k 3pk for industrial and commercial applications.,Philips 50W Led Par16 30k 3pk Manufactured or supplied by Phillips Lighting (5831).,Philips 50W Led Par16 30k 3pk designed for industrial and commercial use.,Brand: Philips,Manufacturer: Phillips Lighting (5831),Manufacturer Part Number: 570762,,,,,,,,,,,,,,,,,
533352,571505 150W Led Med 50k,,,Philips,Phillips Lighting (5831),Philips,0.7,Structured source,[],,,,,,,,,,,,,,,,,,,,,,,,,,,,,,,,,,,,,,,,,,,,,,,,,,,,,,,,,,,,,,,,,,,,,,,,,,,,,,,,,,,,,,,,,,,,,,,,,,,,,,,,,,,,,,,,,,,,,,,,,,,,,,,,,,,,,,,,,,,,,,,,,,,,,,,Phillips Lighting (5831),Philips,533352,Philips 571505 150W Led Med 50k,Philips 571505 150W Led Med 50k for industrial and commercial applications.,Philips 571505 150W Led Med 50k Manufactured or supplied by Phillips Lighting (5831).,Philips 571505 150W Led Med 50k designed for industrial and commercial use.,Brand: Philips,Manufacturer: Phillips Lighting (5831),Manufacturer Part Number: 533352,,,,,,,,,,,,,,,,,
573519,573519 100W Led A21 27k 2pk,,,Philips,Phillips Lighting (5831),Philips,0.7,Structured source,[],,,,,,,,,,,,,,,,,,,,,,,,,,,,,,,,,,,,,,,,,,,,,,,,,,,,,,,,,,,,,,,,,,,,,,,,,,,,,,,,,,,,,,,,,,,,,,,,,,,,,,,,,,,,,,,,,,,,,,,,,,,,,,,,,,,,,,,,,,,,,,,,,,,,,,,Phillips Lighting (5831),Philips,573519,Philips 100W Led A21 27k 2pk,Philips 100W Led A21 27k 2pk for industrial and commercial applications.,Philips 100W Led A21 27k 2pk Manufactured or supplied by Phillips Lighting (5831).,Philips 100W Led A21 27k 2pk designed for industrial and commercial use.,Brand: Philips,Manufacturer: Phillips Lighting (5831),Manufacturer Part Number: 573519,,,,,,,,,,,,,,,,,
573378,573378 60W Led Med 27k 3pk,,,Philips,Phillips Lighting (5831),Philips,0.7,Structured source,[],,,,,,,,,,,,,,,,,,,,,,,,,,,,,,,,,,,,,,,,,,,,,,,,,,,,,,,,,,,,,,,,,,,,,,,,,,,,,,,,,,,,,,,,,,,,,,,,,,,,,,,,,,,,,,,,,,,,,,,,,,,,,,,,,,,,,,,,,,,,,,,,,,,,,,,Phillips Lighting (5831),Philips,573378,Philips 60W Led Med 27k 3pk,Philips 60W Led Med 27k 3pk for industrial and commercial applications.,Philips 60W Led Med 27k 3pk Manufactured or supplied by Phillips Lighting (5831).,Philips 60W Led Med 27k 3pk designed for industrial and commercial use.,Brand: Philips,Manufacturer: Phillips Lighting (5831),Manufacturer Part Number: 573378,,,,,,,,,,,,,,,,,
565622,565622 60W Led Med 20k,,,Philips,Phillips Lighting (5831),Philips,0.7,Structured source,[],,,,,,,,,,,,,,,,,,,,,,,,,,,,,,,,,,,,,,,,,,,,,,,,,,,,,,,,,,,,,,,,,,,,,,,,,,,,,,,,,,,,,,,,,,,,,,,,,,,,,,,,,,,,,,,,,,,,,,,,,,,,,,,,,,,,,,,,,,,,,,,,,,,,,,,Phillips Lighting (5831),Philips,565622,Philips 60W Led Med 20k,Philips 60W Led Med 20k for industrial and commercial applications.,Philips 60W Led Med 20k Manufactured or supplied by Phillips Lighting (5831).,Philips 60W Led Med 20k designed for industrial and commercial use.,Brand: Philips,Manufacturer: Phillips Lighting (5831),Manufacturer Part Number: 565622,,,,,,,,,,,,,,,,,
586891,586891 Led 60W Med A19 27k,,,Philips,Phillips Lighting (5831),Philips,0.7,Structured source,[],,,,,,,,,,,,,,,,,,,,,,,,,,,,,,,,,,,,,,,,,,,,,,,,,,,,,,,,,,,,,,,,,,,,,,,,,,,,,,,,,,,,,,,,,,,,,,,,,,,,,,,,,,,,,,,,,,,,,,,,,,,,,,,,,,,,,,,,,,,,,,,,,,,,,,,Phillips Lighting (5831),Philips,586891,Philips Led 60W Med A19 27k,Philips Led 60W Med A19 27k for industrial and commercial applications.,Philips Led 60W Med A19 27k Manufactured or supplied by Phillips Lighting (5831).,Philips Led 60W Med A19 27k designed for industrial and commercial use.,Brand: Philips,Manufacturer: Phillips Lighting (5831),Manufacturer Part Number: 586891,,,,,,,,,,,,,,,,,
585448,585448 120W Led Motion Bulb,,,Philips,Phillips Lighting (5831),Philips,0.7,Structured source,[],,,,,,,,,,,,,,,,,,,,,,,,,,,,,,,,,,,,,,,,,,,,,,,,,,,,,,,,,,,,,,,,,,,,,,,,,,,,,,,,,,,,,,,,,,,,,,,,,,,,,,,,,,,,,,,,,,,,,,,,,,,,,,,,,,,,,,,,,,,,,,,,,,,,,,,Phillips Lighting (5831),Philips,585448,Philips 120W Led Motion Bulb,Philips 120W Led Motion Bulb for industrial and commercial applications.,Philips 120W Led Motion Bulb Manufactured or supplied by Phillips Lighting (5831).,Philips 120W Led Motion Bulb designed for industrial and commercial use.,Brand: Philips,Manufacturer: Phillips Lighting (5831),Manufacturer Part Number: 585448,,,,,,,,,,,,,,,,,
573444,573444 60W Led A19 Med 50k 2pk,,,Philips,Phillips Lighting (5831),Philips,0.7,Structured source,[],,,,,,,,,,,,,,,,,,,,,,,,,,,,,,,,,,,,,,,,,,,,,,,,,,,,,,,,,,,,,,,,,,,,,,,,,,,,,,,,,,,,,,,,,,,,,,,,,,,,,,,,,,,,,,,,,,,,,,,,,,,,,,,,,,,,,,,,,,,,,,,,,,,,,,,Phillips Lighting (5831),Philips,573444,Philips 60W Led A19 Med 50k 2pk,Philips 60W Led A19 Med 50k 2pk for industrial and commercial applications.,Philips 60W Led A19 Med 50k 2pk Manufactured or supplied by Phillips Lighting (5831).,Philips 60W Led A19 Med 50k 2pk designed for industrial and commercial use.,Brand: Philips,Manufacturer: Phillips Lighting (5831),Manufacturer Part Number: 573444,,,,,,,,,,,,,,,,,
566687,566687 60W Cand Led 27k 3pk,,,Philips,Phillips Lighting (5831),Philips,0.7,Structured source,[],,,,,,,,,,,,,,,,,,,,,,,,,,,,,,,,,,,,,,,,,,,,,,,,,,,,,,,,,,,,,,,,,,,,,,,,,,,,,,,,,,,,,,,,,,,,,,,,,,,,,,,,,,,,,,,,,,,,,,,,,,,,,,,,,,,,,,,,,,,,,,,,,,,,,,,Phillips Lighting (5831),Philips,566687,Philips 60W Cand Led 27k 3pk,Philips 60W Cand Led 27k 3pk for industrial and commercial applications.,Philips 60W Cand Led 27k 3pk Manufactured or supplied by Phillips Lighting (5831).,Philips 60W Cand Led 27k 3pk designed for industrial and commercial use.,Brand: Philips,Manufacturer: Phillips Lighting (5831),Manufacturer Part Number: 566687,,,,,,,,,,,,,,,,,
564385,564385 40w Led Med 27k 2pk,,,Philips,Phillips Lighting (5831),Philips,0.7,Structured source,[],,,,,,,,,,,,,,,,,,,,,,,,,,,,,,,,,,,,,,,,,,,,,,,,,,,,,,,,,,,,,,,,,,,,,,,,,,,,,,,,,,,,,,,,,,,,,,,,,,,,,,,,,,,,,,,,,,,,,,,,,,,,,,,,,,,,,,,,,,,,,,,,,,,,,,,Phillips Lighting (5831),Philips,564385,Philips 40w Led Med 27k 2pk,Philips 40w Led Med 27k 2pk for industrial and commercial applications.,Philips 40w Led Med 27k 2pk Manufactured or supplied by Phillips Lighting (5831).,Philips 40w Led Med 27k 2pk designed for industrial and commercial use.,Brand: Philips,Manufacturer: Phillips Lighting (5831),Manufacturer Part Number: 564385,,,,,,,,,,,,,,,,,
566661,566661 40W LED Cand 27k 3pk,,,Philips,Phillips Lighting (5831),Philips,0.7,Structured source,[],,,,,,,,,,,,,,,,,,,,,,,,,,,,,,,,,,,,,,,,,,,,,,,,,,,,,,,,,,,,,,,,,,,,,,,,,,,,,,,,,,,,,,,,,,,,,,,,,,,,,,,,,,,,,,,,,,,,,,,,,,,,,,,,,,,,,,,,,,,,,,,,,,,,,,,Phillips Lighting (5831),Philips,566661,Philips 40W LED Cand 27k 3pk,Philips 40W LED Cand 27k 3pk for industrial and commercial applications.,Philips 40W LED Cand 27k 3pk Manufactured or supplied by Phillips Lighting (5831).,Philips 40W LED Cand 27k 3pk designed for industrial and commercial use.,Brand: Philips,Manufacturer: Phillips Lighting (5831),Manufacturer Part Number: 566661,,,,,,,,,,,,,,,,,
564898,564898 60W Cand Led 50k 3pk,,,Philips,Phillips Lighting (5831),Philips,0.7,Structured source,[],,,,,,,,,,,,,,,,,,,,,,,,,,,,,,,,,,,,,,,,,,,,,,,,,,,,,,,,,,,,,,,,,,,,,,,,,,,,,,,,,,,,,,,,,,,,,,,,,,,,,,,,,,,,,,,,,,,,,,,,,,,,,,,,,,,,,,,,,,,,,,,,,,,,,,,Phillips Lighting (5831),Philips,564898,Philips 60W Cand Led 50k 3pk,Philips 60W Cand Led 50k 3pk for industrial and commercial applications.,Philips 60W Cand Led 50k 3pk Manufactured or supplied by Phillips Lighting (5831).,Philips 60W Cand Led 50k 3pk designed for industrial and commercial use.,Brand: Philips,Manufacturer: Phillips Lighting (5831),Manufacturer Part Number: 564898,,,,,,,,,,,,,,,,,
538319,588525 40W Led Cand 3pk,,,Philips,Phillips Lighting (5831),Philips,0.7,Structured source,[],,,,,,,,,,,,,,,,,,,,,,,,,,,,,,,,,,,,,,,,,,,,,,,,,,,,,,,,,,,,,,,,,,,,,,,,,,,,,,,,,,,,,,,,,,,,,,,,,,,,,,,,,,,,,,,,,,,,,,,,,,,,,,,,,,,,,,,,,,,,,,,,,,,,,,,Phillips Lighting (5831),Philips,538319,Philips 588525 40W Led Cand 3pk,Philips 588525 40W Led Cand 3pk for industrial and commercial applications.,Philips 588525 40W Led Cand 3pk Manufactured or supplied by Phillips Lighting (5831).,Philips 588525 40W Led Cand 3pk designed for industrial and commercial use.,Brand: Philips,Manufacturer: Phillips Lighting (5831),Manufacturer Part Number: 538319,,,,,,,,,,,,,,,,,
576009,576009 100W Led Par30L Med 50k,,,Philips,Phillips Lighting (5831),Philips,0.7,Structured source,[],,,,,,,,,,,,,,,,,,,,,,,,,,,,,,,,,,,,,,,,,,,,,,,,,,,,,,,,,,,,,,,,,,,,,,,,,,,,,,,,,,,,,,,,,,,,,,,,,,,,,,,,,,,,,,,,,,,,,,,,,,,,,,,,,,,,,,,,,,,,,,,,,,,,,,,Phillips Lighting (5831),Philips,576009,Philips 100W Led Par30L Med 50k,Philips 100W Led Par30L Med 50k for industrial and commercial applications.,Philips 100W Led Par30L Med 50k Manufactured or supplied by Phillips Lighting (5831).,Philips 100W Led Par30L Med 50k designed for industrial and commercial use.,Brand: Philips,Manufacturer: Phillips Lighting (5831),Manufacturer Part Number: 576009,,,,,,,,,,,,,,,,,
564450,564450 40W Led Cand 27k 2pk,,,Philips,Phillips Lighting (5831),Philips,0.7,Structured source,[],,,,,,,,,,,,,,,,,,,,,,,,,,,,,,,,,,,,,,,,,,,,,,,,,,,,,,,,,,,,,,,,,,,,,,,,,,,,,,,,,,,,,,,,,,,,,,,,,,,,,,,,,,,,,,,,,,,,,,,,,,,,,,,,,,,,,,,,,,,,,,,,,,,,,,,Phillips Lighting (5831),Philips,564450,Philips 40W Led Cand 27k 2pk,Philips 40W Led Cand 27k 2pk for industrial and commercial applications.,Philips 40W Led Cand 27k 2pk Manufactured or supplied by Phillips Lighting (5831).,Philips 40W Led Cand 27k 2pk designed for industrial and commercial use.,Brand: Philips,Manufacturer: Phillips Lighting (5831),Manufacturer Part Number: 564450,,,,,,,,,,,,,,,,,
572669,572669 60W Led F15 Med 27k,,,Philips,Phillips Lighting (5831),Philips,0.7,Structured source,[],,,,,,,,,,,,,,,,,,,,,,,,,,,,,,,,,,,,,,,,,,,,,,,,,,,,,,,,,,,,,,,,,,,,,,,,,,,,,,,,,,,,,,,,,,,,,,,,,,,,,,,,,,,,,,,,,,,,,,,,,,,,,,,,,,,,,,,,,,,,,,,,,,,,,,,Phillips Lighting (5831),Philips,572669,Philips 60W Led F15 Med 27k,Philips 60W Led F15 Med 27k for industrial and commercial applications.,Philips 60W Led F15 Med 27k Manufactured or supplied by Phillips Lighting (5831).,Philips 60W Led F15 Med 27k designed for industrial and commercial use.,Brand: Philips,Manufacturer: Phillips Lighting (5831),Manufacturer Part Number: 572669,,,,,,,,,,,,,,,,,
564906,564906 60W Led Med 27k 2pk,,,Philips,Phillips Lighting (5831),Philips,0.7,Structured source,[],,,,,,,,,,,,,,,,,,,,,,,,,,,,,,,,,,,,,,,,,,,,,,,,,,,,,,,,,,,,,,,,,,,,,,,,,,,,,,,,,,,,,,,,,,,,,,,,,,,,,,,,,,,,,,,,,,,,,,,,,,,,,,,,,,,,,,,,,,,,,,,,,,,,,,,Phillips Lighting (5831),Philips,564906,Philips 60W Led Med 27k 2pk,Philips 60W Led Med 27k 2pk for industrial and commercial applications.,Philips 60W Led Med 27k 2pk Manufactured or supplied by Phillips Lighting (5831).,Philips 60W Led Med 27k 2pk designed for industrial and commercial use.,Brand: Philips,Manufacturer: Phillips Lighting (5831),Manufacturer Part Number: 564906,,,,,,,,,,,,,,,,,
573410,573410 40W Led A19 Med 27k 2pk,,,Philips,Phillips Lighting (5831),Philips,0.7,Structured source,[],,,,,,,,,,,,,,,,,,,,,,,,,,,,,,,,,,,,,,,,,,,,,,,,,,,,,,,,,,,,,,,,,,,,,,,,,,,,,,,,,,,,,,,,,,,,,,,,,,,,,,,,,,,,,,,,,,,,,,,,,,,,,,,,,,,,,,,,,,,,,,,,,,,,,,,Phillips Lighting (5831),Philips,573410,Philips 40W Led A19 Med 27k 2pk,Philips 40W Led A19 Med 27k 2pk for industrial and commercial applications.,Philips 40W Led A19 Med 27k 2pk Manufactured or supplied by Phillips Lighting (5831).,Philips 40W Led A19 Med 27k 2pk designed for industrial and commercial use.,Brand: Philips,Manufacturer: Phillips Lighting (5831),Manufacturer Part Number: 573410,,,,,,,,,,,,,,,,,
576504,576504 65W Led BR40 Med 50k,,,Philips,Phillips Lighting (5831),Philips,0.7,Structured source,[],,,,,,,,,,,,,,,,,,,,,,,,,,,,,,,,,,,,,,,,,,,,,,,,,,,,,,,,,,,,,,,,,,,,,,,,,,,,,,,,,,,,,,,,,,,,,,,,,,,,,,,,,,,,,,,,,,,,,,,,,,,,,,,,,,,,,,,,,,,,,,,,,,,,,,,Phillips Lighting (5831),Philips,576504,Philips 65W Led BR40 Med 50k,Philips 65W Led BR40 Med 50k for industrial and commercial applications.,Philips 65W Led BR40 Med 50k Manufactured or supplied by Phillips Lighting (5831).,Philips 65W Led BR40 Med 50k designed for industrial and commercial use.,Brand: Philips,Manufacturer: Phillips Lighting (5831),Manufacturer Part Number: 576504,,,,,,,,,,,,,,,,,
576017,576017 100W Led Par30L Med 30k,,,Philips,Phillips Lighting (5831),Philips,0.7,Structured source,[],,,,,,,,,,,,,,,,,,,,,,,,,,,,,,,,,,,,,,,,,,,,,,,,,,,,,,,,,,,,,,,,,,,,,,,,,,,,,,,,,,,,,,,,,,,,,,,,,,,,,,,,,,,,,,,,,,,,,,,,,,,,,,,,,,,,,,,,,,,,,,,,,,,,,,,Phillips Lighting (5831),Philips,576017,Philips 100W Led Par30L Med 30k,Philips 100W Led Par30L Med 30k for industrial and commercial applications.,Philips 100W Led Par30L Med 30k Manufactured or supplied by Phillips Lighting (5831).,Philips 100W Led Par30L Med 30k designed for industrial and commercial use.,Brand: Philips,Manufacturer: Phillips Lighting (5831),Manufacturer Part Number: 576017,,,,,,,,,,,,,,,,,
574392,574392 40W Led B11 Med 27k 3pk,,,Philips,Phillips Lighting (5831),Philips,0.7,Structured source,[],,,,,,,,,,,,,,,,,,,,,,,,,,,,,,,,,,,,,,,,,,,,,,,,,,,,,,,,,,,,,,,,,,,,,,,,,,,,,,,,,,,,,,,,,,,,,,,,,,,,,,,,,,,,,,,,,,,,,,,,,,,,,,,,,,,,,,,,,,,,,,,,,,,,,,,Phillips Lighting (5831),Philips,574392,Philips 40W Led B11 Med 27k 3pk,Philips 40W Led B11 Med 27k 3pk for industrial and commercial applications.,Philips 40W Led B11 Med 27k 3pk Manufactured or supplied by Phillips Lighting (5831).,Philips 40W Led B11 Med 27k 3pk designed for industrial and commercial use.,Brand: Philips,Manufacturer: Phillips Lighting (5831),Manufacturer Part Number: 574392,,,,,,,,,,,,,,,,,
576751,576751 65W Led BR30 Med 3pk,,,Philips,Phillips Lighting (5831),Philips,0.7,Structured source,[],,,,,,,,,,,,,,,,,,,,,,,,,,,,,,,,,,,,,,,,,,,,,,,,,,,,,,,,,,,,,,,,,,,,,,,,,,,,,,,,,,,,,,,,,,,,,,,,,,,,,,,,,,,,,,,,,,,,,,,,,,,,,,,,,,,,,,,,,,,,,,,,,,,,,,,Phillips Lighting (5831),Philips,576751,Philips 65W Led BR30 Med 3pk,Philips 65W Led BR30 Med 3pk for industrial and commercial applications.,Philips 65W Led BR30 Med 3pk Manufactured or supplied by Phillips Lighting (5831).,Philips 65W Led BR30 Med 3pk designed for industrial and commercial use.,Brand: Philips,Manufacturer: Phillips Lighting (5831),Manufacturer Part Number: 576751,,,,,,,,,,,,,,,,,
583161,583161 Led 65W Med BR30 3pk,,,Philips,Phillips Lighting (5831),Philips,0.7,Structured source,[],,,,,,,,,,,,,,,,,,,,,,,,,,,,,,,,,,,,,,,,,,,,,,,,,,,,,,,,,,,,,,,,,,,,,,,,,,,,,,,,,,,,,,,,,,,,,,,,,,,,,,,,,,,,,,,,,,,,,,,,,,,,,,,,,,,,,,,,,,,,,,,,,,,,,,,Phillips Lighting (5831),Philips,583161,Philips Led 65W Med BR30 3pk,Philips Led 65W Med BR30 3pk for industrial and commercial applications.,Philips Led 65W Med BR30 3pk Manufactured or supplied by Phillips Lighting (5831).,Philips Led 65W Med BR30 3pk designed for industrial and commercial use.,Brand: Philips,Manufacturer: Phillips Lighting (5831),Manufacturer Part Number: 583161,,,,,,,,,,,,,,,,,
566695,566695 60W Led Med 27k 3pk,,,Philips,Phillips Lighting (5831),Philips,0.7,Structured source,[],,,,,,,,,,,,,,,,,,,,,,,,,,,,,,,,,,,,,,,,,,,,,,,,,,,,,,,,,,,,,,,,,,,,,,,,,,,,,,,,,,,,,,,,,,,,,,,,,,,,,,,,,,,,,,,,,,,,,,,,,,,,,,,,,,,,,,,,,,,,,,,,,,,,,,,Phillips Lighting (5831),Philips,566695,Philips 60W Led Med 27k 3pk,Philips 60W Led Med 27k 3pk for industrial and commercial applications.,Philips 60W Led Med 27k 3pk Manufactured or supplied by Phillips Lighting (5831).,Philips 60W Led Med 27k 3pk designed for industrial and commercial use.,Brand: Philips,Manufacturer: Phillips Lighting (5831),Manufacturer Part Number: 566695,,,,,,,,,,,,,,,,,
577007,577007 125W Led Med 30k Flood,,,Philips,Phillips Lighting (5831),Philips,0.7,Structured source,[],,,,,,,,,,,,,,,,,,,,,,,,,,,,,,,,,,,,,,,,,,,,,,,,,,,,,,,,,,,,,,,,,,,,,,,,,,,,,,,,,,,,,,,,,,,,,,,,,,,,,,,,,,,,,,,,,,,,,,,,,,,,,,,,,,,,,,,,,,,,,,,,,,,,,,,Phillips Lighting (5831),Philips,577007,Philips 125W Led Med 30k Flood,Philips 125W Led Med 30k Flood for industrial and commercial applications.,Philips 125W Led Med 30k Flood Manufactured or supplied by Phillips Lighting (5831).,Philips 125W Led Med 30k Flood designed for industrial and commercial use.,Brand: Philips,Manufacturer: Phillips Lighting (5831),Manufacturer Part Number: 577007,,,,,,,,,,,,,,,,,
566653,566653 25W Led Cand 27k 3pk,,,Philips,Phillips Lighting (5831),Philips,0.7,Structured source,[],,,,,,,,,,,,,,,,,,,,,,,,,,,,,,,,,,,,,,,,,,,,,,,,,,,,,,,,,,,,,,,,,,,,,,,,,,,,,,,,,,,,,,,,,,,,,,,,,,,,,,,,,,,,,,,,,,,,,,,,,,,,,,,,,,,,,,,,,,,,,,,,,,,,,,,Phillips Lighting (5831),Philips,566653,Philips 25W Led Cand 27k 3pk,Philips 25W Led Cand 27k 3pk for industrial and commercial applications.,Philips 25W Led Cand 27k 3pk Manufactured or supplied by Phillips Lighting (5831).,Philips 25W Led Cand 27k 3pk designed for industrial and commercial use.,Brand: Philips,Manufacturer: Phillips Lighting (5831),Manufacturer Part Number: 566653,,,,,,,,,,,,,,,,,
566679,566679 40W Led Med 27k 3pk,,,Philips,Phillips Lighting (5831),Philips,0.7,Structured source,[],,,,,,,,,,,,,,,,,,,,,,,,,,,,,,,,,,,,,,,,,,,,,,,,,,,,,,,,,,,,,,,,,,,,,,,,,,,,,,,,,,,,,,,,,,,,,,,,,,,,,,,,,,,,,,,,,,,,,,,,,,,,,,,,,,,,,,,,,,,,,,,,,,,,,,,Phillips Lighting (5831),Philips,566679,Philips 40W Led Med 27k 3pk,Philips 40W Led Med 27k 3pk for industrial and commercial applications.,Philips 40W Led Med 27k 3pk Manufactured or supplied by Phillips Lighting (5831).,Philips 40W Led Med 27k 3pk designed for industrial and commercial use.,Brand: Philips,Manufacturer: Phillips Lighting (5831),Manufacturer Part Number: 566679,,,,,,,,,,,,,,,,,
573311,573311 60W Led Med 27k 2pk,,,Philips,Phillips Lighting (5831),Philips,0.7,Structured source,[],,,,,,,,,,,,,,,,,,,,,,,,,,,,,,,,,,,,,,,,,,,,,,,,,,,,,,,,,,,,,,,,,,,,,,,,,,,,,,,,,,,,,,,,,,,,,,,,,,,,,,,,,,,,,,,,,,,,,,,,,,,,,,,,,,,,,,,,,,,,,,,,,,,,,,,Phillips Lighting (5831),Philips,573311,Philips 60W Led Med 27k 2pk,Philips 60W Led Med 27k 2pk for industrial and commercial applications.,Philips 60W Led Med 27k 2pk Manufactured or supplied by Phillips Lighting (5831).,Philips 60W Led Med 27k 2pk designed for industrial and commercial use.,Brand: Philips,Manufacturer: Phillips Lighting (5831),Manufacturer Part Number: 573311,,,,,,,,,,,,,,,,,
573394,573394 60W Led Cand 27k 2pk,,,Philips,Phillips Lighting (5831),Philips,0.7,Structured source,[],,,,,,,,,,,,,,,,,,,,,,,,,,,,,,,,,,,,,,,,,,,,,,,,,,,,,,,,,,,,,,,,,,,,,,,,,,,,,,,,,,,,,,,,,,,,,,,,,,,,,,,,,,,,,,,,,,,,,,,,,,,,,,,,,,,,,,,,,,,,,,,,,,,,,,,Phillips Lighting (5831),Philips,573394,Philips 60W Led Cand 27k 2pk,Philips 60W Led Cand 27k 2pk for industrial and commercial applications.,Philips 60W Led Cand 27k 2pk Manufactured or supplied by Phillips Lighting (5831).,Philips 60W Led Cand 27k 2pk designed for industrial and commercial use.,Brand: Philips,Manufacturer: Phillips Lighting (5831),Manufacturer Part Number: 573394,,,,,,,,,,,,,,,,,
573329,573329 60W Cand Led 27k 2pk,,,Philips,Phillips Lighting (5831),Philips,0.7,Structured source,[],,,,,,,,,,,,,,,,,,,,,,,,,,,,,,,,,,,,,,,,,,,,,,,,,,,,,,,,,,,,,,,,,,,,,,,,,,,,,,,,,,,,,,,,,,,,,,,,,,,,,,,,,,,,,,,,,,,,,,,,,,,,,,,,,,,,,,,,,,,,,,,,,,,,,,,Phillips Lighting (5831),Philips,573329,Philips 60W Cand Led 27k 2pk,Philips 60W Cand Led 27k 2pk for industrial and commercial applications.,Philips 60W Cand Led 27k 2pk Manufactured or supplied by Phillips Lighting (5831).,Philips 60W Cand Led 27k 2pk designed for industrial and commercial use.,Brand: Philips,Manufacturer: Phillips Lighting (5831),Manufacturer Part Number: 573329,,,,,,,,,,,,,,,,,
564930,564930 40W Cand Led 50k 3pk,,,Philips,Phillips Lighting (5831),Philips,0.7,Structured source,[],,,,,,,,,,,,,,,,,,,,,,,,,,,,,,,,,,,,,,,,,,,,,,,,,,,,,,,,,,,,,,,,,,,,,,,,,,,,,,,,,,,,,,,,,,,,,,,,,,,,,,,,,,,,,,,,,,,,,,,,,,,,,,,,,,,,,,,,,,,,,,,,,,,,,,,Phillips Lighting (5831),Philips,564930,Philips 40W Cand Led 50k 3pk,Philips 40W Cand Led 50k 3pk for industrial and commercial applications.,Philips 40W Cand Led 50k 3pk Manufactured or supplied by Phillips Lighting (5831).,Philips 40W Cand Led 50k 3pk designed for industrial and commercial use.,Brand: Philips,Manufacturer: Phillips Lighting (5831),Manufacturer Part Number: 564930,,,,,,,,,,,,,,,,,
565000,565000 60W Led Med 27k 2pk,,,Philips,Phillips Lighting (5831),Philips,0.7,Structured source,[],,,,,,,,,,,,,,,,,,,,,,,,,,,,,,,,,,,,,,,,,,,,,,,,,,,,,,,,,,,,,,,,,,,,,,,,,,,,,,,,,,,,,,,,,,,,,,,,,,,,,,,,,,,,,,,,,,,,,,,,,,,,,,,,,,,,,,,,,,,,,,,,,,,,,,,Phillips Lighting (5831),Philips,565000,Philips 60W Led Med 27k 2pk,Philips 60W Led Med 27k 2pk for industrial and commercial applications.,Philips 60W Led Med 27k 2pk Manufactured or supplied by Phillips Lighting (5831).,Philips 60W Led Med 27k 2pk designed for industrial and commercial use.,Brand: Philips,Manufacturer: Phillips Lighting (5831),Manufacturer Part Number: 565000,,,,,,,,,,,,,,,,,
564922,564922 60W Led BA11 50k 3pk,,,Philips,Phillips Lighting (5831),Philips,0.7,Structured source,[],,,,,,,,,,,,,,,,,,,,,,,,,,,,,,,,,,,,,,,,,,,,,,,,,,,,,,,,,,,,,,,,,,,,,,,,,,,,,,,,,,,,,,,,,,,,,,,,,,,,,,,,,,,,,,,,,,,,,,,,,,,,,,,,,,,,,,,,,,,,,,,,,,,,,,,Phillips Lighting (5831),Philips,564922,Philips 60W Led BA11 50k 3pk,Philips 60W Led BA11 50k 3pk for industrial and commercial applications.,Philips 60W Led BA11 50k 3pk Manufactured or supplied by Phillips Lighting (5831).,Philips 60W Led BA11 50k 3pk designed for industrial and commercial use.,Brand: Philips,Manufacturer: Phillips Lighting (5831),Manufacturer Part Number: 564922,,,,,,,,,,,,,,,,,
573295,573295 40W Led Med 27k 2pk,,,Philips,Phillips Lighting (5831),Philips,0.7,Structured source,[],,,,,,,,,,,,,,,,,,,,,,,,,,,,,,,,,,,,,,,,,,,,,,,,,,,,,,,,,,,,,,,,,,,,,,,,,,,,,,,,,,,,,,,,,,,,,,,,,,,,,,,,,,,,,,,,,,,,,,,,,,,,,,,,,,,,,,,,,,,,,,,,,,,,,,,Phillips Lighting (5831),Philips,573295,Philips 40W Led Med 27k 2pk,Philips 40W Led Med 27k 2pk for industrial and commercial applications.,Philips 40W Led Med 27k 2pk Manufactured or supplied by Phillips Lighting (5831).,Philips 40W Led Med 27k 2pk designed for industrial and commercial use.,Brand: Philips,Manufacturer: Phillips Lighting (5831),Manufacturer Part Number: 573295,,,,,,,,,,,,,,,,,
564914,564914 60W Med Led 50k 2pk,,,Philips,Phillips Lighting (5831),Philips,0.7,Structured source,[],,,,,,,,,,,,,,,,,,,,,,,,,,,,,,,,,,,,,,,,,,,,,,,,,,,,,,,,,,,,,,,,,,,,,,,,,,,,,,,,,,,,,,,,,,,,,,,,,,,,,,,,,,,,,,,,,,,,,,,,,,,,,,,,,,,,,,,,,,,,,,,,,,,,,,,Phillips Lighting (5831),Philips,564914,Philips 60W Med Led 50k 2pk,Philips 60W Med Led 50k 2pk for industrial and commercial applications.,Philips 60W Med Led 50k 2pk Manufactured or supplied by Phillips Lighting (5831).,Philips 60W Med Led 50k 2pk designed for industrial and commercial use.,Brand: Philips,Manufacturer: Phillips Lighting (5831),Manufacturer Part Number: 564914,,,,,,,,,,,,,,,,,
573485,573485 60W Led A19 Med 50k 2pk,,,Philips,Phillips Lighting (5831),Philips,0.7,Structured source,[],,,,,,,,,,,,,,,,,,,,,,,,,,,,,,,,,,,,,,,,,,,,,,,,,,,,,,,,,,,,,,,,,,,,,,,,,,,,,,,,,,,,,,,,,,,,,,,,,,,,,,,,,,,,,,,,,,,,,,,,,,,,,,,,,,,,,,,,,,,,,,,,,,,,,,,Phillips Lighting (5831),Philips,573485,Philips 60W Led A19 Med 50k 2pk,Philips 60W Led A19 Med 50k 2pk for industrial and commercial applications.,Philips 60W Led A19 Med 50k 2pk Manufactured or supplied by Phillips Lighting (5831).,Philips 60W Led A19 Med 50k 2pk designed for industrial and commercial use.,Brand: Philips,Manufacturer: Phillips Lighting (5831),Manufacturer Part Number: 573485,,,,,,,,,,,,,,,,,
573337,573337 40W Led G25 Med 50k 2pk,,,Philips,Phillips Lighting (5831),Philips,0.7,Structured source,[],,,,,,,,,,,,,,,,,,,,,,,,,,,,,,,,,,,,,,,,,,,,,,,,,,,,,,,,,,,,,,,,,,,,,,,,,,,,,,,,,,,,,,,,,,,,,,,,,,,,,,,,,,,,,,,,,,,,,,,,,,,,,,,,,,,,,,,,,,,,,,,,,,,,,,,Phillips Lighting (5831),Philips,573337,Philips 40W Led G25 Med 50k 2pk,Philips 40W Led G25 Med 50k 2pk for industrial and commercial applications.,Philips 40W Led G25 Med 50k 2pk Manufactured or supplied by Phillips Lighting (5831).,Philips 40W Led G25 Med 50k 2pk designed for industrial and commercial use.,Brand: Philips,Manufacturer: Phillips Lighting (5831),Manufacturer Part Number: 573337,,,,,,,,,,,,,,,,,
544874,544874 32W Led T8 UBulb 40k,,,Philips,Phillips Lighting (5831),Philips,0.7,Structured source,[],,,,,,,,,,,,,,,,,,,,,,,,,,,,,,,,,,,,,,,,,,,,,,,,,,,,,,,,,,,,,,,,,,,,,,,,,,,,,,,,,,,,,,,,,,,,,,,,,,,,,,,,,,,,,,,,,,,,,,,,,,,,,,,,,,,,,,,,,,,,,,,,,,,,,,,Phillips Lighting (5831),Philips,544874,Philips 32W Led T8 UBulb 40k,Philips 32W Led T8 UBulb 40k for industrial and commercial applications.,Philips 32W Led T8 UBulb 40k Manufactured or supplied by Phillips Lighting (5831).,Philips 32W Led T8 UBulb 40k designed for industrial and commercial use.,Brand: Philips,Manufacturer: Phillips Lighting (5831),Manufacturer Part Number: 544874,,,,,,,,,,,,,,,,,
570846,570846 50W Led Med 22K 2pk,,,Philips,Phillips Lighting (5831),Philips,0.7,Structured source,[],,,,,,,,,,,,,,,,,,,,,,,,,,,,,,,,,,,,,,,,,,,,,,,,,,,,,,,,,,,,,,,,,,,,,,,,,,,,,,,,,,,,,,,,,,,,,,,,,,,,,,,,,,,,,,,,,,,,,,,,,,,,,,,,,,,,,,,,,,,,,,,,,,,,,,,Phillips Lighting (5831),Philips,570846,Philips 50W Led Med 22K 2pk,Philips 50W Led Med 22K 2pk for industrial and commercial applications.,Philips 50W Led Med 22K 2pk Manufactured or supplied by Phillips Lighting (5831).,Philips 50W Led Med 22K 2pk designed for industrial and commercial use.,Brand: Philips,Manufacturer: Phillips Lighting (5831),Manufacturer Part Number: 570846,,,,,,,,,,,,,,,,,
565473,565473 60W Led A19 Bulb 2pk,,,Philips,Phillips Lighting (5831),Philips,0.7,Structured source,[],,,,,,,,,,,,,,,,,,,,,,,,,,,,,,,,,,,,,,,,,,,,,,,,,,,,,,,,,,,,,,,,,,,,,,,,,,,,,,,,,,,,,,,,,,,,,,,,,,,,,,,,,,,,,,,,,,,,,,,,,,,,,,,,,,,,,,,,,,,,,,,,,,,,,,,Phillips Lighting (5831),Philips,565473,Philips 60W Led A19 Bulb 2pk,Philips 60W Led A19 Bulb 2pk for industrial and commercial applications.,Philips 60W Led A19 Bulb 2pk Manufactured or supplied by Phillips Lighting (5831).,Philips 60W Led A19 Bulb 2pk designed for industrial and commercial use.,Brand: Philips,Manufacturer: Phillips Lighting (5831),Manufacturer Part Number: 565473,,,,,,,,,,,,,,,,,
573402,573402 60W Led Med 50k 2pk,,,Philips,Phillips Lighting (5831),Philips,0.7,Structured source,[],,,,,,,,,,,,,,,,,,,,,,,,,,,,,,,,,,,,,,,,,,,,,,,,,,,,,,,,,,,,,,,,,,,,,,,,,,,,,,,,,,,,,,,,,,,,,,,,,,,,,,,,,,,,,,,,,,,,,,,,,,,,,,,,,,,,,,,,,,,,,,,,,,,,,,,Phillips Lighting (5831),Philips,573402,Philips 60W Led Med 50k 2pk,Philips 60W Led Med 50k 2pk for industrial and commercial applications.,Philips 60W Led Med 50k 2pk Manufactured or supplied by Phillips Lighting (5831).,Philips 60W Led Med 50k 2pk designed for industrial and commercial use.,Brand: Philips,Manufacturer: Phillips Lighting (5831),Manufacturer Part Number: 573402,,,,,,,,,,,,,,,,,
573352,573352 40W Led Med 27k 2pk,,,Philips,Phillips Lighting (5831),Philips,0.7,Structured source,[],,,,,,,,,,,,,,,,,,,,,,,,,,,,,,,,,,,,,,,,,,,,,,,,,,,,,,,,,,,,,,,,,,,,,,,,,,,,,,,,,,,,,,,,,,,,,,,,,,,,,,,,,,,,,,,,,,,,,,,,,,,,,,,,,,,,,,,,,,,,,,,,,,,,,,,Phillips Lighting (5831),Philips,573352,Philips 40W Led Med 27k 2pk,Philips 40W Led Med 27k 2pk for industrial and commercial applications.,Philips 40W Led Med 27k 2pk Manufactured or supplied by Phillips Lighting (5831).,Philips 40W Led Med 27k 2pk designed for industrial and commercial use.,Brand: Philips,Manufacturer: Phillips Lighting (5831),Manufacturer Part Number: 573352,,,,,,,,,,,,,,,,,
573428,573428 40W Med Led 50k 2pk,,,Philips,Phillips Lighting (5831),Philips,0.7,Structured source,[],,,,,,,,,,,,,,,,,,,,,,,,,,,,,,,,,,,,,,,,,,,,,,,,,,,,,,,,,,,,,,,,,,,,,,,,,,,,,,,,,,,,,,,,,,,,,,,,,,,,,,,,,,,,,,,,,,,,,,,,,,,,,,,,,,,,,,,,,,,,,,,,,,,,,,,Phillips Lighting (5831),Philips,573428,Philips 40W Med Led 50k 2pk,Philips 40W Med Led 50k 2pk for industrial and commercial applications.,Philips 40W Med Led 50k 2pk Manufactured or supplied by Phillips Lighting (5831).,Philips 40W Med Led 50k 2pk designed for industrial and commercial use.,Brand: Philips,Manufacturer: Phillips Lighting (5831),Manufacturer Part Number: 573428,,,,,,,,,,,,,,,,,
573386,573386 60W Led Med 27k 2pk,,,Philips,Phillips Lighting (5831),Philips,0.7,Structured source,[],,,,,,,,,,,,,,,,,,,,,,,,,,,,,,,,,,,,,,,,,,,,,,,,,,,,,,,,,,,,,,,,,,,,,,,,,,,,,,,,,,,,,,,,,,,,,,,,,,,,,,,,,,,,,,,,,,,,,,,,,,,,,,,,,,,,,,,,,,,,,,,,,,,,,,,Phillips Lighting (5831),Philips,573386,Philips 60W Led Med 27k 2pk,Philips 60W Led Med 27k 2pk for industrial and commercial applications.,Philips 60W Led Med 27k 2pk Manufactured or supplied by Phillips Lighting (5831).,Philips 60W Led Med 27k 2pk designed for industrial and commercial use.,Brand: Philips,Manufacturer: Phillips Lighting (5831),Manufacturer Part Number: 573386,,,,,,,,,,,,,,,,,
564948,564948 40W Led Med 50k 3pk,,,Philips,Phillips Lighting (5831),Philips,0.7,Structured source,[],,,,,,,,,,,,,,,,,,,,,,,,,,,,,,,,,,,,,,,,,,,,,,,,,,,,,,,,,,,,,,,,,,,,,,,,,,,,,,,,,,,,,,,,,,,,,,,,,,,,,,,,,,,,,,,,,,,,,,,,,,,,,,,,,,,,,,,,,,,,,,,,,,,,,,,Phillips Lighting (5831),Philips,564948,Philips 40W Led Med 50k 3pk,Philips 40W Led Med 50k 3pk for industrial and commercial applications.,Philips 40W Led Med 50k 3pk Manufactured or supplied by Phillips Lighting (5831).,Philips 40W Led Med 50k 3pk designed for industrial and commercial use.,Brand: Philips,Manufacturer: Phillips Lighting (5831),Manufacturer Part Number: 564948,,,,,,,,,,,,,,,,,
573303,573303 40W Led Cand 27k 2pk,,,Philips,Phillips Lighting (5831),Philips,0.7,Structured source,[],,,,,,,,,,,,,,,,,,,,,,,,,,,,,,,,,,,,,,,,,,,,,,,,,,,,,,,,,,,,,,,,,,,,,,,,,,,,,,,,,,,,,,,,,,,,,,,,,,,,,,,,,,,,,,,,,,,,,,,,,,,,,,,,,,,,,,,,,,,,,,,,,,,,,,,Phillips Lighting (5831),Philips,573303,Philips 40W Led Cand 27k 2pk,Philips 40W Led Cand 27k 2pk for industrial and commercial applications.,Philips 40W Led Cand 27k 2pk Manufactured or supplied by Phillips Lighting (5831).,Philips 40W Led Cand 27k 2pk designed for industrial and commercial use.,Brand: Philips,Manufacturer: Phillips Lighting (5831),Manufacturer Part Number: 573303,,,,,,,,,,,,,,,,,
573188,573188 250W Led Par38 Med 50k,,,Philips,Phillips Lighting (5831),Philips,0.7,Structured source,[],,,,,,,,,,,,,,,,,,,,,,,,,,,,,,,,,,,,,,,,,,,,,,,,,,,,,,,,,,,,,,,,,,,,,,,,,,,,,,,,,,,,,,,,,,,,,,,,,,,,,,,,,,,,,,,,,,,,,,,,,,,,,,,,,,,,,,,,,,,,,,,,,,,,,,,Phillips Lighting (5831),Philips,573188,Philips 250W Led Par38 Med 50k,Philips 250W Led Par38 Med 50k for industrial and commercial applications.,Philips 250W Led Par38 Med 50k Manufactured or supplied by Phillips Lighting (5831).,Philips 250W Led Par38 Med 50k designed for industrial and commercial use.,Brand: Philips,Manufacturer: Phillips Lighting (5831),Manufacturer Part Number: 573188,,,,,,,,,,,,,,,,,
573469,573469 40W Led A19 Med 50k 2pk,,,Philips,Phillips Lighting (5831),Philips,0.7,Structured source,[],,,,,,,,,,,,,,,,,,,,,,,,,,,,,,,,,,,,,,,,,,,,,,,,,,,,,,,,,,,,,,,,,,,,,,,,,,,,,,,,,,,,,,,,,,,,,,,,,,,,,,,,,,,,,,,,,,,,,,,,,,,,,,,,,,,,,,,,,,,,,,,,,,,,,,,Phillips Lighting (5831),Philips,573469,Philips 40W Led A19 Med 50k 2pk,Philips 40W Led A19 Med 50k 2pk for industrial and commercial applications.,Philips 40W Led A19 Med 50k 2pk Manufactured or supplied by Phillips Lighting (5831).,Philips 40W Led A19 Med 50k 2pk designed for industrial and commercial use.,Brand: Philips,Manufacturer: Phillips Lighting (5831),Manufacturer Part Number: 573469,,,,,,,,,,,,,,,,,
565671,565671 25W Led Med 20K,,,Philips,Phillips Lighting (5831),Philips,0.7,Structured source,[],,,,,,,,,,,,,,,,,,,,,,,,,,,,,,,,,,,,,,,,,,,,,,,,,,,,,,,,,,,,,,,,,,,,,,,,,,,,,,,,,,,,,,,,,,,,,,,,,,,,,,,,,,,,,,,,,,,,,,,,,,,,,,,,,,,,,,,,,,,,,,,,,,,,,,,Phillips Lighting (5831),Philips,565671,Philips 25W Led Med 20K,Philips 25W Led Med 20K for industrial and commercial applications.,Philips 25W Led Med 20K Manufactured or supplied by Phillips Lighting (5831).,Philips 25W Led Med 20K designed for industrial and commercial use.,Brand: Philips,Manufacturer: Phillips Lighting (5831),Manufacturer Part Number: 565671,,,,,,,,,,,,,,,,,
573204,573204 75W Led Par20 Med 50k,,,Philips,Phillips Lighting (5831),Philips,0.7,Structured source,[],,,,,,,,,,,,,,,,,,,,,,,,,,,,,,,,,,,,,,,,,,,,,,,,,,,,,,,,,,,,,,,,,,,,,,,,,,,,,,,,,,,,,,,,,,,,,,,,,,,,,,,,,,,,,,,,,,,,,,,,,,,,,,,,,,,,,,,,,,,,,,,,,,,,,,,Phillips Lighting (5831),Philips,573204,Philips 75W Led Par20 Med 50k,Philips 75W Led Par20 Med 50k for industrial and commercial applications.,Philips 75W Led Par20 Med 50k Manufactured or supplied by Phillips Lighting (5831).,Philips 75W Led Par20 Med 50k designed for industrial and commercial use.,Brand: Philips,Manufacturer: Phillips Lighting (5831),Manufacturer Part Number: 573204,,,,,,,,,,,,,,,,,
581199,581199 60W Led Med 2pk,,,Philips,Phillips Lighting (5831),Philips,0.7,Structured source,[],,,,,,,,,,,,,,,,,,,,,,,,,,,,,,,,,,,,,,,,,,,,,,,,,,,,,,,,,,,,,,,,,,,,,,,,,,,,,,,,,,,,,,,,,,,,,,,,,,,,,,,,,,,,,,,,,,,,,,,,,,,,,,,,,,,,,,,,,,,,,,,,,,,,,,,Phillips Lighting (5831),Philips,581199,Philips 60W Led Med 2pk,Philips 60W Led Med 2pk for industrial and commercial applications.,Philips 60W Led Med 2pk Manufactured or supplied by Phillips Lighting (5831).,Philips 60W Led Med 2pk designed for industrial and commercial use.,Brand: Philips,Manufacturer: Phillips Lighting (5831),Manufacturer Part Number: 581199,,,,,,,,,,,,,,,,,
565887,565887 60W Led Med 20k,,,Philips,Phillips Lighting (5831),Philips,0.7,Structured source,[],,,,,,,,,,,,,,,,,,,,,,,,,,,,,,,,,,,,,,,,,,,,,,,,,,,,,,,,,,,,,,,,,,,,,,,,,,,,,,,,,,,,,,,,,,,,,,,,,,,,,,,,,,,,,,,,,,,,,,,,,,,,,,,,,,,,,,,,,,,,,,,,,,,,,,,Phillips Lighting (5831),Philips,565887,Philips 60W Led Med 20k,Philips 60W Led Med 20k for industrial and commercial applications.,Philips 60W Led Med 20k Manufactured or supplied by Phillips Lighting (5831).,Philips 60W Led Med 20k designed for industrial and commercial use.,Brand: Philips,Manufacturer: Phillips Lighting (5831),Manufacturer Part Number: 565887,,,,,,,,,,,,,,,,,
586867,586867 60W Led Med 27K,,,Philips,Phillips Lighting (5831),Philips,0.7,Structured source,[],,,,,,,,,,,,,,,,,,,,,,,,,,,,,,,,,,,,,,,,,,,,,,,,,,,,,,,,,,,,,,,,,,,,,,,,,,,,,,,,,,,,,,,,,,,,,,,,,,,,,,,,,,,,,,,,,,,,,,,,,,,,,,,,,,,,,,,,,,,,,,,,,,,,,,,Phillips Lighting (5831),Philips,586867,Philips 60W Led Med 27K,Philips 60W Led Med 27K for industrial and commercial applications.,Philips 60W Led Med 27K Manufactured or supplied by Phillips Lighting (5831).,Philips 60W Led Med 27K designed for industrial and commercial use.,Brand: Philips,Manufacturer: Phillips Lighting (5831),Manufacturer Part Number: 586867,,,,,,,,,,,,,,,,,
568451,5686451 50W Led Med 50k 2pk,,,Philips,Phillips Lighting (5831),Philips,0.7,Structured source,[],,,,,,,,,,,,,,,,,,,,,,,,,,,,,,,,,,,,,,,,,,,,,,,,,,,,,,,,,,,,,,,,,,,,,,,,,,,,,,,,,,,,,,,,,,,,,,,,,,,,,,,,,,,,,,,,,,,,,,,,,,,,,,,,,,,,,,,,,,,,,,,,,,,,,,,Phillips Lighting (5831),Philips,568451,Philips 5686451 50W Led Med 50k 2pk,Philips 5686451 50W Led Med 50k 2pk for industrial and commercial applications.,Philips 5686451 50W Led Med 50k 2pk Manufactured or supplied by Phillips Lighting (5831).,Philips 5686451 50W Led Med 50k 2pk designed for industrial and commercial use.,Brand: Philips,Manufacturer: Phillips Lighting (5831),Manufacturer Part Number: 568451,,,,,,,,,,,,,,,,,
568444,568444 90W Led Par38 50k 2pk,,,Philips,Phillips Lighting (5831),Philips,0.7,Structured source,[],,,,,,,,,,,,,,,,,,,,,,,,,,,,,,,,,,,,,,,,,,,,,,,,,,,,,,,,,,,,,,,,,,,,,,,,,,,,,,,,,,,,,,,,,,,,,,,,,,,,,,,,,,,,,,,,,,,,,,,,,,,,,,,,,,,,,,,,,,,,,,,,,,,,,,,Phillips Lighting (5831),Philips,568444,Philips 90W Led Par38 50k 2pk,Philips 90W Led Par38 50k 2pk for industrial and commercial applications.,Philips 90W Led Par38 50k 2pk Manufactured or supplied by Phillips Lighting (5831).,Philips 90W Led Par38 50k 2pk designed for industrial and commercial use.,Brand: Philips,Manufacturer: Phillips Lighting (5831),Manufacturer Part Number: 568444,,,,,,,,,,,,,,,,,
573196,573196 75W Led Med 30K,,,Philips,Phillips Lighting (5831),Philips,0.7,Structured source,[],,,,,,,,,,,,,,,,,,,,,,,,,,,,,,,,,,,,,,,,,,,,,,,,,,,,,,,,,,,,,,,,,,,,,,,,,,,,,,,,,,,,,,,,,,,,,,,,,,,,,,,,,,,,,,,,,,,,,,,,,,,,,,,,,,,,,,,,,,,,,,,,,,,,,,,Phillips Lighting (5831),Philips,573196,Philips 75W Led Med 30K,Philips 75W Led Med 30K for industrial and commercial applications.,Philips 75W Led Med 30K Manufactured or supplied by Phillips Lighting (5831).,Philips 75W Led Med 30K designed for industrial and commercial use.,Brand: Philips,Manufacturer: Phillips Lighting (5831),Manufacturer Part Number: 573196,,,,,,,,,,,,,,,,,
564500,564500 75W Adj Base 50k 3pk,,,Philips,Phillips Lighting (5831),Philips,0.7,Structured source,[],,,,,,,,,,,,,,,,,,,,,,,,,,,,,,,,,,,,,,,,,,,,,,,,,,,,,,,,,,,,,,,,,,,,,,,,,,,,,,,,,,,,,,,,,,,,,,,,,,,,,,,,,,,,,,,,,,,,,,,,,,,,,,,,,,,,,,,,,,,,,,,,,,,,,,,Phillips Lighting (5831),Philips,564500,Philips 75W Adj Base 50k 3pk,Philips 75W Adj Base 50k 3pk for industrial and commercial applications.,Philips 75W Adj Base 50k 3pk Manufactured or supplied by Phillips Lighting (5831).,Philips 75W Adj Base 50k 3pk designed for industrial and commercial use.,Brand: Philips,Manufacturer: Phillips Lighting (5831),Manufacturer Part Number: 564500,,,,,,,,,,,,,,,,,
571513,571513 40/60/100 Led Med 27k,,,Philips,Phillips Lighting (5831),Philips,0.7,Structured source,[],,,,,,,,,,,,,,,,,,,,,,,,,,,,,,,,,,,,,,,,,,,,,,,,,,,,,,,,,,,,,,,,,,,,,,,,,,,,,,,,,,,,,,,,,,,,,,,,,,,,,,,,,,,,,,,,,,,,,,,,,,,,,,,,,,,,,,,,,,,,,,,,,,,,,,,Phillips Lighting (5831),Philips,571513,Philips 40/60/100 Led Med 27k,Philips 40/60/100 Led Med 27k for industrial and commercial applications.,Philips 40/60/100 Led Med 27k Manufactured or supplied by Phillips Lighting (5831).,Philips 40/60/100 Led Med 27k designed for industrial and commercial use.,Brand: Philips,Manufacturer: Phillips Lighting (5831),Manufacturer Part Number: 571513,,,,,,,,,,,,,,,,,
588566,588566 40W Led Med 55k 3pk,,,Philips,Phillips Lighting (5831),Philips,0.7,Structured source,[],,,,,,,,,,,,,,,,,,,,,,,,,,,,,,,,,,,,,,,,,,,,,,,,,,,,,,,,,,,,,,,,,,,,,,,,,,,,,,,,,,,,,,,,,,,,,,,,,,,,,,,,,,,,,,,,,,,,,,,,,,,,,,,,,,,,,,,,,,,,,,,,,,,,,,,Phillips Lighting (5831),Philips,588566,Philips 40W Led Med 55k 3pk,Philips 40W Led Med 55k 3pk for industrial and commercial applications.,Philips 40W Led Med 55k 3pk Manufactured or supplied by Phillips Lighting (5831).,Philips 40W Led Med 55k 3pk designed for industrial and commercial use.,Brand: Philips,Manufacturer: Phillips Lighting (5831),Manufacturer Part Number: 588566,,,,,,,,,,,,,,,,,
565655,565655 25W Led A15 Med 20k,,,Philips,Phillips Lighting (5831),Philips,0.7,Structured source,[],,,,,,,,,,,,,,,,,,,,,,,,,,,,,,,,,,,,,,,,,,,,,,,,,,,,,,,,,,,,,,,,,,,,,,,,,,,,,,,,,,,,,,,,,,,,,,,,,,,,,,,,,,,,,,,,,,,,,,,,,,,,,,,,,,,,,,,,,,,,,,,,,,,,,,,Phillips Lighting (5831),Philips,565655,Philips 25W Led A15 Med 20k,Philips 25W Led A15 Med 20k for industrial and commercial applications.,Philips 25W Led A15 Med 20k Manufactured or supplied by Phillips Lighting (5831).,Philips 25W Led A15 Med 20k designed for industrial and commercial use.,Brand: Philips,Manufacturer: Phillips Lighting (5831),Manufacturer Part Number: 565655,,,,,,,,,,,,,,,,,
565812,565812 60W Med Led 50k,,,Philips,Phillips Lighting (5831),Philips,0.7,Structured source,[],,,,,,,,,,,,,,,,,,,,,,,,,,,,,,,,,,,,,,,,,,,,,,,,,,,,,,,,,,,,,,,,,,,,,,,,,,,,,,,,,,,,,,,,,,,,,,,,,,,,,,,,,,,,,,,,,,,,,,,,,,,,,,,,,,,,,,,,,,,,,,,,,,,,,,,Phillips Lighting (5831),Philips,565812,Philips 60W Med Led 50k,Philips 60W Med Led 50k for industrial and commercial applications.,Philips 60W Med Led 50k Manufactured or supplied by Phillips Lighting (5831).,Philips 60W Med Led 50k designed for industrial and commercial use.,Brand: Philips,Manufacturer: Phillips Lighting (5831),Manufacturer Part Number: 565812,,,,,,,,,,,,,,,,,
586917,586917 40W Led Cand 27K 2pk,,,Philips,Phillips Lighting (5831),Philips,0.7,Structured source,[],,,,,,,,,,,,,,,,,,,,,,,,,,,,,,,,,,,,,,,,,,,,,,,,,,,,,,,,,,,,,,,,,,,,,,,,,,,,,,,,,,,,,,,,,,,,,,,,,,,,,,,,,,,,,,,,,,,,,,,,,,,,,,,,,,,,,,,,,,,,,,,,,,,,,,,Phillips Lighting (5831),Philips,586917,Philips 40W Led Cand 27K 2pk,Philips 40W Led Cand 27K 2pk for industrial and commercial applications.,Philips 40W Led Cand 27K 2pk Manufactured or supplied by Phillips Lighting (5831).,Philips 40W Led Cand 27K 2pk designed for industrial and commercial use.,Brand: Philips,Manufacturer: Phillips Lighting (5831),Manufacturer Part Number: 586917,,,,,,,,,,,,,,,,,
46719,49719 Wall Light Motion Wh,,,,Maxsa Innovations (MAXIN),Unknown,0.0,No evidence,[],,,,,,,,,,,,,,,,,,,,,,,,,,,,,,,,,,,,,,,,,,,,,,,,,,,,,,,,,,,,,,,,,,,,,,,,,,,,,,,,,,,,,,,,,,,,,,,,,,,,,,,,,,,,,,,,,,,,,,,,,,,,,,,,,,,,,,,,,,,,,,,,,,,,,,,Maxsa Innovations (MAXIN),Unknown,46719,49719 Wall Light Motion Wh,49719 Wall Light Motion Wh for industrial and commercial applications.,49719 Wall Light Motion Wh Manufactured or supplied by Maxsa Innovations (MAXIN).,49719 Wall Light Motion Wh designed for industrial and commercial use.,Manufacturer: Maxsa Innovations (MAXIN),Manufacturer Part Number: 46719,,,,,,,,,,,,,,,,,,
59061BSL,59061BSL Kichler Ext Wall Lt,,,,Kichler Lighting (KICLI),Unknown,0.0,No evidence,[],,,,,,,,,,,,,,,,,,,,,,,,,,,,,,,,,,,,,,,,,,,,,,,,,,,,,,,,,,,,,,,,,,,,,,,,,,,,,,,,,,,,,,,,,,,,,,,,,,,,,,,,,,,,,,,,,,,,,,,,,,,,,,,,,,,,,,,,,,,,,,,,,,,,,,,Kichler Lighting (KICLI),Unknown,59061BSL,Kichler Ext Wall Lt,Kichler Ext Wall Lt for industrial and commercial applications.,Kichler Ext Wall Lt Manufactured or supplied by Kichler Lighting (KICLI).,Kichler Ext Wall Lt designed for industrial and commercial use.,Manufacturer: Kichler Lighting (KICLI),Manufacturer Part Number: 59061BSL,,,,,,,,,,,,,,,,,,
59062BSL,59062BSL Kichler Ext Wall Lt,,,,Kichler Lighting (KICLI),Unknown,0.0,No evidence,[],,,,,,,,,,,,,,,,,,,,,,,,,,,,,,,,,,,,,,,,,,,,,,,,,,,,,,,,,,,,,,,,,,,,,,,,,,,,,,,,,,,,,,,,,,,,,,,,,,,,,,,,,,,,,,,,,,,,,,,,,,,,,,,,,,,,,,,,,,,,,,,,,,,,,,,Kichler Lighting (KICLI),Unknown,59062BSL,Kichler Ext Wall Lt,Kichler Ext Wall Lt for industrial and commercial applications.,Kichler Ext Wall Lt Manufactured or supplied by Kichler Lighting (KICLI).,Kichler Ext Wall Lt designed for industrial and commercial use.,Manufacturer: Kichler Lighting (KICLI),Manufacturer Part Number: 59062BSL,,,,,,,,,,,,,,,,,,
59124BKT,59124BKT Kichler Ext Wall Lt,,,,Kichler Lighting (KICLI),Unknown,0.0,No evidence,[],,,,,,,,,,,,,,,,,,,,,,,,,,,,,,,,,,,,,,,,,,,,,,,,,,,,,,,,,,,,,,,,,,,,,,,,,,,,,,,,,,,,,,,,,,,,,,,,,,,,,,,,,,,,,,,,,,,,,,,,,,,,,,,,,,,,,,,,,,,,,,,,,,,,,,,Kichler Lighting (KICLI),Unknown,59124BKT,Kichler Ext Wall Lt,Kichler Ext Wall Lt for industrial and commercial applications.,Kichler Ext Wall Lt Manufactured or supplied by Kichler Lighting (KICLI).,Kichler Ext Wall Lt designed for industrial and commercial use.,Manufacturer: Kichler Lighting (KICLI),Manufacturer Part Number: 59124BKT,,,,,,,,,,,,,,,,,,
59025BK,59025BK Kichler Post Lt,,,,Kichler Lighting (KICLI),Unknown,0.0,No evidence,[],,,,,,,,,,,,,,,,,,,,,,,,,,,,,,,,,,,,,,,,,,,,,,,,,,,,,,,,,,,,,,,,,,,,,,,,,,,,,,,,,,,,,,,,,,,,,,,,,,,,,,,,,,,,,,,,,,,,,,,,,,,,,,,,,,,,,,,,,,,,,,,,,,,,,,,Kichler Lighting (KICLI),Unknown,59025BK,Kichler Post Lt,Kichler Post Lt for industrial and commercial applications.,Kichler Post Lt Manufactured or supplied by Kichler Lighting (KICLI).,Kichler Post Lt designed for industrial and commercial use.,Manufacturer: Kichler Lighting (KICLI),Manufacturer Part Number: 59025BK,,,,,,,,,,,,,,,,,,
DCL183,Dewalt DCL183 Light - Rechargeable,,,DEWALT,Black & Decker/dewlt (2585),DEWALT,0.9,Structured source + description,[],,,,,,,,,,,,,,,,,,,,,,,,,,,,,,,,,,,,,,,,,,,,,,,,,,,,,,,,,,,,,,,,,,,,,,,,,,,,,,,,,,,,,,,,,,,,,,,,,,,,,,,,,,,,,,,,,,,,,,,,,,,,,,,,,,,,,,,,,,,,,,,,,,,,,,,Black & Decker/dewlt (2585),DEWALT,DCL183,Dewalt  Light - Rechargeable,Dewalt  Light - Rechargeable for industrial and commercial applications.,Dewalt  Light - Rechargeable Manufactured or supplied by Black & Decker/dewlt (2585).,Dewalt  Light - Rechargeable designed for industrial and commercial use.,Brand: DEWALT,Manufacturer: Black & Decker/dewlt (2585),Manufacturer Part Number: DCL183,,,,,,,,,,,,,,,,,
73020,73020 Nano Clip Light Bk,,,,Streamlight (7277),Unknown,0.0,No evidence,[],,,,,,,,,,,,,,,,,,,,,,,,,,,,,,,,,,,,,,,,,,,,,,,,,,,,,,,,,,,,,,,,,,,,,,,,,,,,,,,,,,,,,,,,,,,,,,,,,,,,,,,,,,,,,,,,,,,,,,,,,,,,,,,,,,,,,,,,,,,,,,,,,,,,,,,Streamlight (7277),Unknown,73020,Nano Clip Light Bk,Nano Clip Light Bk for industrial and commercial applications.,Nano Clip Light Bk Manufactured or supplied by Streamlight (7277).,Nano Clip Light Bk designed for industrial and commercial use.,Manufacturer: Streamlight (7277),Manufacturer Part Number: 73020,,,,,,,,,,,,,,,,,,
NEB-FLT-1021,NEBFLT1021 Slyde King FlashLt,,,,ACG Brands (1154),Unknown,0.0,No evidence,[],,,,,,,,,,,,,,,,,,,,,,,,,,,,,,,,,,,,,,,,,,,,,,,,,,,,,,,,,,,,,,,,,,,,,,,,,,,,,,,,,,,,,,,,,,,,,,,,,,,,,,,,,,,,,,,,,,,,,,,,,,,,,,,,,,,,,,,,,,,,,,,,,,,,,,,ACG Brands (1154),Unknown,NEB-FLT-1021,NEBFLT1021 Slyde King FlashLt,NEBFLT1021 Slyde King FlashLt for industrial and commercial applications.,NEBFLT1021 Slyde King FlashLt Manufactured or supplied by ACG Brands (1154).,NEBFLT1021 Slyde King FlashLt designed for industrial and commercial use.,Manufacturer: ACG Brands (1154),Manufacturer Part Number: NEB-FLT-1021,,,,,,,,,,,,,,,,,,
NEB-FLT-0053,NEBFLT0053 2600L Flash Light,,,,ACG Brands (1154),Unknown,0.0,No evidence,[],,,,,,,,,,,,,,,,,,,,,,,,,,,,,,,,,,,,,,,,,,,,,,,,,,,,,,,,,,,,,,,,,,,,,,,,,,,,,,,,,,,,,,,,,,,,,,,,,,,,,,,,,,,,,,,,,,,,,,,,,,,,,,,,,,,,,,,,,,,,,,,,,,,,,,,ACG Brands (1154),Unknown,NEB-FLT-0053,NEBFLT0053 2600L Flash Light,NEBFLT0053 2600L Flash Light for industrial and commercial applications.,NEBFLT0053 2600L Flash Light Manufactured or supplied by ACG Brands (1154).,NEBFLT0053 2600L Flash Light designed for industrial and commercial use.,Manufacturer: ACG Brands (1154),Manufacturer Part Number: NEB-FLT-0053,,,,,,,,,,,,,,,,,,
97708,97708 Police 800L Headlight,,,Police Security,Police Security (9470),Police Security,0.7,Structured source,[],,,,,,,,,,,,,,,,,,,,,,,,,,,,,,,,,,,,,,,,,,,,,,,,,,,,,,,,,,,,,,,,,,,,,,,,,,,,,,,,,,,,,,,,,,,,,,,,,,,,,,,,,,,,,,,,,,,,,,,,,,,,,,,,,,,,,,,,,,,,,,,,,,,,,,,Police Security (9470),Police Security,97708,Police Security Police 800L Headlight,Police Security Police 800L Headlight for industrial and commercial applications.,Police Security Police 800L Headlight Manufactured or supplied by Police Security (9470).,Police Security Police 800L Headlight designed for industrial and commercial use.,Brand: Police Security,Manufacturer: Police Security (9470),Manufacturer Part Number: 97708,,,,,,,,,,,,,,,,,
WORK6000XLTPPLUG,6000L Twin Head Work Light,,,Feit Electric,Feit Electric (3468),Feit Electric,0.7,Structured source,[],,,,,,,,,,,,,,,,,,,,,,,,,,,,,,,,,,,,,,,,,,,,,,,,,,,,,,,,,,,,,,,,,,,,,,,,,,,,,,,,,,,,,,,,,,,,,,,,,,,,,,,,,,,,,,,,,,,,,,,,,,,,,,,,,,,,,,,,,,,,,,,,,,,,,,,Feit Electric (3468),Feit Electric,WORK6000XLTPPLUG,Feit Electric 6000L Twin Head Work Light,Feit Electric 6000L Twin Head Work Light for industrial and commercial applications.,Feit Electric 6000L Twin Head Work Light Manufactured or supplied by Feit Electric (3468).,Feit Electric 6000L Twin Head Work Light designed for industrial and commercial use.,Brand: Feit Electric,Manufacturer: Feit Electric (3468),Manufacturer Part Number: WORK6000XLTPPLUG,,,,,,,,,,,,,,,,,
HOM2040M200PRB,HOM2040M200PRB 200A Load Cntr,,,,Square D Con Prod Dv (6825),Unknown,0.0,No evidence,[],,,,,,,,,,,,,,,,,,,,,,,,,,,,,,,,,,,,,,,,,,,,,,,,,,,,,,,,,,,,,,,,,,,,,,,,,,,,,,,,,,,,,,,,,,,,,,,,,,,,,,,,,,,,,,,,,,,,,,,,,,,,,,,,,,,,,,,,,,,,,,,,,,,,,,,Square D Con Prod Dv (6825),Unknown,HOM2040M200PRB,200A Load Cntr,200A Load Cntr for industrial and commercial applications.,200A Load Cntr Manufactured or supplied by Square D Con Prod Dv (6825).,200A Load Cntr designed for industrial and commercial use.,Manufacturer: Square D Con Prod Dv (6825),Manufacturer Part Number: HOM2040M200PRB,,,,,,,,,,,,,,,,,,
HOM3060L225PGC,HOM3060L225PGC 225 Load Center,,,Square D,Square D Con Prod Dv (6825),Square D,0.7,Structured source,[],,,,,,,,,,,,,,,,,,,,,,,,,,,,,,,,,,,,,,,,,,,,,,,,,,,,,,,,,,,,,,,,,,,,,,,,,,,,,,,,,,,,,,,,,,,,,,,,,,,,,,,,,,,,,,,,,,,,,,,,,,,,,,,,,,,,,,,,,,,,,,,,,,,,,,,Square D Con Prod Dv (6825),Square D,HOM3060L225PGC,Square D 225 Load Center,Square D 225 Load Center for industrial and commercial applications.,Square D 225 Load Center Manufactured or supplied by Square D Con Prod Dv (6825).,Square D 225 Load Center designed for industrial and commercial use.,Brand: Square D,Manufacturer: Square D Con Prod Dv (6825),Manufacturer Part Number: HOM3060L225PGC,,,,,,,,,,,,,,,,,
QO612L100RBCP,QO612L100RBCP 100A Load Center,,,Square D,Square D Con Prod Dv (6825),Square D,0.7,Structured source,[],,,,,,,,,,,,,,,,,,,,,,,,,,,,,,,,,,,,,,,,,,,,,,,,,,,,,,,,,,,,,,,,,,,,,,,,,,,,,,,,,,,,,,,,,,,,,,,,,,,,,,,,,,,,,,,,,,,,,,,,,,,,,,,,,,,,,,,,,,,,,,,,,,,,,,,Square D Con Prod Dv (6825),Square D,QO612L100RBCP,Square D 100A Load Center,Square D 100A Load Center for industrial and commercial applications.,Square D 100A Load Center Manufactured or supplied by Square D Con Prod Dv (6825).,Square D 100A Load Center designed for industrial and commercial use.,Brand: Square D,Manufacturer: Square D Con Prod Dv (6825),Manufacturer Part Number: QO612L100RBCP,,,,,,,,,,,,,,,,,
13093005,4/0 Aluminum Entrance Cable (Linear Foot),,,,Southwire/g Turner (6603),Unknown,0.0,No evidence,[],,,,,,,,,,,,,,,,,,,,,,,,,,,,,,,,,,,,,,,,,,,,,,,,,,,,,,,,,,,,,,,,,,,,,,,,,,,,,,,,,,,,,,,,,,,,,,,,,,,,,,,,,,,,,,,,,,,,,,,,,,,,,,,,,,,,,,,,,,,,,,,,,,,,,,,Southwire/g Turner (6603),Unknown,13093005,4/0 Aluminum Entrance Cable (Linear Foot),4/0 Aluminum Entrance Cable (Linear Foot) for industrial and commercial applications.,4/0 Aluminum Entrance Cable (Linear Foot) Manufactured or supplied by Southwire/g Turner (6603).,4/0 Aluminum Entrance Cable (Linear Foot) designed for industrial and commercial use.,Manufacturer: Southwire/g Turner (6603),Manufacturer Part Number: 13093005,,,,,,,,,,,,,,,,,,
12-4 SO,12-4 SO Cord (Linear Foot),,,,-,Unknown,0.0,No evidence,[],,,,,,,,,,,,,,,,,,,,,,,,,,,,,,,,,,,,,,,,,,,,,,,,,,,,,,,,,,,,,,,,,,,,,,,,,,,,,,,,,,,,,,,,,,,,,,,,,,,,,,,,,,,,,,,,,,,,,,,,,,,,,,,,,,,,,,,,,,,,,,,,,,,,,,,-,Unknown,12-4 SO,Cord (Linear Foot),Cord (Linear Foot) for industrial and commercial applications.,Cord (Linear Foot) Manufactured or supplied by -.,Cord (Linear Foot) designed for industrial and commercial use.,Manufacturer: -,Manufacturer Part Number: 12-4 SO,,,,,,,,,,,,,,,,,,
96263-46-06,96263-46-06 CAT5E Wire (Linear Foot),,,,Woods Wire Southwire (7579),Unknown,0.0,No evidence,[],,,,,,,,,,,,,,,,,,,,,,,,,,,,,,,,,,,,,,,,,,,,,,,,,,,,,,,,,,,,,,,,,,,,,,,,,,,,,,,,,,,,,,,,,,,,,,,,,,,,,,,,,,,,,,,,,,,,,,,,,,,,,,,,,,,,,,,,,,,,,,,,,,,,,,,Woods Wire Southwire (7579),Unknown,96263-46-06,CAT5E Wire (Linear Foot),CAT5E Wire (Linear Foot) for industrial and commercial applications.,CAT5E Wire (Linear Foot) Manufactured or supplied by Woods Wire Southwire (7579).,CAT5E Wire (Linear Foot) designed for industrial and commercial use.,Manufacturer: Woods Wire Southwire (7579),Manufacturer Part Number: 96263-46-06,,,,,,,,,,,,,,,,,,
R50003-ID,16-2 Stranded Wire CL3 500' (Linear Foot),,,,Southwire/g Turner (6603),Unknown,0.0,No evidence,[],,,,,,,,,,,,,,,,,,,,,,,,,,,,,,,,,,,,,,,,,,,,,,,,,,,,,,,,,,,,,,,,,,,,,,,,,,,,,,,,,,,,,,,,,,,,,,,,,,,,,,,,,,,,,,,,,,,,,,,,,,,,,,,,,,,,,,,,,,,,,,,,,,,,,,,Southwire/g Turner (6603),Unknown,R50003-ID,16-2 Stranded Wire CL3 500' (Linear Foot),16-2 Stranded Wire CL3 500' (Linear Foot) for industrial and commercial applications.,16-2 Stranded Wire CL3 500' (Linear Foot) Manufactured or supplied by Southwire/g Turner (6603).,16-2 Stranded Wire CL3 500' (Linear Foot) designed for industrial and commercial use.,Manufacturer: Southwire/g Turner (6603),Manufacturer Part Number: R50003-ID,,,,,,,,,,,,,,,,,,
10-4 SO,10-4 SO Cord (Linear Foot),,,,Southwire/g Turner (6603),Unknown,0.0,No evidence,[],,,,,,,,,,,,,,,,,,,,,,,,,,,,,,,,,,,,,,,,,,,,,,,,,,,,,,,,,,,,,,,,,,,,,,,,,,,,,,,,,,,,,,,,,,,,,,,,,,,,,,,,,,,,,,,,,,,,,,,,,,,,,,,,,,,,,,,,,,,,,,,,,,,,,,,Southwire/g Turner (6603),Unknown,10-4 SO,Cord (Linear Foot),Cord (Linear Foot) for industrial and commercial applications.,Cord (Linear Foot) Manufactured or supplied by Southwire/g Turner (6603).,Cord (Linear Foot) designed for industrial and commercial use.,Manufacturer: Southwire/g Turner (6603),Manufacturer Part Number: 10-4 SO,,,,,,,,,,,,,,,,,,
23346-0408,23346-0408 Wire 16/3 SJEWA 250 (Linear Foot),,,,-,Unknown,0.0,No evidence,[],,,,,,,,,,,,,,,,,,,,,,,,,,,,,,,,,,,,,,,,,,,,,,,,,,,,,,,,,,,,,,,,,,,,,,,,,,,,,,,,,,,,,,,,,,,,,,,,,,,,,,,,,,,,,,,,,,,,,,,,,,,,,,,,,,,,,,,,,,,,,,,,,,,,,,,-,Unknown,23346-0408,Wire 16/3 SJEWA 250 (Linear Foot),Wire 16/3 SJEWA 250 (Linear Foot) for industrial and commercial applications.,Wire 16/3 SJEWA 250 (Linear Foot) Manufactured or supplied by -.,Wire 16/3 SJEWA 250 (Linear Foot) designed for industrial and commercial use.,Manufacturer: -,Manufacturer Part Number: 23346-0408,,,,,,,,,,,,,,,,,,
2/2/4 UD ALUM,2/2/4 UD Aluminum Triplex Wire (Linear Foot),,,,Southwire/g Turner (6603),Unknown,0.0,No evidence,[],,,,,,,,,,,,,,,,,,,,,,,,,,,,,,,,,,,,,,,,,,,,,,,,,,,,,,,,,,,,,,,,,,,,,,,,,,,,,,,,,,,,,,,,,,,,,,,,,,,,,,,,,,,,,,,,,,,,,,,,,,,,,,,,,,,,,,,,,,,,,,,,,,,,,,,Southwire/g Turner (6603),Unknown,2/2/4 UD ALUM,inum Triplex Wire (Linear Foot),inum Triplex Wire (Linear Foot) for industrial and commercial applications.,inum Triplex Wire (Linear Foot) Manufactured or supplied by Southwire/g Turner (6603).,inum Triplex Wire (Linear Foot) designed for industrial and commercial use.,Manufacturer: Southwire/g Turner (6603),Manufacturer Part Number: 2/2/4 UD ALUM,,,,,,,,,,,,,,,,,,
55418901,6/6/6 UD Triplex Aluminum Wire,,,,Southwire/g Turner (6603),Unknown,0.0,No evidence,[],,,,,,,,,,,,,,,,,,,,,,,,,,,,,,,,,,,,,,,,,,,,,,,,,,,,,,,,,,,,,,,,,,,,,,,,,,,,,,,,,,,,,,,,,,,,,,,,,,,,,,,,,,,,,,,,,,,,,,,,,,,,,,,,,,,,,,,,,,,,,,,,,,,,,,,Southwire/g Turner (6603),Unknown,55418901,6/6/6 UD Triplex Aluminum Wire,6/6/6 UD Triplex Aluminum Wire for industrial and commercial applications.,6/6/6 UD Triplex Aluminum Wire Manufactured or supplied by Southwire/g Turner (6603).,6/6/6 UD Triplex Aluminum Wire designed for industrial and commercial use.,Manufacturer: Southwire/g Turner (6603),Manufacturer Part Number: 55418901,,,,,,,,,,,,,,,,,,
CG50K,"CG50K 1/2"" Cord Grip Kit",,,,Fenton Bros Electric Inc (FENBR),Unknown,0.0,No evidence,"[('Size', '1/2', 'in')]",Size,1/2,in,,,,,,,,,,,,,,,,,,,,,,,,,,,,,,,,,,,,,,,,,,,,,,,,,,,,,,,,,,,,,,,,,,,,,,,,,,,,,,,,,,,,,,,,,,,,,,,,,,,,,,,,,,,,,,,,,,,,,,,,,,,,,,,,,,,,,,,,,,,,,,,,,,,,Fenton Bros Electric Inc (FENBR),Unknown,CG50K,"1/2"" Cord Grip Kit","1/2"" Cord Grip Kit for industrial and commercial applications.","1/2"" Cord Grip Kit Manufactured or supplied by Fenton Bros Electric Inc (FENBR). Available product information includes Size: 1/2 in.","1/2"" Cord Grip Kit designed for industrial and commercial use. Key identified specifications include Size: 1/2 in.",Manufacturer: Fenton Bros Electric Inc (FENBR),Manufacturer Part Number: CG50K,Size: 1/2 in,,,,,,,,,,,,,,,,,
R02-D215P-1RW,R02D215P1RW 15A Mini Outlet Wh,,,Leviton,Leviton Mfg Co (4927),Leviton,0.7,Structured source,[],,,,,,,,,,,,,,,,,,,,,,,,,,,,,,,,,,,,,,,,,,,,,,,,,,,,,,,,,,,,,,,,,,,,,,,,,,,,,,,,,,,,,,,,,,,,,,,,,,,,,,,,,,,,,,,,,,,,,,,,,,,,,,,,,,,,,,,,,,,,,,,,,,,,,,,Leviton Mfg Co (4927),Leviton,R02-D215P-1RW,Leviton R02D215P1RW 15A Mini Outlet Wh,Leviton R02D215P1RW 15A Mini Outlet Wh for industrial and commercial applications.,Leviton R02D215P1RW 15A Mini Outlet Wh Manufactured or supplied by Leviton Mfg Co (4927).,Leviton R02D215P1RW 15A Mini Outlet Wh designed for industrial and commercial use.,Brand: Leviton,Manufacturer: Leviton Mfg Co (4927),Manufacturer Part Number: R02-D215P-1RW,,,,,,,,,,,,,,,,,
PBUC013,PBUC013 15A Wall Tap w/USB,,,Prime,Prime Wire & Cable (3562),Prime,0.7,Structured source,[],,,,,,,,,,,,,,,,,,,,,,,,,,,,,,,,,,,,,,,,,,,,,,,,,,,,,,,,,,,,,,,,,,,,,,,,,,,,,,,,,,,,,,,,,,,,,,,,,,,,,,,,,,,,,,,,,,,,,,,,,,,,,,,,,,,,,,,,,,,,,,,,,,,,,,,Prime Wire & Cable (3562),Prime,PBUC013,Prime 15A Wall Tap w/USB,Prime 15A Wall Tap w/USB for industrial and commercial applications.,Prime 15A Wall Tap w/USB Manufactured or supplied by Prime Wire & Cable (3562).,Prime 15A Wall Tap w/USB designed for industrial and commercial use.,Brand: Prime,Manufacturer: Prime Wire & Cable (3562),Manufacturer Part Number: PBUC013,,,,,,,,,,,,,,,,,
R00-GFNT1-00K,R00GFNT100K 15A Outlet Br,,,Leviton,Leviton Mfg Co (4927),Leviton,0.7,Structured source,[],,,,,,,,,,,,,,,,,,,,,,,,,,,,,,,,,,,,,,,,,,,,,,,,,,,,,,,,,,,,,,,,,,,,,,,,,,,,,,,,,,,,,,,,,,,,,,,,,,,,,,,,,,,,,,,,,,,,,,,,,,,,,,,,,,,,,,,,,,,,,,,,,,,,,,,Leviton Mfg Co (4927),Leviton,R00-GFNT1-00K,Leviton R00GFNT100K 15A Outlet Br,Leviton R00GFNT100K 15A Outlet Br for industrial and commercial applications.,Leviton R00GFNT100K 15A Outlet Br Manufactured or supplied by Leviton Mfg Co (4927).,Leviton R00GFNT100K 15A Outlet Br designed for industrial and commercial use.,Brand: Leviton,Manufacturer: Leviton Mfg Co (4927),Manufacturer Part Number: R00-GFNT1-00K,,,,,,,,,,,,,,,,,
R92-GFWT1-0KW,R92GFWT10KW 15A GFCI Outlet Wh,,,Leviton,Leviton Mfg Co (4927),Leviton,0.7,Structured source,[],,,,,,,,,,,,,,,,,,,,,,,,,,,,,,,,,,,,,,,,,,,,,,,,,,,,,,,,,,,,,,,,,,,,,,,,,,,,,,,,,,,,,,,,,,,,,,,,,,,,,,,,,,,,,,,,,,,,,,,,,,,,,,,,,,,,,,,,,,,,,,,,,,,,,,,Leviton Mfg Co (4927),Leviton,R92-GFWT1-0KW,Leviton R92GFWT10KW 15A GFCI Outlet Wh,Leviton R92GFWT10KW 15A GFCI Outlet Wh for industrial and commercial applications.,Leviton R92GFWT10KW 15A GFCI Outlet Wh Manufactured or supplied by Leviton Mfg Co (4927).,Leviton R92GFWT10KW 15A GFCI Outlet Wh designed for industrial and commercial use.,Brand: Leviton,Manufacturer: Leviton Mfg Co (4927),Manufacturer Part Number: R92-GFWT1-0KW,,,,,,,,,,,,,,,,,
R12-AGTR1-0KW,R12AGTR10KW 15A GFCI Outler Wh,,,Leviton,Leviton Mfg Co (4927),Leviton,0.7,Structured source,[],,,,,,,,,,,,,,,,,,,,,,,,,,,,,,,,,,,,,,,,,,,,,,,,,,,,,,,,,,,,,,,,,,,,,,,,,,,,,,,,,,,,,,,,,,,,,,,,,,,,,,,,,,,,,,,,,,,,,,,,,,,,,,,,,,,,,,,,,,,,,,,,,,,,,,,Leviton Mfg Co (4927),Leviton,R12-AGTR1-0KW,Leviton R12AGTR10KW 15A GFCI Outler Wh,Leviton R12AGTR10KW 15A GFCI Outler Wh for industrial and commercial applications.,Leviton R12AGTR10KW 15A GFCI Outler Wh Manufactured or supplied by Leviton Mfg Co (4927).,Leviton R12AGTR10KW 15A GFCI Outler Wh designed for industrial and commercial use.,Brand: Leviton,Manufacturer: Leviton Mfg Co (4927),Manufacturer Part Number: R12-AGTR1-0KW,,,,,,,,,,,,,,,,,
R62-GFTA1-0KW,R92GFTA10KW 15A GFCI Outlet Wh,,,Leviton,Leviton Mfg Co (4927),Leviton,0.7,Structured source,[],,,,,,,,,,,,,,,,,,,,,,,,,,,,,,,,,,,,,,,,,,,,,,,,,,,,,,,,,,,,,,,,,,,,,,,,,,,,,,,,,,,,,,,,,,,,,,,,,,,,,,,,,,,,,,,,,,,,,,,,,,,,,,,,,,,,,,,,,,,,,,,,,,,,,,,Leviton Mfg Co (4927),Leviton,R62-GFTA1-0KW,Leviton R92GFTA10KW 15A GFCI Outlet Wh,Leviton R92GFTA10KW 15A GFCI Outlet Wh for industrial and commercial applications.,Leviton R92GFTA10KW 15A GFCI Outlet Wh Manufactured or supplied by Leviton Mfg Co (4927).,Leviton R92GFTA10KW 15A GFCI Outlet Wh designed for industrial and commercial use.,Brand: Leviton,Manufacturer: Leviton Mfg Co (4927),Manufacturer Part Number: R62-GFTA1-0KW,,,,,,,,,,,,,,,,,
165-04729-00C,1650472900C 15A 125V Cord Conn,,,Leviton,Leviton Mfg Co (4927),Leviton,0.7,Structured source,"[('Voltage', '125', 'V')]",Voltage,125,V,,,,,,,,,,,,,,,,,,,,,,,,,,,,,,,,,,,,,,,,,,,,,,,,,,,,,,,,,,,,,,,,,,,,,,,,,,,,,,,,,,,,,,,,,,,,,,,,,,,,,,,,,,,,,,,,,,,,,,,,,,,,,,,,,,,,,,,,,,,,,,,,,,,,Leviton Mfg Co (4927),Leviton,165-04729-00C,Leviton 1650472900C 15A 125V Cord Conn,Leviton 1650472900C 15A 125V Cord Conn for industrial and commercial applications.,Leviton 1650472900C 15A 125V Cord Conn Manufactured or supplied by Leviton Mfg Co (4927). Available product information includes Voltage: 125 V.,Leviton 1650472900C 15A 125V Cord Conn designed for industrial and commercial use. Key identified specifications include Voltage: 125 V.,Brand: Leviton,Manufacturer: Leviton Mfg Co (4927),Manufacturer Part Number: 165-04729-00C,Voltage: 125 V,,,,,,,,,,,,,,,,
161-04720-00C,1610472000C 15A 125V Cord Conn,,,Leviton,Leviton Mfg Co (4927),Leviton,0.7,Structured source,"[('Voltage', '125', 'V')]",Voltage,125,V,,,,,,,,,,,,,,,,,,,,,,,,,,,,,,,,,,,,,,,,,,,,,,,,,,,,,,,,,,,,,,,,,,,,,,,,,,,,,,,,,,,,,,,,,,,,,,,,,,,,,,,,,,,,,,,,,,,,,,,,,,,,,,,,,,,,,,,,,,,,,,,,,,,,Leviton Mfg Co (4927),Leviton,161-04720-00C,Leviton 1610472000C 15A 125V Cord Conn,Leviton 1610472000C 15A 125V Cord Conn for industrial and commercial applications.,Leviton 1610472000C 15A 125V Cord Conn Manufactured or supplied by Leviton Mfg Co (4927). Available product information includes Voltage: 125 V.,Leviton 1610472000C 15A 125V Cord Conn designed for industrial and commercial use. Key identified specifications include Voltage: 125 V.,Brand: Leviton,Manufacturer: Leviton Mfg Co (4927),Manufacturer Part Number: 161-04720-00C,Voltage: 125 V,,,,,,,,,,,,,,,,
R02-GUAC1-0BW,R02GUAC10BW 15A/USB Outlet Wh,,,Leviton,Leviton Mfg Co (4927),Leviton,0.7,Structured source,[],,,,,,,,,,,,,,,,,,,,,,,,,,,,,,,,,,,,,,,,,,,,,,,,,,,,,,,,,,,,,,,,,,,,,,,,,,,,,,,,,,,,,,,,,,,,,,,,,,,,,,,,,,,,,,,,,,,,,,,,,,,,,,,,,,,,,,,,,,,,,,,,,,,,,,,Leviton Mfg Co (4927),Leviton,R02-GUAC1-0BW,Leviton R02GUAC10BW 15A/USB Outlet Wh,Leviton R02GUAC10BW 15A/USB Outlet Wh for industrial and commercial applications.,Leviton R02GUAC10BW 15A/USB Outlet Wh Manufactured or supplied by Leviton Mfg Co (4927).,Leviton R02GUAC10BW 15A/USB Outlet Wh designed for industrial and commercial use.,Brand: Leviton,Manufacturer: Leviton Mfg Co (4927),Manufacturer Part Number: R02-GUAC1-0BW,,,,,,,,,,,,,,,,,
R56-CBR15-00T,R56CBR1500T 15A Outlet LA,,,Leviton,Leviton Mfg Co (4927),Leviton,0.7,Structured source,[],,,,,,,,,,,,,,,,,,,,,,,,,,,,,,,,,,,,,,,,,,,,,,,,,,,,,,,,,,,,,,,,,,,,,,,,,,,,,,,,,,,,,,,,,,,,,,,,,,,,,,,,,,,,,,,,,,,,,,,,,,,,,,,,,,,,,,,,,,,,,,,,,,,,,,,Leviton Mfg Co (4927),Leviton,R56-CBR15-00T,Leviton R56CBR1500T 15A Outlet LA,Leviton R56CBR1500T 15A Outlet LA for industrial and commercial applications.,Leviton R56CBR1500T 15A Outlet LA Manufactured or supplied by Leviton Mfg Co (4927).,Leviton R56CBR1500T 15A Outlet LA designed for industrial and commercial use.,Brand: Leviton,Manufacturer: Leviton Mfg Co (4927),Manufacturer Part Number: R56-CBR15-00T,,,,,,,,,,,,,,,,,
R20-05378-P00,R2005378P00 6-50R Welder Outet,,,Leviton,Leviton Mfg Co (4927),Leviton,0.7,Structured source,[],,,,,,,,,,,,,,,,,,,,,,,,,,,,,,,,,,,,,,,,,,,,,,,,,,,,,,,,,,,,,,,,,,,,,,,,,,,,,,,,,,,,,,,,,,,,,,,,,,,,,,,,,,,,,,,,,,,,,,,,,,,,,,,,,,,,,,,,,,,,,,,,,,,,,,,Leviton Mfg Co (4927),Leviton,R20-05378-P00,Leviton R2005378P00 6-50R Welder Outet,Leviton R2005378P00 6-50R Welder Outet for industrial and commercial applications.,Leviton R2005378P00 6-50R Welder Outet Manufactured or supplied by Leviton Mfg Co (4927).,Leviton R2005378P00 6-50R Welder Outet designed for industrial and commercial use.,Brand: Leviton,Manufacturer: Leviton Mfg Co (4927),Manufacturer Part Number: R20-05378-P00,,,,,,,,,,,,,,,,,
WC1V12W-SG-UPC,WC1V12WSGUPC 1G Cover Wh,,,Southwire,Southwire/g Turner (6603),Southwire,0.7,Structured source,[],,,,,,,,,,,,,,,,,,,,,,,,,,,,,,,,,,,,,,,,,,,,,,,,,,,,,,,,,,,,,,,,,,,,,,,,,,,,,,,,,,,,,,,,,,,,,,,,,,,,,,,,,,,,,,,,,,,,,,,,,,,,,,,,,,,,,,,,,,,,,,,,,,,,,,,Southwire/g Turner (6603),Southwire,WC1V12W-SG-UPC,Southwire WC1V12WSGUPC 1G Cover Wh,Southwire WC1V12WSGUPC 1G Cover Wh for industrial and commercial applications.,Southwire WC1V12WSGUPC 1G Cover Wh Manufactured or supplied by Southwire/g Turner (6603).,Southwire WC1V12WSGUPC 1G Cover Wh designed for industrial and commercial use.,Brand: Southwire,Manufacturer: Southwire/g Turner (6603),Manufacturer Part Number: WC1V12W-SG-UPC,,,,,,,,,,,,,,,,,
R51-GSRA1-THD,R5GSRA1THD 15A GFCI Plug,,,Leviton,Leviton Mfg Co (4927),Leviton,0.7,Structured source,[],,,,,,,,,,,,,,,,,,,,,,,,,,,,,,,,,,,,,,,,,,,,,,,,,,,,,,,,,,,,,,,,,,,,,,,,,,,,,,,,,,,,,,,,,,,,,,,,,,,,,,,,,,,,,,,,,,,,,,,,,,,,,,,,,,,,,,,,,,,,,,,,,,,,,,,Leviton Mfg Co (4927),Leviton,R51-GSRA1-THD,Leviton R5GSRA1THD 15A GFCI Plug,Leviton R5GSRA1THD 15A GFCI Plug for industrial and commercial applications.,Leviton R5GSRA1THD 15A GFCI Plug Manufactured or supplied by Leviton Mfg Co (4927).,Leviton R5GSRA1THD 15A GFCI Plug designed for industrial and commercial use.,Brand: Leviton,Manufacturer: Leviton Mfg Co (4927),Manufacturer Part Number: R51-GSRA1-THD,,,,,,,,,,,,,,,,,
R62-CBR15-00W,R62CBR1500W 15A Outlet Wh,,,Leviton,Leviton Mfg Co (4927),Leviton,0.7,Structured source,[],,,,,,,,,,,,,,,,,,,,,,,,,,,,,,,,,,,,,,,,,,,,,,,,,,,,,,,,,,,,,,,,,,,,,,,,,,,,,,,,,,,,,,,,,,,,,,,,,,,,,,,,,,,,,,,,,,,,,,,,,,,,,,,,,,,,,,,,,,,,,,,,,,,,,,,Leviton Mfg Co (4927),Leviton,R62-CBR15-00W,Leviton R62CBR1500W 15A Outlet Wh,Leviton R62CBR1500W 15A Outlet Wh for industrial and commercial applications.,Leviton R62CBR1500W 15A Outlet Wh Manufactured or supplied by Leviton Mfg Co (4927).,Leviton R62CBR1500W 15A Outlet Wh designed for industrial and commercial use.,Brand: Leviton,Manufacturer: Leviton Mfg Co (4927),Manufacturer Part Number: R62-CBR15-00W,,,,,,,,,,,,,,,,,
S03-05226-IS,S0305226IS IV Switch / Pilot,,,Leviton,Leviton Mfg Co (4927),Leviton,0.7,Structured source,[],,,,,,,,,,,,,,,,,,,,,,,,,,,,,,,,,,,,,,,,,,,,,,,,,,,,,,,,,,,,,,,,,,,,,,,,,,,,,,,,,,,,,,,,,,,,,,,,,,,,,,,,,,,,,,,,,,,,,,,,,,,,,,,,,,,,,,,,,,,,,,,,,,,,,,,Leviton Mfg Co (4927),Leviton,S03-05226-IS,Leviton S0305226IS IV Switch / Pilot,Leviton S0305226IS IV Switch / Pilot for industrial and commercial applications.,Leviton S0305226IS IV Switch / Pilot Manufactured or supplied by Leviton Mfg Co (4927).,Leviton S0305226IS IV Switch / Pilot designed for industrial and commercial use.,Brand: Leviton,Manufacturer: Leviton Mfg Co (4927),Manufacturer Part Number: S03-05226-IS,,,,,,,,,,,,,,,,,
174-0CSB3-15W,174-OCSB3-15A Toggle 3-Way Switch Wh,,,,Leviton Mfg Co (4927),Unknown,0.0,No evidence,[],,,,,,,,,,,,,,,,,,,,,,,,,,,,,,,,,,,,,,,,,,,,,,,,,,,,,,,,,,,,,,,,,,,,,,,,,,,,,,,,,,,,,,,,,,,,,,,,,,,,,,,,,,,,,,,,,,,,,,,,,,,,,,,,,,,,,,,,,,,,,,,,,,,,,,,Leviton Mfg Co (4927),Unknown,174-0CSB3-15W,174-OCSB3-15A Toggle 3-Way Switch Wh,174-OCSB3-15A Toggle 3-Way Switch Wh for industrial and commercial applications.,174-OCSB3-15A Toggle 3-Way Switch Wh Manufactured or supplied by Leviton Mfg Co (4927).,174-OCSB3-15A Toggle 3-Way Switch Wh designed for industrial and commercial use.,Manufacturer: Leviton Mfg Co (4927),Manufacturer Part Number: 174-0CSB3-15W,,,,,,,,,,,,,,,,,,
R50-0SL13-000,T50-0SL13000 1G Wallplate SS - Blank,,,Leviton,Leviton Mfg Co (4927),Leviton,0.7,Structured source,[],,,,,,,,,,,,,,,,,,,,,,,,,,,,,,,,,,,,,,,,,,,,,,,,,,,,,,,,,,,,,,,,,,,,,,,,,,,,,,,,,,,,,,,,,,,,,,,,,,,,,,,,,,,,,,,,,,,,,,,,,,,,,,,,,,,,,,,,,,,,,,,,,,,,,,,Leviton Mfg Co (4927),Leviton,R50-0SL13-000,Leviton T50-0SL13000 1G Wallplate SS - Blank,Leviton T50-0SL13000 1G Wallplate SS - Blank for industrial and commercial applications.,Leviton T50-0SL13000 1G Wallplate SS - Blank Manufactured or supplied by Leviton Mfg Co (4927).,Leviton T50-0SL13000 1G Wallplate SS - Blank designed for industrial and commercial use.,Brand: Leviton,Manufacturer: Leviton Mfg Co (4927),Manufacturer Part Number: R50-0SL13-000,,,,,,,,,,,,,,,,,
R52-0PJ13-00W,R520PJ1300W 1G Wallplate Wh - Blank,,,Leviton,Leviton Mfg Co (4927),Leviton,0.7,Structured source,[],,,,,,,,,,,,,,,,,,,,,,,,,,,,,,,,,,,,,,,,,,,,,,,,,,,,,,,,,,,,,,,,,,,,,,,,,,,,,,,,,,,,,,,,,,,,,,,,,,,,,,,,,,,,,,,,,,,,,,,,,,,,,,,,,,,,,,,,,,,,,,,,,,,,,,,Leviton Mfg Co (4927),Leviton,R52-0PJ13-00W,Leviton R520PJ1300W 1G Wallplate Wh - Blank,Leviton R520PJ1300W 1G Wallplate Wh - Blank for industrial and commercial applications.,Leviton R520PJ1300W 1G Wallplate Wh - Blank Manufactured or supplied by Leviton Mfg Co (4927).,Leviton R520PJ1300W 1G Wallplate Wh - Blank designed for industrial and commercial use.,Brand: Leviton,Manufacturer: Leviton Mfg Co (4927),Manufacturer Part Number: R52-0PJ13-00W,,,,,,,,,,,,,,,,,
XOU2470BCGS,XOU2470BCGS Tall Beverage Center SS,,,,Appliance Dealers Cooperative (APPDE),Unknown,0.0,No evidence,[],,,,,,,,,,,,,,,,,,,,,,,,,,,,,,,,,,,,,,,,,,,,,,,,,,,,,,,,,,,,,,,,,,,,,,,,,,,,,,,,,,,,,,,,,,,,,,,,,,,,,,,,,,,,,,,,,,,,,,,,,,,,,,,,,,,,,,,,,,,,,,,,,,,,,,,Appliance Dealers Cooperative (APPDE),Unknown,XOU2470BCGS,Tall Beverage Center SS,Tall Beverage Center SS for industrial and commercial applications.,Tall Beverage Center SS Manufactured or supplied by Appliance Dealers Cooperative (APPDE).,Tall Beverage Center SS designed for industrial and commercial use.,Manufacturer: Appliance Dealers Cooperative (APPDE),Manufacturer Part Number: XOU2470BCGS,,,,,,,,,,,,,,,,,,
XOU24BCGSR,XOU24BCGSR Beverage Center SS,,,,Appliance Dealers Cooperative (APPDE),Unknown,0.0,No evidence,[],,,,,,,,,,,,,,,,,,,,,,,,,,,,,,,,,,,,,,,,,,,,,,,,,,,,,,,,,,,,,,,,,,,,,,,,,,,,,,,,,,,,,,,,,,,,,,,,,,,,,,,,,,,,,,,,,,,,,,,,,,,,,,,,,,,,,,,,,,,,,,,,,,,,,,,Appliance Dealers Cooperative (APPDE),Unknown,XOU24BCGSR,Beverage Center SS,Beverage Center SS for industrial and commercial applications.,Beverage Center SS Manufactured or supplied by Appliance Dealers Cooperative (APPDE).,Beverage Center SS designed for industrial and commercial use.,Manufacturer: Appliance Dealers Cooperative (APPDE),Manufacturer Part Number: XOU24BCGSR,,,,,,,,,,,,,,,,,,
XOU24WDZGBR,XOU24WDZGBR Beverage Center Bk,,,,Appliance Dealers Cooperative (APPDE),Unknown,0.0,No evidence,[],,,,,,,,,,,,,,,,,,,,,,,,,,,,,,,,,,,,,,,,,,,,,,,,,,,,,,,,,,,,,,,,,,,,,,,,,,,,,,,,,,,,,,,,,,,,,,,,,,,,,,,,,,,,,,,,,,,,,,,,,,,,,,,,,,,,,,,,,,,,,,,,,,,,,,,Appliance Dealers Cooperative (APPDE),Unknown,XOU24WDZGBR,Beverage Center Bk,Beverage Center Bk for industrial and commercial applications.,Beverage Center Bk Manufactured or supplied by Appliance Dealers Cooperative (APPDE).,Beverage Center Bk designed for industrial and commercial use.,Manufacturer: Appliance Dealers Cooperative (APPDE),Manufacturer Part Number: XOU24WDZGBR,,,,,,,,,,,,,,,,,,
C7CDAAS3PD3,C7CDAAS3PD3 Café Drip Coffee Maker MB,,,,Appliance Dealers Cooperative (APPDE),Unknown,0.0,No evidence,[],,,,,,,,,,,,,,,,,,,,,,,,,,,,,,,,,,,,,,,,,,,,,,,,,,,,,,,,,,,,,,,,,,,,,,,,,,,,,,,,,,,,,,,,,,,,,,,,,,,,,,,,,,,,,,,,,,,,,,,,,,,,,,,,,,,,,,,,,,,,,,,,,,,,,,,Appliance Dealers Cooperative (APPDE),Unknown,C7CDAAS3PD3,Café Drip Coffee Maker MB,Café Drip Coffee Maker MB for industrial and commercial applications.,Café Drip Coffee Maker MB Manufactured or supplied by Appliance Dealers Cooperative (APPDE).,Café Drip Coffee Maker MB designed for industrial and commercial use.,Manufacturer: Appliance Dealers Cooperative (APPDE),Manufacturer Part Number: C7CDAAS3PD3,,,,,,,,,,,,,,,,,,
C7CDAAS4PW3,C7CDAAS4PW3 Café Drip Coffee Maker MW,,,,Appliance Dealers Cooperative (APPDE),Unknown,0.0,No evidence,[],,,,,,,,,,,,,,,,,,,,,,,,,,,,,,,,,,,,,,,,,,,,,,,,,,,,,,,,,,,,,,,,,,,,,,,,,,,,,,,,,,,,,,,,,,,,,,,,,,,,,,,,,,,,,,,,,,,,,,,,,,,,,,,,,,,,,,,,,,,,,,,,,,,,,,,Appliance Dealers Cooperative (APPDE),Unknown,C7CDAAS4PW3,Café Drip Coffee Maker MW,Café Drip Coffee Maker MW for industrial and commercial applications.,Café Drip Coffee Maker MW Manufactured or supplied by Appliance Dealers Cooperative (APPDE).,Café Drip Coffee Maker MW designed for industrial and commercial use.,Manufacturer: Appliance Dealers Cooperative (APPDE),Manufacturer Part Number: C7CDAAS4PW3,,,,,,,,,,,,,,,,,,
C7CDABS2RS3,C7CDABS2RS3 Cafe Coffee Maker,,,,Appliance Dealers Cooperative (APPDE),Unknown,0.0,No evidence,[],,,,,,,,,,,,,,,,,,,,,,,,,,,,,,,,,,,,,,,,,,,,,,,,,,,,,,,,,,,,,,,,,,,,,,,,,,,,,,,,,,,,,,,,,,,,,,,,,,,,,,,,,,,,,,,,,,,,,,,,,,,,,,,,,,,,,,,,,,,,,,,,,,,,,,,Appliance Dealers Cooperative (APPDE),Unknown,C7CDABS2RS3,Cafe Coffee Maker,Cafe Coffee Maker for industrial and commercial applications.,Cafe Coffee Maker Manufactured or supplied by Appliance Dealers Cooperative (APPDE).,Cafe Coffee Maker designed for industrial and commercial use.,Manufacturer: Appliance Dealers Cooperative (APPDE),Manufacturer Part Number: C7CDABS2RS3,,,,,,,,,,,,,,,,,,
C7CDABS3RD3,C7CDABS3RD3 Café Coffee Maker MB,,,,Appliance Dealers Cooperative (APPDE),Unknown,0.0,No evidence,[],,,,,,,,,,,,,,,,,,,,,,,,,,,,,,,,,,,,,,,,,,,,,,,,,,,,,,,,,,,,,,,,,,,,,,,,,,,,,,,,,,,,,,,,,,,,,,,,,,,,,,,,,,,,,,,,,,,,,,,,,,,,,,,,,,,,,,,,,,,,,,,,,,,,,,,Appliance Dealers Cooperative (APPDE),Unknown,C7CDABS3RD3,Café Coffee Maker MB,Café Coffee Maker MB for industrial and commercial applications.,Café Coffee Maker MB Manufactured or supplied by Appliance Dealers Cooperative (APPDE).,Café Coffee Maker MB designed for industrial and commercial use.,Manufacturer: Appliance Dealers Cooperative (APPDE),Manufacturer Part Number: C7CDABS3RD3,,,,,,,,,,,,,,,,,,
C7CDABS4RW3,C7CDABS4RW3 Café Coffee Maker MW,,,,Appliance Dealers Cooperative (APPDE),Unknown,0.0,No evidence,[],,,,,,,,,,,,,,,,,,,,,,,,,,,,,,,,,,,,,,,,,,,,,,,,,,,,,,,,,,,,,,,,,,,,,,,,,,,,,,,,,,,,,,,,,,,,,,,,,,,,,,,,,,,,,,,,,,,,,,,,,,,,,,,,,,,,,,,,,,,,,,,,,,,,,,,Appliance Dealers Cooperative (APPDE),Unknown,C7CDABS4RW3,Café Coffee Maker MW,Café Coffee Maker MW for industrial and commercial applications.,Café Coffee Maker MW Manufactured or supplied by Appliance Dealers Cooperative (APPDE).,Café Coffee Maker MW designed for industrial and commercial use.,Manufacturer: Appliance Dealers Cooperative (APPDE),Manufacturer Part Number: C7CDABS4RW3,,,,,,,,,,,,,,,,,,
C7CEBBS2RS3,C7CEBBS2RS3 Cafe Auto Espresso Machine SS,,,,Appliance Dealers Cooperative (APPDE),Unknown,0.0,No evidence,[],,,,,,,,,,,,,,,,,,,,,,,,,,,,,,,,,,,,,,,,,,,,,,,,,,,,,,,,,,,,,,,,,,,,,,,,,,,,,,,,,,,,,,,,,,,,,,,,,,,,,,,,,,,,,,,,,,,,,,,,,,,,,,,,,,,,,,,,,,,,,,,,,,,,,,,Appliance Dealers Cooperative (APPDE),Unknown,C7CEBBS2RS3,Cafe Auto Espresso Machine SS,Cafe Auto Espresso Machine SS for industrial and commercial applications.,Cafe Auto Espresso Machine SS Manufactured or supplied by Appliance Dealers Cooperative (APPDE).,Cafe Auto Espresso Machine SS designed for industrial and commercial use.,Manufacturer: Appliance Dealers Cooperative (APPDE),Manufacturer Part Number: C7CEBBS2RS3,,,,,,,,,,,,,,,,,,
C7CEBBS4RW3,C7CEBBS4RW3 Café Auto Espresso Machine Wh,,,,Appliance Dealers Cooperative (APPDE),Unknown,0.0,No evidence,[],,,,,,,,,,,,,,,,,,,,,,,,,,,,,,,,,,,,,,,,,,,,,,,,,,,,,,,,,,,,,,,,,,,,,,,,,,,,,,,,,,,,,,,,,,,,,,,,,,,,,,,,,,,,,,,,,,,,,,,,,,,,,,,,,,,,,,,,,,,,,,,,,,,,,,,Appliance Dealers Cooperative (APPDE),Unknown,C7CEBBS4RW3,Café Auto Espresso Machine Wh,Café Auto Espresso Machine Wh for industrial and commercial applications.,Café Auto Espresso Machine Wh Manufactured or supplied by Appliance Dealers Cooperative (APPDE).,Café Auto Espresso Machine Wh designed for industrial and commercial use.,Manufacturer: Appliance Dealers Cooperative (APPDE),Manufacturer Part Number: C7CEBBS4RW3,,,,,,,,,,,,,,,,,,
C7CESAS2RS3,C7CESAS2RS3 Café Espresso SS,,,,Appliance Dealers Cooperative (APPDE),Unknown,0.0,No evidence,[],,,,,,,,,,,,,,,,,,,,,,,,,,,,,,,,,,,,,,,,,,,,,,,,,,,,,,,,,,,,,,,,,,,,,,,,,,,,,,,,,,,,,,,,,,,,,,,,,,,,,,,,,,,,,,,,,,,,,,,,,,,,,,,,,,,,,,,,,,,,,,,,,,,,,,,Appliance Dealers Cooperative (APPDE),Unknown,C7CESAS2RS3,Café Espresso SS,Café Espresso SS for industrial and commercial applications.,Café Espresso SS Manufactured or supplied by Appliance Dealers Cooperative (APPDE).,Café Espresso SS designed for industrial and commercial use.,Manufacturer: Appliance Dealers Cooperative (APPDE),Manufacturer Part Number: C7CESAS2RS3,,,,,,,,,,,,,,,,,,
C7CESAS3RD3,C7CESAS3RD3 Café Espresso Machine MB,,,,Appliance Dealers Cooperative (APPDE),Unknown,0.0,No evidence,[],,,,,,,,,,,,,,,,,,,,,,,,,,,,,,,,,,,,,,,,,,,,,,,,,,,,,,,,,,,,,,,,,,,,,,,,,,,,,,,,,,,,,,,,,,,,,,,,,,,,,,,,,,,,,,,,,,,,,,,,,,,,,,,,,,,,,,,,,,,,,,,,,,,,,,,Appliance Dealers Cooperative (APPDE),Unknown,C7CESAS3RD3,Café Espresso Machine MB,Café Espresso Machine MB for industrial and commercial applications.,Café Espresso Machine MB Manufactured or supplied by Appliance Dealers Cooperative (APPDE).,Café Espresso Machine MB designed for industrial and commercial use.,Manufacturer: Appliance Dealers Cooperative (APPDE),Manufacturer Part Number: C7CESAS3RD3,,,,,,,,,,,,,,,,,,
C7CESAS4RW3,C7CESAS4RW3 Cafe Espresso Wh,,,,Appliance Dealers Cooperative (APPDE),Unknown,0.0,No evidence,[],,,,,,,,,,,,,,,,,,,,,,,,,,,,,,,,,,,,,,,,,,,,,,,,,,,,,,,,,,,,,,,,,,,,,,,,,,,,,,,,,,,,,,,,,,,,,,,,,,,,,,,,,,,,,,,,,,,,,,,,,,,,,,,,,,,,,,,,,,,,,,,,,,,,,,,Appliance Dealers Cooperative (APPDE),Unknown,C7CESAS4RW3,Cafe Espresso Wh,Cafe Espresso Wh for industrial and commercial applications.,Cafe Espresso Wh Manufactured or supplied by Appliance Dealers Cooperative (APPDE).,Cafe Espresso Wh designed for industrial and commercial use.,Manufacturer: Appliance Dealers Cooperative (APPDE),Manufacturer Part Number: C7CESAS4RW3,,,,,,,,,,,,,,,,,,
WOSP30100SS,WOSP30100SS Beko Wall Oven SS,,,,Appliance Dealers Cooperative (APPDE),Unknown,0.0,No evidence,[],,,,,,,,,,,,,,,,,,,,,,,,,,,,,,,,,,,,,,,,,,,,,,,,,,,,,,,,,,,,,,,,,,,,,,,,,,,,,,,,,,,,,,,,,,,,,,,,,,,,,,,,,,,,,,,,,,,,,,,,,,,,,,,,,,,,,,,,,,,,,,,,,,,,,,,Appliance Dealers Cooperative (APPDE),Unknown,WOSP30100SS,Beko Wall Oven SS,Beko Wall Oven SS for industrial and commercial applications.,Beko Wall Oven SS Manufactured or supplied by Appliance Dealers Cooperative (APPDE).,Beko Wall Oven SS designed for industrial and commercial use.,Manufacturer: Appliance Dealers Cooperative (APPDE),Manufacturer Part Number: WOSP30100SS,,,,,,,,,,,,,,,,,,
MSER2090S,MSER2090S LG Microwave SS,,,,Appliance Dealers Cooperative (APPDE),Unknown,0.0,No evidence,[],,,,,,,,,,,,,,,,,,,,,,,,,,,,,,,,,,,,,,,,,,,,,,,,,,,,,,,,,,,,,,,,,,,,,,,,,,,,,,,,,,,,,,,,,,,,,,,,,,,,,,,,,,,,,,,,,,,,,,,,,,,,,,,,,,,,,,,,,,,,,,,,,,,,,,,Appliance Dealers Cooperative (APPDE),Unknown,MSER2090S,LG Microwave SS,LG Microwave SS for industrial and commercial applications.,LG Microwave SS Manufactured or supplied by Appliance Dealers Cooperative (APPDE).,LG Microwave SS designed for industrial and commercial use.,Manufacturer: Appliance Dealers Cooperative (APPDE),Manufacturer Part Number: MSER2090S,,,,,,,,,,,,,,,,,,
GCST16S1WSS,GCST16S1WSS GE Microwave SS,,,,Appliance Dealers Cooperative (APPDE),Unknown,0.0,No evidence,[],,,,,,,,,,,,,,,,,,,,,,,,,,,,,,,,,,,,,,,,,,,,,,,,,,,,,,,,,,,,,,,,,,,,,,,,,,,,,,,,,,,,,,,,,,,,,,,,,,,,,,,,,,,,,,,,,,,,,,,,,,,,,,,,,,,,,,,,,,,,,,,,,,,,,,,Appliance Dealers Cooperative (APPDE),Unknown,GCST16S1WSS,GE Microwave SS,GE Microwave SS for industrial and commercial applications.,GE Microwave SS Manufactured or supplied by Appliance Dealers Cooperative (APPDE).,GE Microwave SS designed for industrial and commercial use.,Manufacturer: Appliance Dealers Cooperative (APPDE),Manufacturer Part Number: GCST16S1WSS,,,,,,,,,,,,,,,,,,
PCWK15C1WSS,PCWK15C1WSS GE Microwave,,,,Appliance Dealers Cooperative (APPDE),Unknown,0.0,No evidence,[],,,,,,,,,,,,,,,,,,,,,,,,,,,,,,,,,,,,,,,,,,,,,,,,,,,,,,,,,,,,,,,,,,,,,,,,,,,,,,,,,,,,,,,,,,,,,,,,,,,,,,,,,,,,,,,,,,,,,,,,,,,,,,,,,,,,,,,,,,,,,,,,,,,,,,,Appliance Dealers Cooperative (APPDE),Unknown,PCWK15C1WSS,GE Microwave,GE Microwave for industrial and commercial applications.,GE Microwave Manufactured or supplied by Appliance Dealers Cooperative (APPDE).,GE Microwave designed for industrial and commercial use.,Manufacturer: Appliance Dealers Cooperative (APPDE),Manufacturer Part Number: PCWK15C1WSS,,,,,,,,,,,,,,,,,,
SMC2266KS,SMC2266KS Microwave SS Display Only,,,,Appliance Dealers Cooperative (APPDE),Unknown,0.0,No evidence,[],,,,,,,,,,,,,,,,,,,,,,,,,,,,,,,,,,,,,,,,,,,,,,,,,,,,,,,,,,,,,,,,,,,,,,,,,,,,,,,,,,,,,,,,,,,,,,,,,,,,,,,,,,,,,,,,,,,,,,,,,,,,,,,,,,,,,,,,,,,,,,,,,,,,,,,Appliance Dealers Cooperative (APPDE),Unknown,SMC2266KS,Microwave SS Display Only,Microwave SS Display Only for industrial and commercial applications.,Microwave SS Display Only Manufactured or supplied by Appliance Dealers Cooperative (APPDE).,Microwave SS Display Only designed for industrial and commercial use.,Manufacturer: Appliance Dealers Cooperative (APPDE),Manufacturer Part Number: SMC2266KS,,,,,,,,,,,,,,,,,,
SMD2479JS,SMD2479JS Microwave Drawer SS Display Only,,,,Appliance Dealers Cooperative (APPDE),Unknown,0.0,No evidence,[],,,,,,,,,,,,,,,,,,,,,,,,,,,,,,,,,,,,,,,,,,,,,,,,,,,,,,,,,,,,,,,,,,,,,,,,,,,,,,,,,,,,,,,,,,,,,,,,,,,,,,,,,,,,,,,,,,,,,,,,,,,,,,,,,,,,,,,,,,,,,,,,,,,,,,,Appliance Dealers Cooperative (APPDE),Unknown,SMD2479JS,Microwave Drawer SS Display Only,Microwave Drawer SS Display Only for industrial and commercial applications.,Microwave Drawer SS Display Only Manufactured or supplied by Appliance Dealers Cooperative (APPDE).,Microwave Drawer SS Display Only designed for industrial and commercial use.,Manufacturer: Appliance Dealers Cooperative (APPDE),Manufacturer Part Number: SMD2479JS,,,,,,,,,,,,,,,,,,
PEP9030DTBB,"PEP9030DTBB 30"" GE Cooktop Bk",,,,Appliance Dealers Cooperative (APPDE),Unknown,0.0,No evidence,"[('Size', '30', 'in')]",Size,30,in,,,,,,,,,,,,,,,,,,,,,,,,,,,,,,,,,,,,,,,,,,,,,,,,,,,,,,,,,,,,,,,,,,,,,,,,,,,,,,,,,,,,,,,,,,,,,,,,,,,,,,,,,,,,,,,,,,,,,,,,,,,,,,,,,,,,,,,,,,,,,,,,,,,,Appliance Dealers Cooperative (APPDE),Unknown,PEP9030DTBB,"30"" GE Cooktop Bk","30"" GE Cooktop Bk for industrial and commercial applications.","30"" GE Cooktop Bk Manufactured or supplied by Appliance Dealers Cooperative (APPDE). Available product information includes Size: 30 in.","30"" GE Cooktop Bk designed for industrial and commercial use. Key identified specifications include Size: 30 in.",Manufacturer: Appliance Dealers Cooperative (APPDE),Manufacturer Part Number: PEP9030DTBB,Size: 30 in,,,,,,,,,,,,,,,,,
CES700P3MD1,"CES700P3MD1 Cafe 30"" Range Bk - Display",,,,Appliance Dealers Cooperative (APPDE),3M,0.6,Product description,"[('Size', '30', 'in')]",Size,30,in,,,,,,,,,,,,,,,,,,,,,,,,,,,,,,,,,,,,,,,,,,,,,,,,,,,,,,,,,,,,,,,,,,,,,,,,,,,,,,,,,,,,,,,,,,,,,,,,,,,,,,,,,,,,,,,,,,,,,,,,,,,,,,,,,,,,,,,,,,,,,,,,,,,,Appliance Dealers Cooperative (APPDE),3M,CES700P3MD1,"3M Cafe 30"" Range Bk - Display","3M Cafe 30"" Range Bk - Display for industrial and commercial applications.","3M Cafe 30"" Range Bk - Display Manufactured or supplied by Appliance Dealers Cooperative (APPDE). Available product information includes Size: 30 in.","3M Cafe 30"" Range Bk - Display designed for industrial and commercial use. Key identified specifications include Size: 30 in.",Brand: 3M,Manufacturer: Appliance Dealers Cooperative (APPDE),Manufacturer Part Number: CES700P3MD1,Size: 30 in,,,,,,,,,,,,,,,,
PS960YPFS,"PS960YPFS 30"" GE Electric Range SS - Display Only",,,,Appliance Dealers Cooperative (APPDE),Unknown,0.0,No evidence,"[('Size', '30', 'in')]",Size,30,in,,,,,,,,,,,,,,,,,,,,,,,,,,,,,,,,,,,,,,,,,,,,,,,,,,,,,,,,,,,,,,,,,,,,,,,,,,,,,,,,,,,,,,,,,,,,,,,,,,,,,,,,,,,,,,,,,,,,,,,,,,,,,,,,,,,,,,,,,,,,,,,,,,,,Appliance Dealers Cooperative (APPDE),Unknown,PS960YPFS,"30"" GE Electric Range SS - Display Only","30"" GE Electric Range SS - Display Only for industrial and commercial applications.","30"" GE Electric Range SS - Display Only Manufactured or supplied by Appliance Dealers Cooperative (APPDE). Available product information includes Size: 30 in.","30"" GE Electric Range SS - Display Only designed for industrial and commercial use. Key identified specifications include Size: 30 in.",Manufacturer: Appliance Dealers Cooperative (APPDE),Manufacturer Part Number: PS960YPFS,Size: 30 in,,,,,,,,,,,,,,,,,
PB900YVFS,"PB900YVFS Elect 30"" Range SS",,,,Appliance Dealers Cooperative (APPDE),Unknown,0.0,No evidence,"[('Size', '30', 'in')]",Size,30,in,,,,,,,,,,,,,,,,,,,,,,,,,,,,,,,,,,,,,,,,,,,,,,,,,,,,,,,,,,,,,,,,,,,,,,,,,,,,,,,,,,,,,,,,,,,,,,,,,,,,,,,,,,,,,,,,,,,,,,,,,,,,,,,,,,,,,,,,,,,,,,,,,,,,Appliance Dealers Cooperative (APPDE),Unknown,PB900YVFS,"Elect 30"" Range SS","Elect 30"" Range SS for industrial and commercial applications.","Elect 30"" Range SS Manufactured or supplied by Appliance Dealers Cooperative (APPDE). Available product information includes Size: 30 in.","Elect 30"" Range SS designed for industrial and commercial use. Key identified specifications include Size: 30 in.",Manufacturer: Appliance Dealers Cooperative (APPDE),Manufacturer Part Number: PB900YVFS,Size: 30 in,,,,,,,,,,,,,,,,,
PCFE3080AF,"PCFE3080AF 30"" Elect Range SS - Display Only",,,,Appliance Dealers Cooperative (APPDE),Unknown,0.0,No evidence,"[('Size', '30', 'in')]",Size,30,in,,,,,,,,,,,,,,,,,,,,,,,,,,,,,,,,,,,,,,,,,,,,,,,,,,,,,,,,,,,,,,,,,,,,,,,,,,,,,,,,,,,,,,,,,,,,,,,,,,,,,,,,,,,,,,,,,,,,,,,,,,,,,,,,,,,,,,,,,,,,,,,,,,,,Appliance Dealers Cooperative (APPDE),Unknown,PCFE3080AF,"30"" Elect Range SS - Display Only","30"" Elect Range SS - Display Only for industrial and commercial applications.","30"" Elect Range SS - Display Only Manufactured or supplied by Appliance Dealers Cooperative (APPDE). Available product information includes Size: 30 in.","30"" Elect Range SS - Display Only designed for industrial and commercial use. Key identified specifications include Size: 30 in.",Manufacturer: Appliance Dealers Cooperative (APPDE),Manufacturer Part Number: PCFE3080AF,Size: 30 in,,,,,,,,,,,,,,,,,
SLER30524SS,"SLER30524SS 30"" Elect Range SS",,,,Appliance Dealers Cooperative (APPDE),Unknown,0.0,No evidence,"[('Size', '30', 'in')]",Size,30,in,,,,,,,,,,,,,,,,,,,,,,,,,,,,,,,,,,,,,,,,,,,,,,,,,,,,,,,,,,,,,,,,,,,,,,,,,,,,,,,,,,,,,,,,,,,,,,,,,,,,,,,,,,,,,,,,,,,,,,,,,,,,,,,,,,,,,,,,,,,,,,,,,,,,Appliance Dealers Cooperative (APPDE),Unknown,SLER30524SS,"30"" Elect Range SS","30"" Elect Range SS for industrial and commercial applications.","30"" Elect Range SS Manufactured or supplied by Appliance Dealers Cooperative (APPDE). Available product information includes Size: 30 in.","30"" Elect Range SS designed for industrial and commercial use. Key identified specifications include Size: 30 in.",Manufacturer: Appliance Dealers Cooperative (APPDE),Manufacturer Part Number: SLER30524SS,Size: 30 in,,,,,,,,,,,,,,,,,
LSEL6333ZE,"LSEL6333ZE LG 30"" Elec Range BS-Display Only",,,,Appliance Dealers Cooperative (APPDE),Unknown,0.0,No evidence,"[('Size', '30', 'in')]",Size,30,in,,,,,,,,,,,,,,,,,,,,,,,,,,,,,,,,,,,,,,,,,,,,,,,,,,,,,,,,,,,,,,,,,,,,,,,,,,,,,,,,,,,,,,,,,,,,,,,,,,,,,,,,,,,,,,,,,,,,,,,,,,,,,,,,,,,,,,,,,,,,,,,,,,,,Appliance Dealers Cooperative (APPDE),Unknown,LSEL6333ZE,"LG 30"" Elec Range BS-Display Only","LG 30"" Elec Range BS-Display Only for industrial and commercial applications.","LG 30"" Elec Range BS-Display Only Manufactured or supplied by Appliance Dealers Cooperative (APPDE). Available product information includes Size: 30 in.","LG 30"" Elec Range BS-Display Only designed for industrial and commercial use. Key identified specifications include Size: 30 in.",Manufacturer: Appliance Dealers Cooperative (APPDE),Manufacturer Part Number: LSEL6333ZE,Size: 30 in,,,,,,,,,,,,,,,,,
KSES530SBE,"KSES530SBE 30"" Elect Range BO Display Only",,,,Appliance Dealers Cooperative (APPDE),Unknown,0.0,No evidence,"[('Size', '30', 'in')]",Size,30,in,,,,,,,,,,,,,,,,,,,,,,,,,,,,,,,,,,,,,,,,,,,,,,,,,,,,,,,,,,,,,,,,,,,,,,,,,,,,,,,,,,,,,,,,,,,,,,,,,,,,,,,,,,,,,,,,,,,,,,,,,,,,,,,,,,,,,,,,,,,,,,,,,,,,Appliance Dealers Cooperative (APPDE),Unknown,KSES530SBE,"30"" Elect Range BO Display Only","30"" Elect Range BO Display Only for industrial and commercial applications.","30"" Elect Range BO Display Only Manufactured or supplied by Appliance Dealers Cooperative (APPDE). Available product information includes Size: 30 in.","30"" Elect Range BO Display Only designed for industrial and commercial use. Key identified specifications include Size: 30 in.",Manufacturer: Appliance Dealers Cooperative (APPDE),Manufacturer Part Number: KSES530SBE,Size: 30 in,,,,,,,,,,,,,,,,,
GCFG3661AF,"GCFG3661AF 36"" Frigidaire Gas Range SS",,,,Appliance Dealers Cooperative (APPDE),Frigidaire,0.6,Product description,"[('Size', '36', 'in')]",Size,36,in,,,,,,,,,,,,,,,,,,,,,,,,,,,,,,,,,,,,,,,,,,,,,,,,,,,,,,,,,,,,,,,,,,,,,,,,,,,,,,,,,,,,,,,,,,,,,,,,,,,,,,,,,,,,,,,,,,,,,,,,,,,,,,,,,,,,,,,,,,,,,,,,,,,,Appliance Dealers Cooperative (APPDE),Frigidaire,GCFG3661AF,"36"" Frigidaire Gas Range SS","36"" Frigidaire Gas Range SS for industrial and commercial applications.","36"" Frigidaire Gas Range SS Manufactured or supplied by Appliance Dealers Cooperative (APPDE). Available product information includes Size: 36 in.","36"" Frigidaire Gas Range SS designed for industrial and commercial use. Key identified specifications include Size: 36 in.",Brand: Frigidaire,Manufacturer: Appliance Dealers Cooperative (APPDE),Manufacturer Part Number: GCFG3661AF,Size: 36 in,,,,,,,,,,,,,,,,
WSGS7530RZ,"WSGS7530RZ 30"" Gas Range SS - Display Only",,,,Appliance Dealers Cooperative (APPDE),Unknown,0.0,No evidence,"[('Size', '30', 'in')]",Size,30,in,,,,,,,,,,,,,,,,,,,,,,,,,,,,,,,,,,,,,,,,,,,,,,,,,,,,,,,,,,,,,,,,,,,,,,,,,,,,,,,,,,,,,,,,,,,,,,,,,,,,,,,,,,,,,,,,,,,,,,,,,,,,,,,,,,,,,,,,,,,,,,,,,,,,Appliance Dealers Cooperative (APPDE),Unknown,WSGS7530RZ,"30"" Gas Range SS - Display Only","30"" Gas Range SS - Display Only for industrial and commercial applications.","30"" Gas Range SS - Display Only Manufactured or supplied by Appliance Dealers Cooperative (APPDE). Available product information includes Size: 30 in.","30"" Gas Range SS - Display Only designed for industrial and commercial use. Key identified specifications include Size: 30 in.",Manufacturer: Appliance Dealers Cooperative (APPDE),Manufacturer Part Number: WSGS7530RZ,Size: 30 in,,,,,,,,,,,,,,,,,
CHP90301TBB,CHP90301TBB Café Cooktop Bk,,,,Appliance Dealers Cooperative (APPDE),Unknown,0.0,No evidence,[],,,,,,,,,,,,,,,,,,,,,,,,,,,,,,,,,,,,,,,,,,,,,,,,,,,,,,,,,,,,,,,,,,,,,,,,,,,,,,,,,,,,,,,,,,,,,,,,,,,,,,,,,,,,,,,,,,,,,,,,,,,,,,,,,,,,,,,,,,,,,,,,,,,,,,,Appliance Dealers Cooperative (APPDE),Unknown,CHP90301TBB,Café Cooktop Bk,Café Cooktop Bk for industrial and commercial applications.,Café Cooktop Bk Manufactured or supplied by Appliance Dealers Cooperative (APPDE).,Café Cooktop Bk designed for industrial and commercial use.,Manufacturer: Appliance Dealers Cooperative (APPDE),Manufacturer Part Number: CHP90301TBB,,,,,,,,,,,,,,,,,,
CVM517P3RD1,CVM517P3RD1 Cafe Microwave Bk - Display,,,,Appliance Dealers Cooperative (APPDE),Unknown,0.0,No evidence,[],,,,,,,,,,,,,,,,,,,,,,,,,,,,,,,,,,,,,,,,,,,,,,,,,,,,,,,,,,,,,,,,,,,,,,,,,,,,,,,,,,,,,,,,,,,,,,,,,,,,,,,,,,,,,,,,,,,,,,,,,,,,,,,,,,,,,,,,,,,,,,,,,,,,,,,Appliance Dealers Cooperative (APPDE),Unknown,CVM517P3RD1,Cafe Microwave Bk - Display,Cafe Microwave Bk - Display for industrial and commercial applications.,Cafe Microwave Bk - Display Manufactured or supplied by Appliance Dealers Cooperative (APPDE).,Cafe Microwave Bk - Display designed for industrial and commercial use.,Manufacturer: Appliance Dealers Cooperative (APPDE),Manufacturer Part Number: CVM517P3RD1,,,,,,,,,,,,,,,,,,
PMOS1980AF,PMOS1980AF OTR Microwave SS - Display Only,,,,Appliance Dealers Cooperative (APPDE),Unknown,0.0,No evidence,[],,,,,,,,,,,,,,,,,,,,,,,,,,,,,,,,,,,,,,,,,,,,,,,,,,,,,,,,,,,,,,,,,,,,,,,,,,,,,,,,,,,,,,,,,,,,,,,,,,,,,,,,,,,,,,,,,,,,,,,,,,,,,,,,,,,,,,,,,,,,,,,,,,,,,,,Appliance Dealers Cooperative (APPDE),Unknown,PMOS1980AF,OTR Microwave SS - Display Only,OTR Microwave SS - Display Only for industrial and commercial applications.,OTR Microwave SS - Display Only Manufactured or supplied by Appliance Dealers Cooperative (APPDE).,OTR Microwave SS - Display Only designed for industrial and commercial use.,Manufacturer: Appliance Dealers Cooperative (APPDE),Manufacturer Part Number: PMOS1980AF,,,,,,,,,,,,,,,,,,
WMMS3330RZ,WMMS3330RZ OTR Mocrowave SS - Display Only,,,,Appliance Dealers Cooperative (APPDE),Unknown,0.0,No evidence,[],,,,,,,,,,,,,,,,,,,,,,,,,,,,,,,,,,,,,,,,,,,,,,,,,,,,,,,,,,,,,,,,,,,,,,,,,,,,,,,,,,,,,,,,,,,,,,,,,,,,,,,,,,,,,,,,,,,,,,,,,,,,,,,,,,,,,,,,,,,,,,,,,,,,,,,Appliance Dealers Cooperative (APPDE),Unknown,WMMS3330RZ,OTR Mocrowave SS - Display Only,OTR Mocrowave SS - Display Only for industrial and commercial applications.,OTR Mocrowave SS - Display Only Manufactured or supplied by Appliance Dealers Cooperative (APPDE).,OTR Mocrowave SS - Display Only designed for industrial and commercial use.,Manufacturer: Appliance Dealers Cooperative (APPDE),Manufacturer Part Number: WMMS3330RZ,,,,,,,,,,,,,,,,,,
KMMF530PBE,KMMF530PBE OTR Microwave BO Display Only,,,,Appliance Dealers Cooperative (APPDE),Unknown,0.0,No evidence,[],,,,,,,,,,,,,,,,,,,,,,,,,,,,,,,,,,,,,,,,,,,,,,,,,,,,,,,,,,,,,,,,,,,,,,,,,,,,,,,,,,,,,,,,,,,,,,,,,,,,,,,,,,,,,,,,,,,,,,,,,,,,,,,,,,,,,,,,,,,,,,,,,,,,,,,Appliance Dealers Cooperative (APPDE),Unknown,KMMF530PBE,OTR Microwave BO Display Only,OTR Microwave BO Display Only for industrial and commercial applications.,OTR Microwave BO Display Only Manufactured or supplied by Appliance Dealers Cooperative (APPDE).,OTR Microwave BO Display Only designed for industrial and commercial use.,Manufacturer: Appliance Dealers Cooperative (APPDE),Manufacturer Part Number: KMMF530PBE,,,,,,,,,,,,,,,,,,
JXGRILL1,JXGRILL1 GE Range Grill,,,,Appliance Dealers Cooperative (APPDE),Unknown,0.0,No evidence,[],,,,,,,,,,,,,,,,,,,,,,,,,,,,,,,,,,,,,,,,,,,,,,,,,,,,,,,,,,,,,,,,,,,,,,,,,,,,,,,,,,,,,,,,,,,,,,,,,,,,,,,,,,,,,,,,,,,,,,,,,,,,,,,,,,,,,,,,,,,,,,,,,,,,,,,Appliance Dealers Cooperative (APPDE),Unknown,JXGRILL1,GE Range Grill,GE Range Grill for industrial and commercial applications.,GE Range Grill Manufactured or supplied by Appliance Dealers Cooperative (APPDE).,GE Range Grill designed for industrial and commercial use.,Manufacturer: Appliance Dealers Cooperative (APPDE),Manufacturer Part Number: JXGRILL1,,,,,,,,,,,,,,,,,,
C9TMA2S3PD3,C9TMA2S3PD3 Café Toaster MB,,,,Appliance Dealers Cooperative (APPDE),Unknown,0.0,No evidence,[],,,,,,,,,,,,,,,,,,,,,,,,,,,,,,,,,,,,,,,,,,,,,,,,,,,,,,,,,,,,,,,,,,,,,,,,,,,,,,,,,,,,,,,,,,,,,,,,,,,,,,,,,,,,,,,,,,,,,,,,,,,,,,,,,,,,,,,,,,,,,,,,,,,,,,,Appliance Dealers Cooperative (APPDE),Unknown,C9TMA2S3PD3,Café Toaster MB,Café Toaster MB for industrial and commercial applications.,Café Toaster MB Manufactured or supplied by Appliance Dealers Cooperative (APPDE).,Café Toaster MB designed for industrial and commercial use.,Manufacturer: Appliance Dealers Cooperative (APPDE),Manufacturer Part Number: C9TMA2S3PD3,,,,,,,,,,,,,,,,,,
C9TMA2S4PW3,C9TMA2S4PW3 Café Toaster MW,,,,Appliance Dealers Cooperative (APPDE),Unknown,0.0,No evidence,[],,,,,,,,,,,,,,,,,,,,,,,,,,,,,,,,,,,,,,,,,,,,,,,,,,,,,,,,,,,,,,,,,,,,,,,,,,,,,,,,,,,,,,,,,,,,,,,,,,,,,,,,,,,,,,,,,,,,,,,,,,,,,,,,,,,,,,,,,,,,,,,,,,,,,,,Appliance Dealers Cooperative (APPDE),Unknown,C9TMA2S4PW3,Café Toaster MW,Café Toaster MW for industrial and commercial applications.,Café Toaster MW Manufactured or supplied by Appliance Dealers Cooperative (APPDE).,Café Toaster MW designed for industrial and commercial use.,Manufacturer: Appliance Dealers Cooperative (APPDE),Manufacturer Part Number: C9TMA2S4PW3,,,,,,,,,,,,,,,,,,
C90AAAS2RS3,C90AAAS2RS3 Cafe Toast Oven SS,,,,Appliance Dealers Cooperative (APPDE),Unknown,0.0,No evidence,[],,,,,,,,,,,,,,,,,,,,,,,,,,,,,,,,,,,,,,,,,,,,,,,,,,,,,,,,,,,,,,,,,,,,,,,,,,,,,,,,,,,,,,,,,,,,,,,,,,,,,,,,,,,,,,,,,,,,,,,,,,,,,,,,,,,,,,,,,,,,,,,,,,,,,,,Appliance Dealers Cooperative (APPDE),Unknown,C90AAAS2RS3,Cafe Toast Oven SS,Cafe Toast Oven SS for industrial and commercial applications.,Cafe Toast Oven SS Manufactured or supplied by Appliance Dealers Cooperative (APPDE).,Cafe Toast Oven SS designed for industrial and commercial use.,Manufacturer: Appliance Dealers Cooperative (APPDE),Manufacturer Part Number: C90AAAS2RS3,,,,,,,,,,,,,,,,,,
C9TMA2SP2PS3,C9TMA2S2PS3 Cafe Toaster SS,,,,Appliance Dealers Cooperative (APPDE),Unknown,0.0,No evidence,[],,,,,,,,,,,,,,,,,,,,,,,,,,,,,,,,,,,,,,,,,,,,,,,,,,,,,,,,,,,,,,,,,,,,,,,,,,,,,,,,,,,,,,,,,,,,,,,,,,,,,,,,,,,,,,,,,,,,,,,,,,,,,,,,,,,,,,,,,,,,,,,,,,,,,,,Appliance Dealers Cooperative (APPDE),Unknown,C9TMA2SP2PS3,C9TMA2S2PS3 Cafe Toaster SS,C9TMA2S2PS3 Cafe Toaster SS for industrial and commercial applications.,C9TMA2S2PS3 Cafe Toaster SS Manufactured or supplied by Appliance Dealers Cooperative (APPDE).,C9TMA2S2PS3 Cafe Toaster SS designed for industrial and commercial use.,Manufacturer: Appliance Dealers Cooperative (APPDE),Manufacturer Part Number: C9TMA2SP2PS3,,,,,,,,,,,,,,,,,,
GDE21EMKES,GDE21EMKES GE 21CF Fridge SL Display Only,,,,Appliance Dealers Cooperative (APPDE),Unknown,0.0,No evidence,[],,,,,,,,,,,,,,,,,,,,,,,,,,,,,,,,,,,,,,,,,,,,,,,,,,,,,,,,,,,,,,,,,,,,,,,,,,,,,,,,,,,,,,,,,,,,,,,,,,,,,,,,,,,,,,,,,,,,,,,,,,,,,,,,,,,,,,,,,,,,,,,,,,,,,,,Appliance Dealers Cooperative (APPDE),Unknown,GDE21EMKES,GE 21CF Fridge SL Display Only,GE 21CF Fridge SL Display Only for industrial and commercial applications.,GE 21CF Fridge SL Display Only Manufactured or supplied by Appliance Dealers Cooperative (APPDE).,GE 21CF Fridge SL Display Only designed for industrial and commercial use.,Manufacturer: Appliance Dealers Cooperative (APPDE),Manufacturer Part Number: GDE21EMKES,,,,,,,,,,,,,,,,,,
FCM16SLWW,FCM16SLWW 16CF GE Freezer Chest MH,,,,Appliance Dealers Cooperative (APPDE),Unknown,0.0,No evidence,[],,,,,,,,,,,,,,,,,,,,,,,,,,,,,,,,,,,,,,,,,,,,,,,,,,,,,,,,,,,,,,,,,,,,,,,,,,,,,,,,,,,,,,,,,,,,,,,,,,,,,,,,,,,,,,,,,,,,,,,,,,,,,,,,,,,,,,,,,,,,,,,,,,,,,,,Appliance Dealers Cooperative (APPDE),Unknown,FCM16SLWW,16CF GE Freezer Chest MH,16CF GE Freezer Chest MH for industrial and commercial applications.,16CF GE Freezer Chest MH Manufactured or supplied by Appliance Dealers Cooperative (APPDE).,16CF GE Freezer Chest MH designed for industrial and commercial use.,Manufacturer: Appliance Dealers Cooperative (APPDE),Manufacturer Part Number: FCM16SLWW,,,,,,,,,,,,,,,,,,
GNE27JYMFS,GNE27JYMFS GE Fridge SS,,,,Appliance Dealers Cooperative (APPDE),Unknown,0.0,No evidence,[],,,,,,,,,,,,,,,,,,,,,,,,,,,,,,,,,,,,,,,,,,,,,,,,,,,,,,,,,,,,,,,,,,,,,,,,,,,,,,,,,,,,,,,,,,,,,,,,,,,,,,,,,,,,,,,,,,,,,,,,,,,,,,,,,,,,,,,,,,,,,,,,,,,,,,,Appliance Dealers Cooperative (APPDE),Unknown,GNE27JYMFS,GE Fridge SS,GE Fridge SS for industrial and commercial applications.,GE Fridge SS Manufactured or supplied by Appliance Dealers Cooperative (APPDE).,GE Fridge SS designed for industrial and commercial use.,Manufacturer: Appliance Dealers Cooperative (APPDE),Manufacturer Part Number: GNE27JYMFS,,,,,,,,,,,,,,,,,,
CVE28DP3ND1,CVE28DP3ND1 Cafe Fridge Bk,,,,Appliance Dealers Cooperative (APPDE),Unknown,0.0,No evidence,[],,,,,,,,,,,,,,,,,,,,,,,,,,,,,,,,,,,,,,,,,,,,,,,,,,,,,,,,,,,,,,,,,,,,,,,,,,,,,,,,,,,,,,,,,,,,,,,,,,,,,,,,,,,,,,,,,,,,,,,,,,,,,,,,,,,,,,,,,,,,,,,,,,,,,,,Appliance Dealers Cooperative (APPDE),Unknown,CVE28DP3ND1,Cafe Fridge Bk,Cafe Fridge Bk for industrial and commercial applications.,Cafe Fridge Bk Manufactured or supplied by Appliance Dealers Cooperative (APPDE).,Cafe Fridge Bk designed for industrial and commercial use.,Manufacturer: Appliance Dealers Cooperative (APPDE),Manufacturer Part Number: CVE28DP3ND1,,,,,,,,,,,,,,,,,,
GNE25JMKES,GNE25JMKES GE Fridge Slate - Display,,,,Appliance Dealers Cooperative (APPDE),Unknown,0.0,No evidence,[],,,,,,,,,,,,,,,,,,,,,,,,,,,,,,,,,,,,,,,,,,,,,,,,,,,,,,,,,,,,,,,,,,,,,,,,,,,,,,,,,,,,,,,,,,,,,,,,,,,,,,,,,,,,,,,,,,,,,,,,,,,,,,,,,,,,,,,,,,,,,,,,,,,,,,,Appliance Dealers Cooperative (APPDE),Unknown,GNE25JMKES,GE Fridge Slate - Display,GE Fridge Slate - Display for industrial and commercial applications.,GE Fridge Slate - Display Manufactured or supplied by Appliance Dealers Cooperative (APPDE).,GE Fridge Slate - Display designed for industrial and commercial use.,Manufacturer: Appliance Dealers Cooperative (APPDE),Manufacturer Part Number: GNE25JMKES,,,,,,,,,,,,,,,,,,
PRFS2883AF,"PRFS2883AF 36"" Fridge SS - Display Only",,,,Appliance Dealers Cooperative (APPDE),Unknown,0.0,No evidence,"[('Size', '36', 'in')]",Size,36,in,,,,,,,,,,,,,,,,,,,,,,,,,,,,,,,,,,,,,,,,,,,,,,,,,,,,,,,,,,,,,,,,,,,,,,,,,,,,,,,,,,,,,,,,,,,,,,,,,,,,,,,,,,,,,,,,,,,,,,,,,,,,,,,,,,,,,,,,,,,,,,,,,,,,Appliance Dealers Cooperative (APPDE),Unknown,PRFS2883AF,"36"" Fridge SS - Display Only","36"" Fridge SS - Display Only for industrial and commercial applications.","36"" Fridge SS - Display Only Manufactured or supplied by Appliance Dealers Cooperative (APPDE). Available product information includes Size: 36 in.","36"" Fridge SS - Display Only designed for industrial and commercial use. Key identified specifications include Size: 36 in.",Manufacturer: Appliance Dealers Cooperative (APPDE),Manufacturer Part Number: PRFS2883AF,Size: 36 in,,,,,,,,,,,,,,,,,
PAD28BYTFS,PAD28BYTFS GE Fridge SS,,,,Appliance Dealers Cooperative (APPDE),Unknown,0.0,No evidence,[],,,,,,,,,,,,,,,,,,,,,,,,,,,,,,,,,,,,,,,,,,,,,,,,,,,,,,,,,,,,,,,,,,,,,,,,,,,,,,,,,,,,,,,,,,,,,,,,,,,,,,,,,,,,,,,,,,,,,,,,,,,,,,,,,,,,,,,,,,,,,,,,,,,,,,,Appliance Dealers Cooperative (APPDE),Unknown,PAD28BYTFS,GE Fridge SS,GE Fridge SS for industrial and commercial applications.,GE Fridge SS Manufactured or supplied by Appliance Dealers Cooperative (APPDE).,GE Fridge SS designed for industrial and commercial use.,Manufacturer: Appliance Dealers Cooperative (APPDE),Manufacturer Part Number: PAD28BYTFS,,,,,,,,,,,,,,,,,,
PGE29BYTFS,PGE29BYTFS GE Fridge SS,,,,Appliance Dealers Cooperative (APPDE),Unknown,0.0,No evidence,[],,,,,,,,,,,,,,,,,,,,,,,,,,,,,,,,,,,,,,,,,,,,,,,,,,,,,,,,,,,,,,,,,,,,,,,,,,,,,,,,,,,,,,,,,,,,,,,,,,,,,,,,,,,,,,,,,,,,,,,,,,,,,,,,,,,,,,,,,,,,,,,,,,,,,,,Appliance Dealers Cooperative (APPDE),Unknown,PGE29BYTFS,GE Fridge SS,GE Fridge SS for industrial and commercial applications.,GE Fridge SS Manufactured or supplied by Appliance Dealers Cooperative (APPDE).,GE Fridge SS designed for industrial and commercial use.,Manufacturer: Appliance Dealers Cooperative (APPDE),Manufacturer Part Number: PGE29BYTFS,,,,,,,,,,,,,,,,,,
ERFD19CGCS,ERFD19CGCS Element Fridge SS,,,,Appliance Dealers Cooperative (APPDE),Unknown,0.0,No evidence,[],,,,,,,,,,,,,,,,,,,,,,,,,,,,,,,,,,,,,,,,,,,,,,,,,,,,,,,,,,,,,,,,,,,,,,,,,,,,,,,,,,,,,,,,,,,,,,,,,,,,,,,,,,,,,,,,,,,,,,,,,,,,,,,,,,,,,,,,,,,,,,,,,,,,,,,Appliance Dealers Cooperative (APPDE),Unknown,ERFD19CGCS,Element Fridge SS,Element Fridge SS for industrial and commercial applications.,Element Fridge SS Manufactured or supplied by Appliance Dealers Cooperative (APPDE).,Element Fridge SS designed for industrial and commercial use.,Manufacturer: Appliance Dealers Cooperative (APPDE),Manufacturer Part Number: ERFD19CGCS,,,,,,,,,,,,,,,,,,
LT18S2100W,LT18S2100W LG Fridge Wh,,,,Appliance Dealers Cooperative (APPDE),Unknown,0.0,No evidence,[],,,,,,,,,,,,,,,,,,,,,,,,,,,,,,,,,,,,,,,,,,,,,,,,,,,,,,,,,,,,,,,,,,,,,,,,,,,,,,,,,,,,,,,,,,,,,,,,,,,,,,,,,,,,,,,,,,,,,,,,,,,,,,,,,,,,,,,,,,,,,,,,,,,,,,,Appliance Dealers Cooperative (APPDE),Unknown,LT18S2100W,LG Fridge Wh,LG Fridge Wh for industrial and commercial applications.,LG Fridge Wh Manufactured or supplied by Appliance Dealers Cooperative (APPDE).,LG Fridge Wh designed for industrial and commercial use.,Manufacturer: Appliance Dealers Cooperative (APPDE),Manufacturer Part Number: LT18S2100W,,,,,,,,,,,,,,,,,,
LT18S2100SS,LT18S2100S 18CF LG Fridge SS,,,,Appliance Dealers Cooperative (APPDE),Unknown,0.0,No evidence,[],,,,,,,,,,,,,,,,,,,,,,,,,,,,,,,,,,,,,,,,,,,,,,,,,,,,,,,,,,,,,,,,,,,,,,,,,,,,,,,,,,,,,,,,,,,,,,,,,,,,,,,,,,,,,,,,,,,,,,,,,,,,,,,,,,,,,,,,,,,,,,,,,,,,,,,Appliance Dealers Cooperative (APPDE),Unknown,LT18S2100SS,LT18S2100S 18CF LG Fridge SS,LT18S2100S 18CF LG Fridge SS for industrial and commercial applications.,LT18S2100S 18CF LG Fridge SS Manufactured or supplied by Appliance Dealers Cooperative (APPDE).,LT18S2100S 18CF LG Fridge SS designed for industrial and commercial use.,Manufacturer: Appliance Dealers Cooperative (APPDE),Manufacturer Part Number: LT18S2100SS,,,,,,,,,,,,,,,,,,
EUF17CDBW,EUF17CDBW Element 17CF Freezer - Upright,,,,Appliance Dealers Cooperative (APPDE),Unknown,0.0,No evidence,[],,,,,,,,,,,,,,,,,,,,,,,,,,,,,,,,,,,,,,,,,,,,,,,,,,,,,,,,,,,,,,,,,,,,,,,,,,,,,,,,,,,,,,,,,,,,,,,,,,,,,,,,,,,,,,,,,,,,,,,,,,,,,,,,,,,,,,,,,,,,,,,,,,,,,,,Appliance Dealers Cooperative (APPDE),Unknown,EUF17CDBW,Element 17CF Freezer - Upright,Element 17CF Freezer - Upright for industrial and commercial applications.,Element 17CF Freezer - Upright Manufactured or supplied by Appliance Dealers Cooperative (APPDE).,Element 17CF Freezer - Upright designed for industrial and commercial use.,Manufacturer: Appliance Dealers Cooperative (APPDE),Manufacturer Part Number: EUF17CDBW,,,,,,,,,,,,,,,,,,
EUF21CDBW,EUF21CDBW Element 21CF Freezer - Upright,,,,Appliance Dealers Cooperative (APPDE),Unknown,0.0,No evidence,[],,,,,,,,,,,,,,,,,,,,,,,,,,,,,,,,,,,,,,,,,,,,,,,,,,,,,,,,,,,,,,,,,,,,,,,,,,,,,,,,,,,,,,,,,,,,,,,,,,,,,,,,,,,,,,,,,,,,,,,,,,,,,,,,,,,,,,,,,,,,,,,,,,,,,,,Appliance Dealers Cooperative (APPDE),Unknown,EUF21CDBW,Element 21CF Freezer - Upright,Element 21CF Freezer - Upright for industrial and commercial applications.,Element 21CF Freezer - Upright Manufactured or supplied by Appliance Dealers Cooperative (APPDE).,Element 21CF Freezer - Upright designed for industrial and commercial use.,Manufacturer: Appliance Dealers Cooperative (APPDE),Manufacturer Part Number: EUF21CDBW,,,,,,,,,,,,,,,,,,
TP-1935,TP-1935 Hole Drilling System,,,,-,Unknown,0.0,No evidence,[],,,,,,,,,,,,,,,,,,,,,,,,,,,,,,,,,,,,,,,,,,,,,,,,,,,,,,,,,,,,,,,,,,,,,,,,,,,,,,,,,,,,,,,,,,,,,,,,,,,,,,,,,,,,,,,,,,,,,,,,,,,,,,,,,,,,,,,,,,,,,,,,,,,,,,,-,Unknown,TP-1935,Hole Drilling System,Hole Drilling System for industrial and commercial applications.,Hole Drilling System Manufactured or supplied by -.,Hole Drilling System designed for industrial and commercial use.,Manufacturer: -,Manufacturer Part Number: TP-1935,,,,,,,,,,,,,,,,,,
K527APBXR,"K527APBXR Senco .131x3"" SM BB - 500CT",,,,Senco Products Inc (4650),Unknown,0.0,No evidence,"[('Dimension', '131 x 3', ''), ('Size', '3', 'in')]",Dimension,131 x 3,,Size,3,in,,,,,,,,,,,,,,,,,,,,,,,,,,,,,,,,,,,,,,,,,,,,,,,,,,,,,,,,,,,,,,,,,,,,,,,,,,,,,,,,,,,,,,,,,,,,,,,,,,,,,,,,,,,,,,,,,,,,,,,,,,,,,,,,,,,,,,,,,,,,,,,,,Senco Products Inc (4650),Unknown,K527APBXR,"Senco .131x3"" SM BB - 500CT","Senco .131x3"" SM BB - 500CT for industrial and commercial applications.","Senco .131x3"" SM BB - 500CT Manufactured or supplied by Senco Products Inc (4650). Available product information includes Dimension: 131 x 3, Size: 3 in.","Senco .131x3"" SM BB - 500CT designed for industrial and commercial use. Key identified specifications include Dimension: 131 x 3, Size: 3 in.",Manufacturer: Senco Products Inc (4650),Manufacturer Part Number: K527APBXR,Dimension: 131 x 3,Size: 3 in,,,,,,,,,,,,,,,,
603150,"603150 2-1/2"" Finish Nail 15GA - 4M",,,,National Nail Corp (7439),Unknown,0.0,No evidence,"[('Size', '2-1/2', 'in')]",Size,2-1/2,in,,,,,,,,,,,,,,,,,,,,,,,,,,,,,,,,,,,,,,,,,,,,,,,,,,,,,,,,,,,,,,,,,,,,,,,,,,,,,,,,,,,,,,,,,,,,,,,,,,,,,,,,,,,,,,,,,,,,,,,,,,,,,,,,,,,,,,,,,,,,,,,,,,,,National Nail Corp (7439),Unknown,603150,"2-1/2"" Finish Nail 15GA - 4M","2-1/2"" Finish Nail 15GA - 4M for industrial and commercial applications.","2-1/2"" Finish Nail 15GA - 4M Manufactured or supplied by National Nail Corp (7439). Available product information includes Size: 2-1/2 in.","2-1/2"" Finish Nail 15GA - 4M designed for industrial and commercial use. Key identified specifications include Size: 2-1/2 in.",Manufacturer: National Nail Corp (7439),Manufacturer Part Number: 603150,Size: 2-1/2 in,,,,,,,,,,,,,,,,,
d10cnk,"D10CNK Prebena 1/2""x3/8"" - Staple",,,,Prebena (PREBE),Unknown,0.0,No evidence,"[('Size', '1/2', 'in')]",Size,1/2,in,,,,,,,,,,,,,,,,,,,,,,,,,,,,,,,,,,,,,,,,,,,,,,,,,,,,,,,,,,,,,,,,,,,,,,,,,,,,,,,,,,,,,,,,,,,,,,,,,,,,,,,,,,,,,,,,,,,,,,,,,,,,,,,,,,,,,,,,,,,,,,,,,,,,Prebena (PREBE),Unknown,d10cnk,"Prebena 1/2""x3/8"" - Staple","Prebena 1/2""x3/8"" - Staple for industrial and commercial applications.","Prebena 1/2""x3/8"" - Staple Manufactured or supplied by Prebena (PREBE). Available product information includes Size: 1/2 in.","Prebena 1/2""x3/8"" - Staple designed for industrial and commercial use. Key identified specifications include Size: 1/2 in.",Manufacturer: Prebena (PREBE),Manufacturer Part Number: d10cnk,Size: 1/2 in,,,,,,,,,,,,,,,,,
e28cnkha,"E28CNKHA Prebena 2/4""x1 1/8"" - Staple",,,,Prebena (PREBE),Unknown,0.0,No evidence,"[('Size', '2/4', 'in')]",Size,2/4,in,,,,,,,,,,,,,,,,,,,,,,,,,,,,,,,,,,,,,,,,,,,,,,,,,,,,,,,,,,,,,,,,,,,,,,,,,,,,,,,,,,,,,,,,,,,,,,,,,,,,,,,,,,,,,,,,,,,,,,,,,,,,,,,,,,,,,,,,,,,,,,,,,,,,Prebena (PREBE),Unknown,e28cnkha,"Prebena 2/4""x1 1/8"" - Staple","Prebena 2/4""x1 1/8"" - Staple for industrial and commercial applications.","Prebena 2/4""x1 1/8"" - Staple Manufactured or supplied by Prebena (PREBE). Available product information includes Size: 2/4 in.","Prebena 2/4""x1 1/8"" - Staple designed for industrial and commercial use. Key identified specifications include Size: 2/4 in.",Manufacturer: Prebena (PREBE),Manufacturer Part Number: e28cnkha,Size: 2/4 in,,,,,,,,,,,,,,,,,
51334,"51334 44"" Wh Gilmour Fan",,,,Hunter Fan Co (4381),Unknown,0.0,No evidence,"[('Size', '44', 'in')]",Size,44,in,,,,,,,,,,,,,,,,,,,,,,,,,,,,,,,,,,,,,,,,,,,,,,,,,,,,,,,,,,,,,,,,,,,,,,,,,,,,,,,,,,,,,,,,,,,,,,,,,,,,,,,,,,,,,,,,,,,,,,,,,,,,,,,,,,,,,,,,,,,,,,,,,,,,Hunter Fan Co (4381),Unknown,51334,"44"" Wh Gilmour Fan","44"" Wh Gilmour Fan for industrial and commercial applications.","44"" Wh Gilmour Fan Manufactured or supplied by Hunter Fan Co (4381). Available product information includes Size: 44 in.","44"" Wh Gilmour Fan designed for industrial and commercial use. Key identified specifications include Size: 44 in.",Manufacturer: Hunter Fan Co (4381),Manufacturer Part Number: 51334,Size: 44 in,,,,,,,,,,,,,,,,,
59210,"59210 52"" BZ Sent Hunter Fan",,,Hunter,Hunter Fan Co (4381),Hunter,0.9,Structured source + description,"[('Size', '52', 'in')]",Size,52,in,,,,,,,,,,,,,,,,,,,,,,,,,,,,,,,,,,,,,,,,,,,,,,,,,,,,,,,,,,,,,,,,,,,,,,,,,,,,,,,,,,,,,,,,,,,,,,,,,,,,,,,,,,,,,,,,,,,,,,,,,,,,,,,,,,,,,,,,,,,,,,,,,,,,Hunter Fan Co (4381),Hunter,59210,"52"" BZ Sent Hunter Fan","52"" BZ Sent Hunter Fan for industrial and commercial applications.","52"" BZ Sent Hunter Fan Manufactured or supplied by Hunter Fan Co (4381). Available product information includes Size: 52 in.","52"" BZ Sent Hunter Fan designed for industrial and commercial use. Key identified specifications include Size: 52 in.",Brand: Hunter,Manufacturer: Hunter Fan Co (4381),Manufacturer Part Number: 59210,Size: 52 in,,,,,,,,,,,,,,,,
52485,"52485 52"" MB Anisten Fan",,,,Hunter Fan Co (4381),Unknown,0.0,No evidence,"[('Size', '52', 'in')]",Size,52,in,,,,,,,,,,,,,,,,,,,,,,,,,,,,,,,,,,,,,,,,,,,,,,,,,,,,,,,,,,,,,,,,,,,,,,,,,,,,,,,,,,,,,,,,,,,,,,,,,,,,,,,,,,,,,,,,,,,,,,,,,,,,,,,,,,,,,,,,,,,,,,,,,,,,Hunter Fan Co (4381),Unknown,52485,"52"" MB Anisten Fan","52"" MB Anisten Fan for industrial and commercial applications.","52"" MB Anisten Fan Manufactured or supplied by Hunter Fan Co (4381). Available product information includes Size: 52 in.","52"" MB Anisten Fan designed for industrial and commercial use. Key identified specifications include Size: 52 in.",Manufacturer: Hunter Fan Co (4381),Manufacturer Part Number: 52485,Size: 52 in,,,,,,,,,,,,,,,,,
52486,"52486 44"" MB Anisten Fan",,,,Hunter Fan Co (4381),Unknown,0.0,No evidence,"[('Size', '44', 'in')]",Size,44,in,,,,,,,,,,,,,,,,,,,,,,,,,,,,,,,,,,,,,,,,,,,,,,,,,,,,,,,,,,,,,,,,,,,,,,,,,,,,,,,,,,,,,,,,,,,,,,,,,,,,,,,,,,,,,,,,,,,,,,,,,,,,,,,,,,,,,,,,,,,,,,,,,,,,Hunter Fan Co (4381),Unknown,52486,"44"" MB Anisten Fan","44"" MB Anisten Fan for industrial and commercial applications.","44"" MB Anisten Fan Manufactured or supplied by Hunter Fan Co (4381). Available product information includes Size: 44 in.","44"" MB Anisten Fan designed for industrial and commercial use. Key identified specifications include Size: 44 in.",Manufacturer: Hunter Fan Co (4381),Manufacturer Part Number: 52486,Size: 44 in,,,,,,,,,,,,,,,,,
52487,"52487 52"" WH Anisten Fan",,,,Hunter Fan Co (4381),Unknown,0.0,No evidence,"[('Size', '52', 'in')]",Size,52,in,,,,,,,,,,,,,,,,,,,,,,,,,,,,,,,,,,,,,,,,,,,,,,,,,,,,,,,,,,,,,,,,,,,,,,,,,,,,,,,,,,,,,,,,,,,,,,,,,,,,,,,,,,,,,,,,,,,,,,,,,,,,,,,,,,,,,,,,,,,,,,,,,,,,Hunter Fan Co (4381),Unknown,52487,"52"" WH Anisten Fan","52"" WH Anisten Fan for industrial and commercial applications.","52"" WH Anisten Fan Manufactured or supplied by Hunter Fan Co (4381). Available product information includes Size: 52 in.","52"" WH Anisten Fan designed for industrial and commercial use. Key identified specifications include Size: 52 in.",Manufacturer: Hunter Fan Co (4381),Manufacturer Part Number: 52487,Size: 52 in,,,,,,,,,,,,,,,,,
52488,"52488 44"" WH Anisten Fan",,,,Hunter Fan Co (4381),Unknown,0.0,No evidence,"[('Size', '44', 'in')]",Size,44,in,,,,,,,,,,,,,,,,,,,,,,,,,,,,,,,,,,,,,,,,,,,,,,,,,,,,,,,,,,,,,,,,,,,,,,,,,,,,,,,,,,,,,,,,,,,,,,,,,,,,,,,,,,,,,,,,,,,,,,,,,,,,,,,,,,,,,,,,,,,,,,,,,,,,Hunter Fan Co (4381),Unknown,52488,"44"" WH Anisten Fan","44"" WH Anisten Fan for industrial and commercial applications.","44"" WH Anisten Fan Manufactured or supplied by Hunter Fan Co (4381). Available product information includes Size: 44 in.","44"" WH Anisten Fan designed for industrial and commercial use. Key identified specifications include Size: 44 in.",Manufacturer: Hunter Fan Co (4381),Manufacturer Part Number: 52488,Size: 44 in,,,,,,,,,,,,,,,,,
52655,"52655 52"" MB Xidane Hunter Fan",,,,Hunter Fan Co (4381),Hunter,0.6,Product description,"[('Size', '52', 'in')]",Size,52,in,,,,,,,,,,,,,,,,,,,,,,,,,,,,,,,,,,,,,,,,,,,,,,,,,,,,,,,,,,,,,,,,,,,,,,,,,,,,,,,,,,,,,,,,,,,,,,,,,,,,,,,,,,,,,,,,,,,,,,,,,,,,,,,,,,,,,,,,,,,,,,,,,,,,Hunter Fan Co (4381),Hunter,52655,"52"" MB Xidane Hunter Fan","52"" MB Xidane Hunter Fan for industrial and commercial applications.","52"" MB Xidane Hunter Fan Manufactured or supplied by Hunter Fan Co (4381). Available product information includes Size: 52 in.","52"" MB Xidane Hunter Fan designed for industrial and commercial use. Key identified specifications include Size: 52 in.",Brand: Hunter,Manufacturer: Hunter Fan Co (4381),Manufacturer Part Number: 52655,Size: 52 in,,,,,,,,,,,,,,,,
59261,"59261 52"" PB Cassius Fan",,,,Hunter Fan Co (4381),Unknown,0.0,No evidence,"[('Size', '52', 'in')]",Size,52,in,,,,,,,,,,,,,,,,,,,,,,,,,,,,,,,,,,,,,,,,,,,,,,,,,,,,,,,,,,,,,,,,,,,,,,,,,,,,,,,,,,,,,,,,,,,,,,,,,,,,,,,,,,,,,,,,,,,,,,,,,,,,,,,,,,,,,,,,,,,,,,,,,,,,Hunter Fan Co (4381),Unknown,59261,"52"" PB Cassius Fan","52"" PB Cassius Fan for industrial and commercial applications.","52"" PB Cassius Fan Manufactured or supplied by Hunter Fan Co (4381). Available product information includes Size: 52 in.","52"" PB Cassius Fan designed for industrial and commercial use. Key identified specifications include Size: 52 in.",Manufacturer: Hunter Fan Co (4381),Manufacturer Part Number: 59261,Size: 52 in,,,,,,,,,,,,,,,,,
51731,"51731 52"" MB Jetty Hunter Fan",,,,Hunter Fan Co (4381),Hunter,0.6,Product description,"[('Size', '52', 'in')]",Size,52,in,,,,,,,,,,,,,,,,,,,,,,,,,,,,,,,,,,,,,,,,,,,,,,,,,,,,,,,,,,,,,,,,,,,,,,,,,,,,,,,,,,,,,,,,,,,,,,,,,,,,,,,,,,,,,,,,,,,,,,,,,,,,,,,,,,,,,,,,,,,,,,,,,,,,Hunter Fan Co (4381),Hunter,51731,"52"" MB Jetty Hunter Fan","52"" MB Jetty Hunter Fan for industrial and commercial applications.","52"" MB Jetty Hunter Fan Manufactured or supplied by Hunter Fan Co (4381). Available product information includes Size: 52 in.","52"" MB Jetty Hunter Fan designed for industrial and commercial use. Key identified specifications include Size: 52 in.",Brand: Hunter,Manufacturer: Hunter Fan Co (4381),Manufacturer Part Number: 51731,Size: 52 in,,,,,,,,,,,,,,,,
XLC10ZW,XLC10ZW Makita 18V Cordless Vacuum (Bare),,,,Makita Usa Inc (5142),Unknown,0.0,No evidence,"[('Voltage', '18', 'V')]",Voltage,18,V,,,,,,,,,,,,,,,,,,,,,,,,,,,,,,,,,,,,,,,,,,,,,,,,,,,,,,,,,,,,,,,,,,,,,,,,,,,,,,,,,,,,,,,,,,,,,,,,,,,,,,,,,,,,,,,,,,,,,,,,,,,,,,,,,,,,,,,,,,,,,,,,,,,,Makita Usa Inc (5142),Unknown,XLC10ZW,Makita 18V Cordless Vacuum (Bare),Makita 18V Cordless Vacuum (Bare) for industrial and commercial applications.,Makita 18V Cordless Vacuum (Bare) Manufactured or supplied by Makita Usa Inc (5142). Available product information includes Voltage: 18 V.,Makita 18V Cordless Vacuum (Bare) designed for industrial and commercial use. Key identified specifications include Voltage: 18 V.,Manufacturer: Makita Usa Inc (5142),Manufacturer Part Number: XLC10ZW,Voltage: 18 V,,,,,,,,,,,,,,,,,
HS-DA,HS-DA Motion Driveway Alert,,,,Sabre (9195),Unknown,0.0,No evidence,[],,,,,,,,,,,,,,,,,,,,,,,,,,,,,,,,,,,,,,,,,,,,,,,,,,,,,,,,,,,,,,,,,,,,,,,,,,,,,,,,,,,,,,,,,,,,,,,,,,,,,,,,,,,,,,,,,,,,,,,,,,,,,,,,,,,,,,,,,,,,,,,,,,,,,,,Sabre (9195),Unknown,HS-DA,Motion Driveway Alert,Motion Driveway Alert for industrial and commercial applications.,Motion Driveway Alert Manufactured or supplied by Sabre (9195).,Motion Driveway Alert designed for industrial and commercial use.,Manufacturer: Sabre (9195),Manufacturer Part Number: HS-DA,,,,,,,,,,,,,,,,,,
73002252,Black Gate Gravity Latch RDI,,,,-,Unknown,0.0,No evidence,[],,,,,,,,,,,,,,,,,,,,,,,,,,,,,,,,,,,,,,,,,,,,,,,,,,,,,,,,,,,,,,,,,,,,,,,,,,,,,,,,,,,,,,,,,,,,,,,,,,,,,,,,,,,,,,,,,,,,,,,,,,,,,,,,,,,,,,,,,,,,,,,,,,,,,,,-,Unknown,73002252,Black Gate Gravity Latch RDI,Black Gate Gravity Latch RDI for industrial and commercial applications.,Black Gate Gravity Latch RDI Manufactured or supplied by -.,Black Gate Gravity Latch RDI designed for industrial and commercial use.,Manufacturer: -,Manufacturer Part Number: 73002252,,,,,,,,,,,,,,,,,,
48-22-8396R,48-22-8396R Milw 24oz Bottle - Insulated,,,,Milwaukee Accessory (4031),Unknown,0.0,No evidence,[],,,,,,,,,,,,,,,,,,,,,,,,,,,,,,,,,,,,,,,,,,,,,,,,,,,,,,,,,,,,,,,,,,,,,,,,,,,,,,,,,,,,,,,,,,,,,,,,,,,,,,,,,,,,,,,,,,,,,,,,,,,,,,,,,,,,,,,,,,,,,,,,,,,,,,,Milwaukee Accessory (4031),Unknown,48-22-8396R,Milw 24oz Bottle - Insulated,Milw 24oz Bottle - Insulated for industrial and commercial applications.,Milw 24oz Bottle - Insulated Manufactured or supplied by Milwaukee Accessory (4031).,Milw 24oz Bottle - Insulated designed for industrial and commercial use.,Manufacturer: Milwaukee Accessory (4031),Manufacturer Part Number: 48-22-8396R,,,,,,,,,,,,,,,,,,
48-22-8397R,48-22-8397R Milw 36oz Bottle - Insulated,,,,Milwaukee Accessory (4031),Unknown,0.0,No evidence,[],,,,,,,,,,,,,,,,,,,,,,,,,,,,,,,,,,,,,,,,,,,,,,,,,,,,,,,,,,,,,,,,,,,,,,,,,,,,,,,,,,,,,,,,,,,,,,,,,,,,,,,,,,,,,,,,,,,,,,,,,,,,,,,,,,,,,,,,,,,,,,,,,,,,,,,Milwaukee Accessory (4031),Unknown,48-22-8397R,Milw 36oz Bottle - Insulated,Milw 36oz Bottle - Insulated for industrial and commercial applications.,Milw 36oz Bottle - Insulated Manufactured or supplied by Milwaukee Accessory (4031).,Milw 36oz Bottle - Insulated designed for industrial and commercial use.,Manufacturer: Milwaukee Accessory (4031),Manufacturer Part Number: 48-22-8397R,,,,,,,,,,,,,,,,,,
DCGG581B,DCGG581B Dewalt 20V Grease Gun 2-Speed,,,,Black & Decker/dewlt (2585),DEWALT,0.6,Product description,"[('Voltage', '20', 'V')]",Voltage,20,V,,,,,,,,,,,,,,,,,,,,,,,,,,,,,,,,,,,,,,,,,,,,,,,,,,,,,,,,,,,,,,,,,,,,,,,,,,,,,,,,,,,,,,,,,,,,,,,,,,,,,,,,,,,,,,,,,,,,,,,,,,,,,,,,,,,,,,,,,,,,,,,,,,,,Black & Decker/dewlt (2585),DEWALT,DCGG581B,Dewalt 20V Grease Gun 2-Speed,Dewalt 20V Grease Gun 2-Speed for industrial and commercial applications.,Dewalt 20V Grease Gun 2-Speed Manufactured or supplied by Black & Decker/dewlt (2585). Available product information includes Voltage: 20 V.,Dewalt 20V Grease Gun 2-Speed designed for industrial and commercial use. Key identified specifications include Voltage: 20 V.,Brand: DEWALT,Manufacturer: Black & Decker/dewlt (2585),Manufacturer Part Number: DCGG581B,Voltage: 20 V,,,,,,,,,,,,,,,,
DCGG581GD1,DCGG581GD1 Dewalt 20V Grease Gun 2-Speed Kit,,,,Black & Decker/dewlt (2585),DEWALT,0.6,Product description,"[('Voltage', '20', 'V')]",Voltage,20,V,,,,,,,,,,,,,,,,,,,,,,,,,,,,,,,,,,,,,,,,,,,,,,,,,,,,,,,,,,,,,,,,,,,,,,,,,,,,,,,,,,,,,,,,,,,,,,,,,,,,,,,,,,,,,,,,,,,,,,,,,,,,,,,,,,,,,,,,,,,,,,,,,,,,Black & Decker/dewlt (2585),DEWALT,DCGG581GD1,Dewalt 20V Grease Gun 2-Speed Kit,Dewalt 20V Grease Gun 2-Speed Kit for industrial and commercial applications.,Dewalt 20V Grease Gun 2-Speed Kit Manufactured or supplied by Black & Decker/dewlt (2585). Available product information includes Voltage: 20 V.,Dewalt 20V Grease Gun 2-Speed Kit designed for industrial and commercial use. Key identified specifications include Voltage: 20 V.,Brand: DEWALT,Manufacturer: Black & Decker/dewlt (2585),Manufacturer Part Number: DCGG581GD1,Voltage: 20 V,,,,,,,,,,,,,,,,
DWST41092,"DWST41092 Dewalt Tool Chest 41"" Bottom",,,,Black & Decker/dewlt (2585),DEWALT,0.6,Product description,"[('Size', '41', 'in')]",Size,41,in,,,,,,,,,,,,,,,,,,,,,,,,,,,,,,,,,,,,,,,,,,,,,,,,,,,,,,,,,,,,,,,,,,,,,,,,,,,,,,,,,,,,,,,,,,,,,,,,,,,,,,,,,,,,,,,,,,,,,,,,,,,,,,,,,,,,,,,,,,,,,,,,,,,,Black & Decker/dewlt (2585),DEWALT,DWST41092,"Dewalt Tool Chest 41"" Bottom","Dewalt Tool Chest 41"" Bottom for industrial and commercial applications.","Dewalt Tool Chest 41"" Bottom Manufactured or supplied by Black & Decker/dewlt (2585). Available product information includes Size: 41 in.","Dewalt Tool Chest 41"" Bottom designed for industrial and commercial use. Key identified specifications include Size: 41 in.",Brand: DEWALT,Manufacturer: Black & Decker/dewlt (2585),Manufacturer Part Number: DWST41092,Size: 41 in,,,,,,,,,,,,,,,,
156436WHT,156436 Wh 4x4x120 Post Wrap,DSI Westbury,,,Palmer Donavin Mfg Company (PALDO),DSI Westbury,0.7,Structured source,[],,,,,,,,,,,,,,,,,,,,,,,,,,,,,,,,,,,,,,,,,,,,,,,,,,,,,,,,,,,,,,,,,,,,,,,,,,,,,,,,,,,,,,,,,,,,,,,,,,,,,,,,,,,,,,,,,,,,,,,,,,,,,,,,,,,,,,,,,,,,,,,,,,,,,,,Palmer Donavin Mfg Company (PALDO),DSI Westbury,156436WHT,DSI Westbury 156436 Wh 4x4x120 Post Wrap,DSI Westbury 156436 Wh 4x4x120 Post Wrap for industrial and commercial applications.,DSI Westbury 156436 Wh 4x4x120 Post Wrap Manufactured or supplied by Palmer Donavin Mfg Company (PALDO).,DSI Westbury 156436 Wh 4x4x120 Post Wrap designed for industrial and commercial use.,Brand: DSI Westbury,Manufacturer: Palmer Donavin Mfg Company (PALDO),Manufacturer Part Number: 156436WHT,,,,,,,,,,,,,,,,,
173950TBK,"4""x8'-6"" DSI SQ Black Alum Post Wrap",,,,Palmer Donavin Mfg Company (PALDO),Unknown,0.0,No evidence,"[('Size', '4', 'in')]",Size,4,in,,,,,,,,,,,,,,,,,,,,,,,,,,,,,,,,,,,,,,,,,,,,,,,,,,,,,,,,,,,,,,,,,,,,,,,,,,,,,,,,,,,,,,,,,,,,,,,,,,,,,,,,,,,,,,,,,,,,,,,,,,,,,,,,,,,,,,,,,,,,,,,,,,,,Palmer Donavin Mfg Company (PALDO),Unknown,173950TBK,"4""x8'-6"" DSI SQ Black Alum Post Wrap","4""x8'-6"" DSI SQ Black Alum Post Wrap for industrial and commercial applications.","4""x8'-6"" DSI SQ Black Alum Post Wrap Manufactured or supplied by Palmer Donavin Mfg Company (PALDO). Available product information includes Size: 4 in.","4""x8'-6"" DSI SQ Black Alum Post Wrap designed for industrial and commercial use. Key identified specifications include Size: 4 in.",Manufacturer: Palmer Donavin Mfg Company (PALDO),Manufacturer Part Number: 173950TBK,Size: 4 in,,,,,,,,,,,,,,,,,
173951TBK,"6""x8'-6"" DSI SQ Black Alum Post Wrap",,,,Palmer Donavin Mfg Company (PALDO),Unknown,0.0,No evidence,"[('Size', '6', 'in')]",Size,6,in,,,,,,,,,,,,,,,,,,,,,,,,,,,,,,,,,,,,,,,,,,,,,,,,,,,,,,,,,,,,,,,,,,,,,,,,,,,,,,,,,,,,,,,,,,,,,,,,,,,,,,,,,,,,,,,,,,,,,,,,,,,,,,,,,,,,,,,,,,,,,,,,,,,,Palmer Donavin Mfg Company (PALDO),Unknown,173951TBK,"6""x8'-6"" DSI SQ Black Alum Post Wrap","6""x8'-6"" DSI SQ Black Alum Post Wrap for industrial and commercial applications.","6""x8'-6"" DSI SQ Black Alum Post Wrap Manufactured or supplied by Palmer Donavin Mfg Company (PALDO). Available product information includes Size: 6 in.","6""x8'-6"" DSI SQ Black Alum Post Wrap designed for industrial and commercial use. Key identified specifications include Size: 6 in.",Manufacturer: Palmer Donavin Mfg Company (PALDO),Manufacturer Part Number: 173951TBK,Size: 6 in,,,,,,,,,,,,,,,,,
173952TBK,"6""x10' DSI SQ Black Alum Post Wrap",,,,Palmer Donavin Mfg Company (PALDO),Unknown,0.0,No evidence,"[('Size', '6', 'in')]",Size,6,in,,,,,,,,,,,,,,,,,,,,,,,,,,,,,,,,,,,,,,,,,,,,,,,,,,,,,,,,,,,,,,,,,,,,,,,,,,,,,,,,,,,,,,,,,,,,,,,,,,,,,,,,,,,,,,,,,,,,,,,,,,,,,,,,,,,,,,,,,,,,,,,,,,,,Palmer Donavin Mfg Company (PALDO),Unknown,173952TBK,"6""x10' DSI SQ Black Alum Post Wrap","6""x10' DSI SQ Black Alum Post Wrap for industrial and commercial applications.","6""x10' DSI SQ Black Alum Post Wrap Manufactured or supplied by Palmer Donavin Mfg Company (PALDO). Available product information includes Size: 6 in.","6""x10' DSI SQ Black Alum Post Wrap designed for industrial and commercial use. Key identified specifications include Size: 6 in.",Manufacturer: Palmer Donavin Mfg Company (PALDO),Manufacturer Part Number: 173952TBK,Size: 6 in,,,,,,,,,,,,,,,,,
1624157,TW52 WH INSIDE CAS VIN WRAPPED,ANDERSEN,,,-,ANDERSEN,0.7,Structured source,[],,,,,,,,,,,,,,,,,,,,,,,,,,,,,,,,,,,,,,,,,,,,,,,,,,,,,,,,,,,,,,,,,,,,,,,,,,,,,,,,,,,,,,,,,,,,,,,,,,,,,,,,,,,,,,,,,,,,,,,,,,,,,,,,,,,,,,,,,,,,,,,,,,,,,,,-,ANDERSEN,1624157,ANDERSEN TW52 WH INSIDE CAS VIN WRAPPED,ANDERSEN TW52 WH INSIDE CAS VIN WRAPPED for industrial and commercial applications.,ANDERSEN TW52 WH INSIDE CAS VIN WRAPPED Manufactured or supplied by -.,ANDERSEN TW52 WH INSIDE CAS VIN WRAPPED designed for industrial and commercial use.,Brand: ANDERSEN,Manufacturer: -,Manufacturer Part Number: 1624157,,,,,,,,,,,,,,,,,
40025,40025 TS-54 Wal-Board T-Square 009-008,,,,Marshalltown Trowel (5155),Unknown,0.0,No evidence,[],,,,,,,,,,,,,,,,,,,,,,,,,,,,,,,,,,,,,,,,,,,,,,,,,,,,,,,,,,,,,,,,,,,,,,,,,,,,,,,,,,,,,,,,,,,,,,,,,,,,,,,,,,,,,,,,,,,,,,,,,,,,,,,,,,,,,,,,,,,,,,,,,,,,,,,Marshalltown Trowel (5155),Unknown,40025,TS-54 Wal-Board T-Square 009-008,TS-54 Wal-Board T-Square 009-008 for industrial and commercial applications.,TS-54 Wal-Board T-Square 009-008 Manufactured or supplied by Marshalltown Trowel (5155).,TS-54 Wal-Board T-Square 009-008 designed for industrial and commercial use.,Manufacturer: Marshalltown Trowel (5155),Manufacturer Part Number: 40025,,,,,,,,,,,,,,,,,,
48-22-3301,48-22-3301 Milw Mechanical Pencil w/ Lead Pack,,,,Milwaukee Accessory (4031),Unknown,0.0,No evidence,[],,,,,,,,,,,,,,,,,,,,,,,,,,,,,,,,,,,,,,,,,,,,,,,,,,,,,,,,,,,,,,,,,,,,,,,,,,,,,,,,,,,,,,,,,,,,,,,,,,,,,,,,,,,,,,,,,,,,,,,,,,,,,,,,,,,,,,,,,,,,,,,,,,,,,,,Milwaukee Accessory (4031),Unknown,48-22-3301,Milw Mechanical Pencil w/ Lead Pack,Milw Mechanical Pencil w/ Lead Pack for industrial and commercial applications.,Milw Mechanical Pencil w/ Lead Pack Manufactured or supplied by Milwaukee Accessory (4031).,Milw Mechanical Pencil w/ Lead Pack designed for industrial and commercial use.,Manufacturer: Milwaukee Accessory (4031),Manufacturer Part Number: 48-22-3301,,,,,,,,,,,,,,,,,,
48-22-3302,48-22-3302 Milw Mechanical Pencil Replacement Lead,,,,Milwaukee Accessory (4031),Unknown,0.0,No evidence,[],,,,,,,,,,,,,,,,,,,,,,,,,,,,,,,,,,,,,,,,,,,,,,,,,,,,,,,,,,,,,,,,,,,,,,,,,,,,,,,,,,,,,,,,,,,,,,,,,,,,,,,,,,,,,,,,,,,,,,,,,,,,,,,,,,,,,,,,,,,,,,,,,,,,,,,Milwaukee Accessory (4031),Unknown,48-22-3302,Milw Mechanical Pencil Replacement Lead,Milw Mechanical Pencil Replacement Lead for industrial and commercial applications.,Milw Mechanical Pencil Replacement Lead Manufactured or supplied by Milwaukee Accessory (4031).,Milw Mechanical Pencil Replacement Lead designed for industrial and commercial use.,Manufacturer: Milwaukee Accessory (4031),Manufacturer Part Number: 48-22-3302,,,,,,,,,,,,,,,,,,
48-22-3303,48-22-3303 Milw Mechanical Pencil Replacement Lead-Color,,,,Milwaukee Accessory (4031),Unknown,0.0,No evidence,[],,,,,,,,,,,,,,,,,,,,,,,,,,,,,,,,,,,,,,,,,,,,,,,,,,,,,,,,,,,,,,,,,,,,,,,,,,,,,,,,,,,,,,,,,,,,,,,,,,,,,,,,,,,,,,,,,,,,,,,,,,,,,,,,,,,,,,,,,,,,,,,,,,,,,,,Milwaukee Accessory (4031),Unknown,48-22-3303,Milw Mechanical Pencil Replacement Lead-Color,Milw Mechanical Pencil Replacement Lead-Color for industrial and commercial applications.,Milw Mechanical Pencil Replacement Lead-Color Manufactured or supplied by Milwaukee Accessory (4031).,Milw Mechanical Pencil Replacement Lead-Color designed for industrial and commercial use.,Manufacturer: Milwaukee Accessory (4031),Manufacturer Part Number: 48-22-3303,,,,,,,,,,,,,,,,,,
TSDKAP218-G2,TSDKAP218-G2 Edge Safety - Khor Black Frame Polarized,,,,Edge Eyewear Inc (EDGSA),Unknown,0.0,No evidence,[],,,,,,,,,,,,,,,,,,,,,,,,,,,,,,,,,,,,,,,,,,,,,,,,,,,,,,,,,,,,,,,,,,,,,,,,,,,,,,,,,,,,,,,,,,,,,,,,,,,,,,,,,,,,,,,,,,,,,,,,,,,,,,,,,,,,,,,,,,,,,,,,,,,,,,,Edge Eyewear Inc (EDGSA),Unknown,TSDKAP218-G2,Edge Safety - Khor Black Frame Polarized,Edge Safety - Khor Black Frame Polarized for industrial and commercial applications.,Edge Safety - Khor Black Frame Polarized Manufactured or supplied by Edge Eyewear Inc (EDGSA).,Edge Safety - Khor Black Frame Polarized designed for industrial and commercial use.,Manufacturer: Edge Eyewear Inc (EDGSA),Manufacturer Part Number: TSDKAP218-G2,,,,,,,,,,,,,,,,,,
XPAP418,XPAP418 Edge Safety Glasses - Pumori Black Frame,,,,Edge Eyewear Inc (EDGSA),Unknown,0.0,No evidence,[],,,,,,,,,,,,,,,,,,,,,,,,,,,,,,,,,,,,,,,,,,,,,,,,,,,,,,,,,,,,,,,,,,,,,,,,,,,,,,,,,,,,,,,,,,,,,,,,,,,,,,,,,,,,,,,,,,,,,,,,,,,,,,,,,,,,,,,,,,,,,,,,,,,,,,,Edge Eyewear Inc (EDGSA),Unknown,XPAP418,Edge Safety Glasses - Pumori Black Frame,Edge Safety Glasses - Pumori Black Frame for industrial and commercial applications.,Edge Safety Glasses - Pumori Black Frame Manufactured or supplied by Edge Eyewear Inc (EDGSA).,Edge Safety Glasses - Pumori Black Frame designed for industrial and commercial use.,Manufacturer: Edge Eyewear Inc (EDGSA),Manufacturer Part Number: XPAP418,,,,,,,,,,,,,,,,,,
XDAP419,XDAP419 Edge Safety Glasses - Dawson Black Frame Red Lenses,,,,Edge Eyewear Inc (EDGSA),Unknown,0.0,No evidence,[],,,,,,,,,,,,,,,,,,,,,,,,,,,,,,,,,,,,,,,,,,,,,,,,,,,,,,,,,,,,,,,,,,,,,,,,,,,,,,,,,,,,,,,,,,,,,,,,,,,,,,,,,,,,,,,,,,,,,,,,,,,,,,,,,,,,,,,,,,,,,,,,,,,,,,,Edge Eyewear Inc (EDGSA),Unknown,XDAP419,Edge Safety Glasses - Dawson Black Frame Red Lenses,Edge Safety Glasses - Dawson Black Frame Red Lenses for industrial and commercial applications.,Edge Safety Glasses - Dawson Black Frame Red Lenses Manufactured or supplied by Edge Eyewear Inc (EDGSA).,Edge Safety Glasses - Dawson Black Frame Red Lenses designed for industrial and commercial use.,Manufacturer: Edge Eyewear Inc (EDGSA),Manufacturer Part Number: XDAP419,,,,,,,,,,,,,,,,,,
XB11PCVS,XB11PCVS Edge Safety Glasses - Photochromic Lense,,,,Edge Eyewear Inc (EDGSA),Unknown,0.0,No evidence,[],,,,,,,,,,,,,,,,,,,,,,,,,,,,,,,,,,,,,,,,,,,,,,,,,,,,,,,,,,,,,,,,,,,,,,,,,,,,,,,,,,,,,,,,,,,,,,,,,,,,,,,,,,,,,,,,,,,,,,,,,,,,,,,,,,,,,,,,,,,,,,,,,,,,,,,Edge Eyewear Inc (EDGSA),Unknown,XB11PCVS,Edge Safety Glasses - Photochromic Lense,Edge Safety Glasses - Photochromic Lense for industrial and commercial applications.,Edge Safety Glasses - Photochromic Lense Manufactured or supplied by Edge Eyewear Inc (EDGSA).,Edge Safety Glasses - Photochromic Lense designed for industrial and commercial use.,Manufacturer: Edge Eyewear Inc (EDGSA),Manufacturer Part Number: XB11PCVS,,,,,,,,,,,,,,,,,,
KB121VS,KB121VS Edge Safety Glasses - Kabru Black Frame,,,,Edge Eyewear Inc (EDGSA),Unknown,0.0,No evidence,[],,,,,,,,,,,,,,,,,,,,,,,,,,,,,,,,,,,,,,,,,,,,,,,,,,,,,,,,,,,,,,,,,,,,,,,,,,,,,,,,,,,,,,,,,,,,,,,,,,,,,,,,,,,,,,,,,,,,,,,,,,,,,,,,,,,,,,,,,,,,,,,,,,,,,,,Edge Eyewear Inc (EDGSA),Unknown,KB121VS,Edge Safety Glasses - Kabru Black Frame,Edge Safety Glasses - Kabru Black Frame for industrial and commercial applications.,Edge Safety Glasses - Kabru Black Frame Manufactured or supplied by Edge Eyewear Inc (EDGSA).,Edge Safety Glasses - Kabru Black Frame designed for industrial and commercial use.,Manufacturer: Edge Eyewear Inc (EDGSA),Manufacturer Part Number: KB121VS,,,,,,,,,,,,,,,,,,
KB126VS,KB126VS Edge Safety Glasses - Kabru Black Frame,,,,Edge Eyewear Inc (EDGSA),Unknown,0.0,No evidence,[],,,,,,,,,,,,,,,,,,,,,,,,,,,,,,,,,,,,,,,,,,,,,,,,,,,,,,,,,,,,,,,,,,,,,,,,,,,,,,,,,,,,,,,,,,,,,,,,,,,,,,,,,,,,,,,,,,,,,,,,,,,,,,,,,,,,,,,,,,,,,,,,,,,,,,,Edge Eyewear Inc (EDGSA),Unknown,KB126VS,Edge Safety Glasses - Kabru Black Frame,Edge Safety Glasses - Kabru Black Frame for industrial and commercial applications.,Edge Safety Glasses - Kabru Black Frame Manufactured or supplied by Edge Eyewear Inc (EDGSA).,Edge Safety Glasses - Kabru Black Frame designed for industrial and commercial use.,Manufacturer: Edge Eyewear Inc (EDGSA),Manufacturer Part Number: KB126VS,,,,,,,,,,,,,,,,,,
TC121VS,TC121VS Edge Safety Glasses - Tacana Black Frame,,,,Edge Eyewear Inc (EDGSA),Unknown,0.0,No evidence,[],,,,,,,,,,,,,,,,,,,,,,,,,,,,,,,,,,,,,,,,,,,,,,,,,,,,,,,,,,,,,,,,,,,,,,,,,,,,,,,,,,,,,,,,,,,,,,,,,,,,,,,,,,,,,,,,,,,,,,,,,,,,,,,,,,,,,,,,,,,,,,,,,,,,,,,Edge Eyewear Inc (EDGSA),Unknown,TC121VS,Edge Safety Glasses - Tacana Black Frame,Edge Safety Glasses - Tacana Black Frame for industrial and commercial applications.,Edge Safety Glasses - Tacana Black Frame Manufactured or supplied by Edge Eyewear Inc (EDGSA).,Edge Safety Glasses - Tacana Black Frame designed for industrial and commercial use.,Manufacturer: Edge Eyewear Inc (EDGSA),Manufacturer Part Number: TC121VS,,,,,,,,,,,,,,,,,,
TC126VS,TC126VS Edge Safety Glasses - Tacana Black Frame,,,,Edge Eyewear Inc (EDGSA),Unknown,0.0,No evidence,[],,,,,,,,,,,,,,,,,,,,,,,,,,,,,,,,,,,,,,,,,,,,,,,,,,,,,,,,,,,,,,,,,,,,,,,,,,,,,,,,,,,,,,,,,,,,,,,,,,,,,,,,,,,,,,,,,,,,,,,,,,,,,,,,,,,,,,,,,,,,,,,,,,,,,,,Edge Eyewear Inc (EDGSA),Unknown,TC126VS,Edge Safety Glasses - Tacana Black Frame,Edge Safety Glasses - Tacana Black Frame for industrial and commercial applications.,Edge Safety Glasses - Tacana Black Frame Manufactured or supplied by Edge Eyewear Inc (EDGSA).,Edge Safety Glasses - Tacana Black Frame designed for industrial and commercial use.,Manufacturer: Edge Eyewear Inc (EDGSA),Manufacturer Part Number: TC126VS,,,,,,,,,,,,,,,,,,
MK113MPAP,MK113MPAP Edge Safety Glasses - Makalu Black Frame Polarized,,,,Edge Eyewear Inc (EDGSA),3M,0.6,Product description,[],,,,,,,,,,,,,,,,,,,,,,,,,,,,,,,,,,,,,,,,,,,,,,,,,,,,,,,,,,,,,,,,,,,,,,,,,,,,,,,,,,,,,,,,,,,,,,,,,,,,,,,,,,,,,,,,,,,,,,,,,,,,,,,,,,,,,,,,,,,,,,,,,,,,,,,Edge Eyewear Inc (EDGSA),3M,MK113MPAP,3M Edge Safety Glasses - Makalu Black Frame Polarized,3M Edge Safety Glasses - Makalu Black Frame Polarized for industrial and commercial applications.,3M Edge Safety Glasses - Makalu Black Frame Polarized Manufactured or supplied by Edge Eyewear Inc (EDGSA).,3M Edge Safety Glasses - Makalu Black Frame Polarized designed for industrial and commercial use.,Brand: 3M,Manufacturer: Edge Eyewear Inc (EDGSA),Manufacturer Part Number: MK113MPAP,,,,,,,,,,,,,,,,,
LS117MPAP,LS117MPAP Edge Safety Glasses - Lassen Black Frame Polarized,,,,Edge Eyewear Inc (EDGSA),Unknown,0.0,No evidence,[],,,,,,,,,,,,,,,,,,,,,,,,,,,,,,,,,,,,,,,,,,,,,,,,,,,,,,,,,,,,,,,,,,,,,,,,,,,,,,,,,,,,,,,,,,,,,,,,,,,,,,,,,,,,,,,,,,,,,,,,,,,,,,,,,,,,,,,,,,,,,,,,,,,,,,,Edge Eyewear Inc (EDGSA),Unknown,LS117MPAP,Edge Safety Glasses - Lassen Black Frame Polarized,Edge Safety Glasses - Lassen Black Frame Polarized for industrial and commercial applications.,Edge Safety Glasses - Lassen Black Frame Polarized Manufactured or supplied by Edge Eyewear Inc (EDGSA).,Edge Safety Glasses - Lassen Black Frame Polarized designed for industrial and commercial use.,Manufacturer: Edge Eyewear Inc (EDGSA),Manufacturer Part Number: LS117MPAP,,,,,,,,,,,,,,,,,,
FE-EFX-6L,FEEFX6L Lith Fire Extinguisher,,,,Ohio Firewatch Protection Inc (HOLFS),Unknown,0.0,No evidence,[],,,,,,,,,,,,,,,,,,,,,,,,,,,,,,,,,,,,,,,,,,,,,,,,,,,,,,,,,,,,,,,,,,,,,,,,,,,,,,,,,,,,,,,,,,,,,,,,,,,,,,,,,,,,,,,,,,,,,,,,,,,,,,,,,,,,,,,,,,,,,,,,,,,,,,,Ohio Firewatch Protection Inc (HOLFS),Unknown,FE-EFX-6L,FEEFX6L Lith Fire Extinguisher,FEEFX6L Lith Fire Extinguisher for industrial and commercial applications.,FEEFX6L Lith Fire Extinguisher Manufactured or supplied by Ohio Firewatch Protection Inc (HOLFS).,FEEFX6L Lith Fire Extinguisher designed for industrial and commercial use.,Manufacturer: Ohio Firewatch Protection Inc (HOLFS),Manufacturer Part Number: FE-EFX-6L,,,,,,,,,,,,,,,,,,
FE-EFX-9L,FEEFX9L Lith Fire Extinguisher,,,,Ohio Firewatch Protection Inc (HOLFS),Unknown,0.0,No evidence,[],,,,,,,,,,,,,,,,,,,,,,,,,,,,,,,,,,,,,,,,,,,,,,,,,,,,,,,,,,,,,,,,,,,,,,,,,,,,,,,,,,,,,,,,,,,,,,,,,,,,,,,,,,,,,,,,,,,,,,,,,,,,,,,,,,,,,,,,,,,,,,,,,,,,,,,Ohio Firewatch Protection Inc (HOLFS),Unknown,FE-EFX-9L,FEEFX9L Lith Fire Extinguisher,FEEFX9L Lith Fire Extinguisher for industrial and commercial applications.,FEEFX9L Lith Fire Extinguisher Manufactured or supplied by Ohio Firewatch Protection Inc (HOLFS).,FEEFX9L Lith Fire Extinguisher designed for industrial and commercial use.,Manufacturer: Ohio Firewatch Protection Inc (HOLFS),Manufacturer Part Number: FE-EFX-9L,,,,,,,,,,,,,,,,,,
1046793,1046793 Smoke & CO Alarm,,,First Alert,First Alert - B R K Brands (2754),First Alert,0.7,Structured source,[],,,,,,,,,,,,,,,,,,,,,,,,,,,,,,,,,,,,,,,,,,,,,,,,,,,,,,,,,,,,,,,,,,,,,,,,,,,,,,,,,,,,,,,,,,,,,,,,,,,,,,,,,,,,,,,,,,,,,,,,,,,,,,,,,,,,,,,,,,,,,,,,,,,,,,,First Alert - B R K Brands (2754),First Alert,1046793,First Alert Smoke & CO Alarm,First Alert Smoke & CO Alarm for industrial and commercial applications.,First Alert Smoke & CO Alarm Manufactured or supplied by First Alert - B R K Brands (2754).,First Alert Smoke & CO Alarm designed for industrial and commercial use.,Brand: First Alert,Manufacturer: First Alert - B R K Brands (2754),Manufacturer Part Number: 1046793,,,,,,,,,,,,,,,,,
1046870,1046870 Smoke & CO Alarm,,,BRK,First Alert - B R K Brands (2754),BRK,0.7,Structured source,[],,,,,,,,,,,,,,,,,,,,,,,,,,,,,,,,,,,,,,,,,,,,,,,,,,,,,,,,,,,,,,,,,,,,,,,,,,,,,,,,,,,,,,,,,,,,,,,,,,,,,,,,,,,,,,,,,,,,,,,,,,,,,,,,,,,,,,,,,,,,,,,,,,,,,,,First Alert - B R K Brands (2754),BRK,1046870,BRK Smoke & CO Alarm,BRK Smoke & CO Alarm for industrial and commercial applications.,BRK Smoke & CO Alarm Manufactured or supplied by First Alert - B R K Brands (2754).,BRK Smoke & CO Alarm designed for industrial and commercial use.,Brand: BRK,Manufacturer: First Alert - B R K Brands (2754),Manufacturer Part Number: 1046870,,,,,,,,,,,,,,,,,
M701B-21L,M701B-21L Milw L Black Heated Work Glove Liners,,,,Milwaukee Accessory (4031),Unknown,0.0,No evidence,[],,,,,,,,,,,,,,,,,,,,,,,,,,,,,,,,,,,,,,,,,,,,,,,,,,,,,,,,,,,,,,,,,,,,,,,,,,,,,,,,,,,,,,,,,,,,,,,,,,,,,,,,,,,,,,,,,,,,,,,,,,,,,,,,,,,,,,,,,,,,,,,,,,,,,,,Milwaukee Accessory (4031),Unknown,M701B-21L,Milw L Black Heated Work Glove Liners,Milw L Black Heated Work Glove Liners for industrial and commercial applications.,Milw L Black Heated Work Glove Liners Manufactured or supplied by Milwaukee Accessory (4031).,Milw L Black Heated Work Glove Liners designed for industrial and commercial use.,Manufacturer: Milwaukee Accessory (4031),Manufacturer Part Number: M701B-21L,,,,,,,,,,,,,,,,,,
M701B-21M,M701B-21M Milw M Black Heated Work Glove Liners,,,,Milwaukee Accessory (4031),Unknown,0.0,No evidence,[],,,,,,,,,,,,,,,,,,,,,,,,,,,,,,,,,,,,,,,,,,,,,,,,,,,,,,,,,,,,,,,,,,,,,,,,,,,,,,,,,,,,,,,,,,,,,,,,,,,,,,,,,,,,,,,,,,,,,,,,,,,,,,,,,,,,,,,,,,,,,,,,,,,,,,,Milwaukee Accessory (4031),Unknown,M701B-21M,Milw M Black Heated Work Glove Liners,Milw M Black Heated Work Glove Liners for industrial and commercial applications.,Milw M Black Heated Work Glove Liners Manufactured or supplied by Milwaukee Accessory (4031).,Milw M Black Heated Work Glove Liners designed for industrial and commercial use.,Manufacturer: Milwaukee Accessory (4031),Manufacturer Part Number: M701B-21M,,,,,,,,,,,,,,,,,,
M701B-21S,M701B-21S Milw S Black Heated Work Glove Liners,,,,Milwaukee Accessory (4031),Unknown,0.0,No evidence,[],,,,,,,,,,,,,,,,,,,,,,,,,,,,,,,,,,,,,,,,,,,,,,,,,,,,,,,,,,,,,,,,,,,,,,,,,,,,,,,,,,,,,,,,,,,,,,,,,,,,,,,,,,,,,,,,,,,,,,,,,,,,,,,,,,,,,,,,,,,,,,,,,,,,,,,Milwaukee Accessory (4031),Unknown,M701B-21S,Milw S Black Heated Work Glove Liners,Milw S Black Heated Work Glove Liners for industrial and commercial applications.,Milw S Black Heated Work Glove Liners Manufactured or supplied by Milwaukee Accessory (4031).,Milw S Black Heated Work Glove Liners designed for industrial and commercial use.,Manufacturer: Milwaukee Accessory (4031),Manufacturer Part Number: M701B-21S,,,,,,,,,,,,,,,,,,
M701B-21XL,M701B-21XL Milw XL Black Heated Work Glove Liners,,,,Milwaukee Accessory (4031),Unknown,0.0,No evidence,[],,,,,,,,,,,,,,,,,,,,,,,,,,,,,,,,,,,,,,,,,,,,,,,,,,,,,,,,,,,,,,,,,,,,,,,,,,,,,,,,,,,,,,,,,,,,,,,,,,,,,,,,,,,,,,,,,,,,,,,,,,,,,,,,,,,,,,,,,,,,,,,,,,,,,,,Milwaukee Accessory (4031),Unknown,M701B-21XL,Milw XL Black Heated Work Glove Liners,Milw XL Black Heated Work Glove Liners for industrial and commercial applications.,Milw XL Black Heated Work Glove Liners Manufactured or supplied by Milwaukee Accessory (4031).,Milw XL Black Heated Work Glove Liners designed for industrial and commercial use.,Manufacturer: Milwaukee Accessory (4031),Manufacturer Part Number: M701B-21XL,,,,,,,,,,,,,,,,,,
MWUG42010124,UTW Pro Heated Glove Blk XS,,,,Tech Gear 5.7 Inc (TECGE),Unknown,0.0,No evidence,[],,,,,,,,,,,,,,,,,,,,,,,,,,,,,,,,,,,,,,,,,,,,,,,,,,,,,,,,,,,,,,,,,,,,,,,,,,,,,,,,,,,,,,,,,,,,,,,,,,,,,,,,,,,,,,,,,,,,,,,,,,,,,,,,,,,,,,,,,,,,,,,,,,,,,,,Tech Gear 5.7 Inc (TECGE),Unknown,MWUG42010124,UTW Pro Heated Glove Blk XS,UTW Pro Heated Glove Blk XS for industrial and commercial applications.,UTW Pro Heated Glove Blk XS Manufactured or supplied by Tech Gear 5.7 Inc (TECGE).,UTW Pro Heated Glove Blk XS designed for industrial and commercial use.,Manufacturer: Tech Gear 5.7 Inc (TECGE),Manufacturer Part Number: MWUG42010124,,,,,,,,,,,,,,,,,,
MWUG42010224,UTW Pro Heated Glove Blk SM,,,,Tech Gear 5.7 Inc (TECGE),Unknown,0.0,No evidence,[],,,,,,,,,,,,,,,,,,,,,,,,,,,,,,,,,,,,,,,,,,,,,,,,,,,,,,,,,,,,,,,,,,,,,,,,,,,,,,,,,,,,,,,,,,,,,,,,,,,,,,,,,,,,,,,,,,,,,,,,,,,,,,,,,,,,,,,,,,,,,,,,,,,,,,,Tech Gear 5.7 Inc (TECGE),Unknown,MWUG42010224,UTW Pro Heated Glove Blk SM,UTW Pro Heated Glove Blk SM for industrial and commercial applications.,UTW Pro Heated Glove Blk SM Manufactured or supplied by Tech Gear 5.7 Inc (TECGE).,UTW Pro Heated Glove Blk SM designed for industrial and commercial use.,Manufacturer: Tech Gear 5.7 Inc (TECGE),Manufacturer Part Number: MWUG42010224,,,,,,,,,,,,,,,,,,
MWUG42010324,UTW Pro Heated Glove Blk MD,,,,Tech Gear 5.7 Inc (TECGE),Unknown,0.0,No evidence,[],,,,,,,,,,,,,,,,,,,,,,,,,,,,,,,,,,,,,,,,,,,,,,,,,,,,,,,,,,,,,,,,,,,,,,,,,,,,,,,,,,,,,,,,,,,,,,,,,,,,,,,,,,,,,,,,,,,,,,,,,,,,,,,,,,,,,,,,,,,,,,,,,,,,,,,Tech Gear 5.7 Inc (TECGE),Unknown,MWUG42010324,UTW Pro Heated Glove Blk MD,UTW Pro Heated Glove Blk MD for industrial and commercial applications.,UTW Pro Heated Glove Blk MD Manufactured or supplied by Tech Gear 5.7 Inc (TECGE).,UTW Pro Heated Glove Blk MD designed for industrial and commercial use.,Manufacturer: Tech Gear 5.7 Inc (TECGE),Manufacturer Part Number: MWUG42010324,,,,,,,,,,,,,,,,,,
MWUG42010424,UTW Pro Heated Glove Blk LG,,,,Tech Gear 5.7 Inc (TECGE),Unknown,0.0,No evidence,[],,,,,,,,,,,,,,,,,,,,,,,,,,,,,,,,,,,,,,,,,,,,,,,,,,,,,,,,,,,,,,,,,,,,,,,,,,,,,,,,,,,,,,,,,,,,,,,,,,,,,,,,,,,,,,,,,,,,,,,,,,,,,,,,,,,,,,,,,,,,,,,,,,,,,,,Tech Gear 5.7 Inc (TECGE),Unknown,MWUG42010424,UTW Pro Heated Glove Blk LG,UTW Pro Heated Glove Blk LG for industrial and commercial applications.,UTW Pro Heated Glove Blk LG Manufactured or supplied by Tech Gear 5.7 Inc (TECGE).,UTW Pro Heated Glove Blk LG designed for industrial and commercial use.,Manufacturer: Tech Gear 5.7 Inc (TECGE),Manufacturer Part Number: MWUG42010424,,,,,,,,,,,,,,,,,,
MWUG42010524,UTW Pro Heated Glove Blk XL,,,,Tech Gear 5.7 Inc (TECGE),Unknown,0.0,No evidence,[],,,,,,,,,,,,,,,,,,,,,,,,,,,,,,,,,,,,,,,,,,,,,,,,,,,,,,,,,,,,,,,,,,,,,,,,,,,,,,,,,,,,,,,,,,,,,,,,,,,,,,,,,,,,,,,,,,,,,,,,,,,,,,,,,,,,,,,,,,,,,,,,,,,,,,,Tech Gear 5.7 Inc (TECGE),Unknown,MWUG42010524,UTW Pro Heated Glove Blk XL,UTW Pro Heated Glove Blk XL for industrial and commercial applications.,UTW Pro Heated Glove Blk XL Manufactured or supplied by Tech Gear 5.7 Inc (TECGE).,UTW Pro Heated Glove Blk XL designed for industrial and commercial use.,Manufacturer: Tech Gear 5.7 Inc (TECGE),Manufacturer Part Number: MWUG42010524,,,,,,,,,,,,,,,,,,
MWUG42010624,UTW Pro Heated Glove Blk 2X,,,,Tech Gear 5.7 Inc (TECGE),Unknown,0.0,No evidence,[],,,,,,,,,,,,,,,,,,,,,,,,,,,,,,,,,,,,,,,,,,,,,,,,,,,,,,,,,,,,,,,,,,,,,,,,,,,,,,,,,,,,,,,,,,,,,,,,,,,,,,,,,,,,,,,,,,,,,,,,,,,,,,,,,,,,,,,,,,,,,,,,,,,,,,,Tech Gear 5.7 Inc (TECGE),Unknown,MWUG42010624,UTW Pro Heated Glove Blk 2X,UTW Pro Heated Glove Blk 2X for industrial and commercial applications.,UTW Pro Heated Glove Blk 2X Manufactured or supplied by Tech Gear 5.7 Inc (TECGE).,UTW Pro Heated Glove Blk 2X designed for industrial and commercial use.,Manufacturer: Tech Gear 5.7 Inc (TECGE),Manufacturer Part Number: MWUG42010624,,,,,,,,,,,,,,,,,,
MWUG36010225,MWUG36010225 BLK SM Aerial Snow Heated Glove,,,,Tech Gear 5.7 Inc (TECGE),Unknown,0.0,No evidence,[],,,,,,,,,,,,,,,,,,,,,,,,,,,,,,,,,,,,,,,,,,,,,,,,,,,,,,,,,,,,,,,,,,,,,,,,,,,,,,,,,,,,,,,,,,,,,,,,,,,,,,,,,,,,,,,,,,,,,,,,,,,,,,,,,,,,,,,,,,,,,,,,,,,,,,,Tech Gear 5.7 Inc (TECGE),Unknown,MWUG36010225,BLK SM Aerial Snow Heated Glove,BLK SM Aerial Snow Heated Glove for industrial and commercial applications.,BLK SM Aerial Snow Heated Glove Manufactured or supplied by Tech Gear 5.7 Inc (TECGE).,BLK SM Aerial Snow Heated Glove designed for industrial and commercial use.,Manufacturer: Tech Gear 5.7 Inc (TECGE),Manufacturer Part Number: MWUG36010225,,,,,,,,,,,,,,,,,,
MWUG36010325,MWUG36010325 BLK MD Aerial Snow Heated Glove,,,,Tech Gear 5.7 Inc (TECGE),Unknown,0.0,No evidence,[],,,,,,,,,,,,,,,,,,,,,,,,,,,,,,,,,,,,,,,,,,,,,,,,,,,,,,,,,,,,,,,,,,,,,,,,,,,,,,,,,,,,,,,,,,,,,,,,,,,,,,,,,,,,,,,,,,,,,,,,,,,,,,,,,,,,,,,,,,,,,,,,,,,,,,,Tech Gear 5.7 Inc (TECGE),Unknown,MWUG36010325,BLK MD Aerial Snow Heated Glove,BLK MD Aerial Snow Heated Glove for industrial and commercial applications.,BLK MD Aerial Snow Heated Glove Manufactured or supplied by Tech Gear 5.7 Inc (TECGE).,BLK MD Aerial Snow Heated Glove designed for industrial and commercial use.,Manufacturer: Tech Gear 5.7 Inc (TECGE),Manufacturer Part Number: MWUG36010325,,,,,,,,,,,,,,,,,,
MWUG36010425,MWUG36010425 BLK LG Aerial Snow Heated Glove,,,,Tech Gear 5.7 Inc (TECGE),Unknown,0.0,No evidence,[],,,,,,,,,,,,,,,,,,,,,,,,,,,,,,,,,,,,,,,,,,,,,,,,,,,,,,,,,,,,,,,,,,,,,,,,,,,,,,,,,,,,,,,,,,,,,,,,,,,,,,,,,,,,,,,,,,,,,,,,,,,,,,,,,,,,,,,,,,,,,,,,,,,,,,,Tech Gear 5.7 Inc (TECGE),Unknown,MWUG36010425,BLK LG Aerial Snow Heated Glove,BLK LG Aerial Snow Heated Glove for industrial and commercial applications.,BLK LG Aerial Snow Heated Glove Manufactured or supplied by Tech Gear 5.7 Inc (TECGE).,BLK LG Aerial Snow Heated Glove designed for industrial and commercial use.,Manufacturer: Tech Gear 5.7 Inc (TECGE),Manufacturer Part Number: MWUG36010425,,,,,,,,,,,,,,,,,,
MWUG36010525,MWUG36010525 BLK XL Aerial Snow Heated Glove,,,,Tech Gear 5.7 Inc (TECGE),Unknown,0.0,No evidence,[],,,,,,,,,,,,,,,,,,,,,,,,,,,,,,,,,,,,,,,,,,,,,,,,,,,,,,,,,,,,,,,,,,,,,,,,,,,,,,,,,,,,,,,,,,,,,,,,,,,,,,,,,,,,,,,,,,,,,,,,,,,,,,,,,,,,,,,,,,,,,,,,,,,,,,,Tech Gear 5.7 Inc (TECGE),Unknown,MWUG36010525,BLK XL Aerial Snow Heated Glove,BLK XL Aerial Snow Heated Glove for industrial and commercial applications.,BLK XL Aerial Snow Heated Glove Manufactured or supplied by Tech Gear 5.7 Inc (TECGE).,BLK XL Aerial Snow Heated Glove designed for industrial and commercial use.,Manufacturer: Tech Gear 5.7 Inc (TECGE),Manufacturer Part Number: MWUG36010525,,,,,,,,,,,,,,,,,,
MWUG36010625,MWUG36010625 BLK 2X Aerial Snow Heated Glove,,,,Tech Gear 5.7 Inc (TECGE),Unknown,0.0,No evidence,[],,,,,,,,,,,,,,,,,,,,,,,,,,,,,,,,,,,,,,,,,,,,,,,,,,,,,,,,,,,,,,,,,,,,,,,,,,,,,,,,,,,,,,,,,,,,,,,,,,,,,,,,,,,,,,,,,,,,,,,,,,,,,,,,,,,,,,,,,,,,,,,,,,,,,,,Tech Gear 5.7 Inc (TECGE),Unknown,MWUG36010625,BLK 2X Aerial Snow Heated Glove,BLK 2X Aerial Snow Heated Glove for industrial and commercial applications.,BLK 2X Aerial Snow Heated Glove Manufactured or supplied by Tech Gear 5.7 Inc (TECGE).,BLK 2X Aerial Snow Heated Glove designed for industrial and commercial use.,Manufacturer: Tech Gear 5.7 Inc (TECGE),Manufacturer Part Number: MWUG36010625,,,,,,,,,,,,,,,,,,
DPG15,DPG15 Dewalt AM/FM Hearing Protector,,,,Radians (7363),DEWALT,0.6,Product description,[],,,,,,,,,,,,,,,,,,,,,,,,,,,,,,,,,,,,,,,,,,,,,,,,,,,,,,,,,,,,,,,,,,,,,,,,,,,,,,,,,,,,,,,,,,,,,,,,,,,,,,,,,,,,,,,,,,,,,,,,,,,,,,,,,,,,,,,,,,,,,,,,,,,,,,,Radians (7363),DEWALT,DPG15,Dewalt AM/FM Hearing Protector,Dewalt AM/FM Hearing Protector for industrial and commercial applications.,Dewalt AM/FM Hearing Protector Manufactured or supplied by Radians (7363).,Dewalt AM/FM Hearing Protector designed for industrial and commercial use.,Brand: DEWALT,Manufacturer: Radians (7363),Manufacturer Part Number: DPG15,,,,,,,,,,,,,,,,,
F200B-21L,F200B-21L Milw M12 Womens - BLK Heated Hoodie Kit L,,,,Milwaukee Accessory (4031),Unknown,0.0,No evidence,[],,,,,,,,,,,,,,,,,,,,,,,,,,,,,,,,,,,,,,,,,,,,,,,,,,,,,,,,,,,,,,,,,,,,,,,,,,,,,,,,,,,,,,,,,,,,,,,,,,,,,,,,,,,,,,,,,,,,,,,,,,,,,,,,,,,,,,,,,,,,,,,,,,,,,,,Milwaukee Accessory (4031),Unknown,F200B-21L,Milw M12 Womens - BLK Heated Hoodie Kit L,Milw M12 Womens - BLK Heated Hoodie Kit L for industrial and commercial applications.,Milw M12 Womens - BLK Heated Hoodie Kit L Manufactured or supplied by Milwaukee Accessory (4031).,Milw M12 Womens - BLK Heated Hoodie Kit L designed for industrial and commercial use.,Manufacturer: Milwaukee Accessory (4031),Manufacturer Part Number: F200B-21L,,,,,,,,,,,,,,,,,,
F200B-21M,F200B-21M Milw M12 Womens - BLK Heated Hoodie Kit M,,,,Milwaukee Accessory (4031),Unknown,0.0,No evidence,[],,,,,,,,,,,,,,,,,,,,,,,,,,,,,,,,,,,,,,,,,,,,,,,,,,,,,,,,,,,,,,,,,,,,,,,,,,,,,,,,,,,,,,,,,,,,,,,,,,,,,,,,,,,,,,,,,,,,,,,,,,,,,,,,,,,,,,,,,,,,,,,,,,,,,,,Milwaukee Accessory (4031),Unknown,F200B-21M,Milw M12 Womens - BLK Heated Hoodie Kit M,Milw M12 Womens - BLK Heated Hoodie Kit M for industrial and commercial applications.,Milw M12 Womens - BLK Heated Hoodie Kit M Manufactured or supplied by Milwaukee Accessory (4031).,Milw M12 Womens - BLK Heated Hoodie Kit M designed for industrial and commercial use.,Manufacturer: Milwaukee Accessory (4031),Manufacturer Part Number: F200B-21M,,,,,,,,,,,,,,,,,,
M200B-21L,M200B-21L Milw M12 BLK - Heated Hoodie Kit L,,,,Milwaukee Accessory (4031),Unknown,0.0,No evidence,[],,,,,,,,,,,,,,,,,,,,,,,,,,,,,,,,,,,,,,,,,,,,,,,,,,,,,,,,,,,,,,,,,,,,,,,,,,,,,,,,,,,,,,,,,,,,,,,,,,,,,,,,,,,,,,,,,,,,,,,,,,,,,,,,,,,,,,,,,,,,,,,,,,,,,,,Milwaukee Accessory (4031),Unknown,M200B-21L,Milw M12 BLK - Heated Hoodie Kit L,Milw M12 BLK - Heated Hoodie Kit L for industrial and commercial applications.,Milw M12 BLK - Heated Hoodie Kit L Manufactured or supplied by Milwaukee Accessory (4031).,Milw M12 BLK - Heated Hoodie Kit L designed for industrial and commercial use.,Manufacturer: Milwaukee Accessory (4031),Manufacturer Part Number: M200B-21L,,,,,,,,,,,,,,,,,,
M200B-21M,M200B-21M Milw M12 BLK - Heated Hoodie Kit M,,,,Milwaukee Accessory (4031),Unknown,0.0,No evidence,[],,,,,,,,,,,,,,,,,,,,,,,,,,,,,,,,,,,,,,,,,,,,,,,,,,,,,,,,,,,,,,,,,,,,,,,,,,,,,,,,,,,,,,,,,,,,,,,,,,,,,,,,,,,,,,,,,,,,,,,,,,,,,,,,,,,,,,,,,,,,,,,,,,,,,,,Milwaukee Accessory (4031),Unknown,M200B-21M,Milw M12 BLK - Heated Hoodie Kit M,Milw M12 BLK - Heated Hoodie Kit M for industrial and commercial applications.,Milw M12 BLK - Heated Hoodie Kit M Manufactured or supplied by Milwaukee Accessory (4031).,Milw M12 BLK - Heated Hoodie Kit M designed for industrial and commercial use.,Manufacturer: Milwaukee Accessory (4031),Manufacturer Part Number: M200B-21M,,,,,,,,,,,,,,,,,,
M200B-21XL,M200B-21XL Milw M12 BLK - Heated Hoodie Kit XL,,,,Milwaukee Accessory (4031),Unknown,0.0,No evidence,[],,,,,,,,,,,,,,,,,,,,,,,,,,,,,,,,,,,,,,,,,,,,,,,,,,,,,,,,,,,,,,,,,,,,,,,,,,,,,,,,,,,,,,,,,,,,,,,,,,,,,,,,,,,,,,,,,,,,,,,,,,,,,,,,,,,,,,,,,,,,,,,,,,,,,,,Milwaukee Accessory (4031),Unknown,M200B-21XL,Milw M12 BLK - Heated Hoodie Kit XL,Milw M12 BLK - Heated Hoodie Kit XL for industrial and commercial applications.,Milw M12 BLK - Heated Hoodie Kit XL Manufactured or supplied by Milwaukee Accessory (4031).,Milw M12 BLK - Heated Hoodie Kit XL designed for industrial and commercial use.,Manufacturer: Milwaukee Accessory (4031),Manufacturer Part Number: M200B-21XL,,,,,,,,,,,,,,,,,,
M200G-21L,M200G-21L Milw M12 Gray - Heated Hoodie Kit L,,,,Milwaukee Accessory (4031),Unknown,0.0,No evidence,[],,,,,,,,,,,,,,,,,,,,,,,,,,,,,,,,,,,,,,,,,,,,,,,,,,,,,,,,,,,,,,,,,,,,,,,,,,,,,,,,,,,,,,,,,,,,,,,,,,,,,,,,,,,,,,,,,,,,,,,,,,,,,,,,,,,,,,,,,,,,,,,,,,,,,,,Milwaukee Accessory (4031),Unknown,M200G-21L,Milw M12 Gray - Heated Hoodie Kit L,Milw M12 Gray - Heated Hoodie Kit L for industrial and commercial applications.,Milw M12 Gray - Heated Hoodie Kit L Manufactured or supplied by Milwaukee Accessory (4031).,Milw M12 Gray - Heated Hoodie Kit L designed for industrial and commercial use.,Manufacturer: Milwaukee Accessory (4031),Manufacturer Part Number: M200G-21L,,,,,,,,,,,,,,,,,,
M200G-21M,M200G-21M Milw M12 Gray - Heated Hoodie Kit M,,,,Milwaukee Accessory (4031),Unknown,0.0,No evidence,[],,,,,,,,,,,,,,,,,,,,,,,,,,,,,,,,,,,,,,,,,,,,,,,,,,,,,,,,,,,,,,,,,,,,,,,,,,,,,,,,,,,,,,,,,,,,,,,,,,,,,,,,,,,,,,,,,,,,,,,,,,,,,,,,,,,,,,,,,,,,,,,,,,,,,,,Milwaukee Accessory (4031),Unknown,M200G-21M,Milw M12 Gray - Heated Hoodie Kit M,Milw M12 Gray - Heated Hoodie Kit M for industrial and commercial applications.,Milw M12 Gray - Heated Hoodie Kit M Manufactured or supplied by Milwaukee Accessory (4031).,Milw M12 Gray - Heated Hoodie Kit M designed for industrial and commercial use.,Manufacturer: Milwaukee Accessory (4031),Manufacturer Part Number: M200G-21M,,,,,,,,,,,,,,,,,,
M200G-21XL,M200G-21XL Milw M12 Gray - Heated Hoodie Kit XL,,,,Milwaukee Accessory (4031),Unknown,0.0,No evidence,[],,,,,,,,,,,,,,,,,,,,,,,,,,,,,,,,,,,,,,,,,,,,,,,,,,,,,,,,,,,,,,,,,,,,,,,,,,,,,,,,,,,,,,,,,,,,,,,,,,,,,,,,,,,,,,,,,,,,,,,,,,,,,,,,,,,,,,,,,,,,,,,,,,,,,,,Milwaukee Accessory (4031),Unknown,M200G-21XL,Milw M12 Gray - Heated Hoodie Kit XL,Milw M12 Gray - Heated Hoodie Kit XL for industrial and commercial applications.,Milw M12 Gray - Heated Hoodie Kit XL Manufactured or supplied by Milwaukee Accessory (4031).,Milw M12 Gray - Heated Hoodie Kit XL designed for industrial and commercial use.,Manufacturer: Milwaukee Accessory (4031),Manufacturer Part Number: M200G-21XL,,,,,,,,,,,,,,,,,,
48-11-2330,48-11-2330 Milw Heated Gear Power Source,,,,Milwaukee Accessory (4031),Unknown,0.0,No evidence,[],,,,,,,,,,,,,,,,,,,,,,,,,,,,,,,,,,,,,,,,,,,,,,,,,,,,,,,,,,,,,,,,,,,,,,,,,,,,,,,,,,,,,,,,,,,,,,,,,,,,,,,,,,,,,,,,,,,,,,,,,,,,,,,,,,,,,,,,,,,,,,,,,,,,,,,Milwaukee Accessory (4031),Unknown,48-11-2330,Milw Heated Gear Power Source,Milw Heated Gear Power Source for industrial and commercial applications.,Milw Heated Gear Power Source Manufactured or supplied by Milwaukee Accessory (4031).,Milw Heated Gear Power Source designed for industrial and commercial use.,Manufacturer: Milwaukee Accessory (4031),Manufacturer Part Number: 48-11-2330,,,,,,,,,,,,,,,,,,
DCBP250C,DCBP520C Dewalt Starter Kit,,,DEWALT,Black & Decker/dewlt (2585),DEWALT,0.9,Structured source + description,[],,,,,,,,,,,,,,,,,,,,,,,,,,,,,,,,,,,,,,,,,,,,,,,,,,,,,,,,,,,,,,,,,,,,,,,,,,,,,,,,,,,,,,,,,,,,,,,,,,,,,,,,,,,,,,,,,,,,,,,,,,,,,,,,,,,,,,,,,,,,,,,,,,,,,,,Black & Decker/dewlt (2585),DEWALT,DCBP250C,DCBP520C Dewalt Starter Kit,DCBP520C Dewalt Starter Kit for industrial and commercial applications.,DCBP520C Dewalt Starter Kit Manufactured or supplied by Black & Decker/dewlt (2585).,DCBP520C Dewalt Starter Kit designed for industrial and commercial use.,Brand: DEWALT,Manufacturer: Black & Decker/dewlt (2585),Manufacturer Part Number: DCBP250C,,,,,,,,,,,,,,,,,
5328,5328 Lg. Leather Phone Holster - Clip-on,,,,-,Unknown,0.0,No evidence,[],,,,,,,,,,,,,,,,,,,,,,,,,,,,,,,,,,,,,,,,,,,,,,,,,,,,,,,,,,,,,,,,,,,,,,,,,,,,,,,,,,,,,,,,,,,,,,,,,,,,,,,,,,,,,,,,,,,,,,,,,,,,,,,,,,,,,,,,,,,,,,,,,,,,,,,-,Unknown,5328,Lg. Leather Phone Holster - Clip-on,Lg. Leather Phone Holster - Clip-on for industrial and commercial applications.,Lg. Leather Phone Holster - Clip-on Manufactured or supplied by -.,Lg. Leather Phone Holster - Clip-on designed for industrial and commercial use.,Manufacturer: -,Manufacturer Part Number: 5328,,,,,,,,,,,,,,,,,,
3200-20,3200-20 Milw Voltage Detector,,,,Milwaukee Accessory (4031),Unknown,0.0,No evidence,[],,,,,,,,,,,,,,,,,,,,,,,,,,,,,,,,,,,,,,,,,,,,,,,,,,,,,,,,,,,,,,,,,,,,,,,,,,,,,,,,,,,,,,,,,,,,,,,,,,,,,,,,,,,,,,,,,,,,,,,,,,,,,,,,,,,,,,,,,,,,,,,,,,,,,,,Milwaukee Accessory (4031),Unknown,3200-20,Milw Voltage Detector,Milw Voltage Detector for industrial and commercial applications.,Milw Voltage Detector Manufactured or supplied by Milwaukee Accessory (4031).,Milw Voltage Detector designed for industrial and commercial use.,Manufacturer: Milwaukee Accessory (4031),Manufacturer Part Number: 3200-20,,,,,,,,,,,,,,,,,,
3202-20,3202-20 Milw Voltage Detector w/ LED,,,,Milwaukee Accessory (4031),Unknown,0.0,No evidence,[],,,,,,,,,,,,,,,,,,,,,,,,,,,,,,,,,,,,,,,,,,,,,,,,,,,,,,,,,,,,,,,,,,,,,,,,,,,,,,,,,,,,,,,,,,,,,,,,,,,,,,,,,,,,,,,,,,,,,,,,,,,,,,,,,,,,,,,,,,,,,,,,,,,,,,,Milwaukee Accessory (4031),Unknown,3202-20,Milw Voltage Detector w/ LED,Milw Voltage Detector w/ LED for industrial and commercial applications.,Milw Voltage Detector w/ LED Manufactured or supplied by Milwaukee Accessory (4031).,Milw Voltage Detector w/ LED designed for industrial and commercial use.,Manufacturer: Milwaukee Accessory (4031),Manufacturer Part Number: 3202-20,,,,,,,,,,,,,,,,,,
3203-20,3203-20 Milw Dual Range Voltage Detector w/ LED,,,,Milwaukee Accessory (4031),Unknown,0.0,No evidence,[],,,,,,,,,,,,,,,,,,,,,,,,,,,,,,,,,,,,,,,,,,,,,,,,,,,,,,,,,,,,,,,,,,,,,,,,,,,,,,,,,,,,,,,,,,,,,,,,,,,,,,,,,,,,,,,,,,,,,,,,,,,,,,,,,,,,,,,,,,,,,,,,,,,,,,,Milwaukee Accessory (4031),Unknown,3203-20,Milw Dual Range Voltage Detector w/ LED,Milw Dual Range Voltage Detector w/ LED for industrial and commercial applications.,Milw Dual Range Voltage Detector w/ LED Manufactured or supplied by Milwaukee Accessory (4031).,Milw Dual Range Voltage Detector w/ LED designed for industrial and commercial use.,Manufacturer: Milwaukee Accessory (4031),Manufacturer Part Number: 3203-20,,,,,,,,,,,,,,,,,,
BC-12300,"BC-12300 BigCal 12""/300mm",,,,Woodpeckers Inc (WOODP),Unknown,0.0,No evidence,"[('Size', '12', 'in'), ('Measurement', '300', 'mm')]",Size,12,in,Measurement,300,mm,,,,,,,,,,,,,,,,,,,,,,,,,,,,,,,,,,,,,,,,,,,,,,,,,,,,,,,,,,,,,,,,,,,,,,,,,,,,,,,,,,,,,,,,,,,,,,,,,,,,,,,,,,,,,,,,,,,,,,,,,,,,,,,,,,,,,,,,,,,,,,,,,Woodpeckers Inc (WOODP),Unknown,BC-12300,"BigCal 12""/300mm","BigCal 12""/300mm for industrial and commercial applications.","BigCal 12""/300mm Manufactured or supplied by Woodpeckers Inc (WOODP). Available product information includes Size: 12 in, Measurement: 300 mm.","BigCal 12""/300mm designed for industrial and commercial use. Key identified specifications include Size: 12 in, Measurement: 300 mm.",Manufacturer: Woodpeckers Inc (WOODP),Manufacturer Part Number: BC-12300,Size: 12 in,Measurement: 300 mm,,,,,,,,,,,,,,,,
BC-24600,"BC-24600 BigCal 24""/600mm",,,,Woodpeckers Inc (WOODP),Unknown,0.0,No evidence,"[('Size', '24', 'in'), ('Measurement', '600', 'mm')]",Size,24,in,Measurement,600,mm,,,,,,,,,,,,,,,,,,,,,,,,,,,,,,,,,,,,,,,,,,,,,,,,,,,,,,,,,,,,,,,,,,,,,,,,,,,,,,,,,,,,,,,,,,,,,,,,,,,,,,,,,,,,,,,,,,,,,,,,,,,,,,,,,,,,,,,,,,,,,,,,,Woodpeckers Inc (WOODP),Unknown,BC-24600,"BigCal 24""/600mm","BigCal 24""/600mm for industrial and commercial applications.","BigCal 24""/600mm Manufactured or supplied by Woodpeckers Inc (WOODP). Available product information includes Size: 24 in, Measurement: 600 mm.","BigCal 24""/600mm designed for industrial and commercial use. Key identified specifications include Size: 24 in, Measurement: 600 mm.",Manufacturer: Woodpeckers Inc (WOODP),Manufacturer Part Number: BC-24600,Size: 24 in,Measurement: 600 mm,,,,,,,,,,,,,,,,
DW08302CG,DW08302CG Dewalt Laser - Green 3 Spot,,,DEWALT,Black & Decker/dewlt (2585),DEWALT,0.9,Structured source + description,[],,,,,,,,,,,,,,,,,,,,,,,,,,,,,,,,,,,,,,,,,,,,,,,,,,,,,,,,,,,,,,,,,,,,,,,,,,,,,,,,,,,,,,,,,,,,,,,,,,,,,,,,,,,,,,,,,,,,,,,,,,,,,,,,,,,,,,,,,,,,,,,,,,,,,,,Black & Decker/dewlt (2585),DEWALT,DW08302CG,Dewalt Laser - Green 3 Spot,Dewalt Laser - Green 3 Spot for industrial and commercial applications.,Dewalt Laser - Green 3 Spot Manufactured or supplied by Black & Decker/dewlt (2585).,Dewalt Laser - Green 3 Spot designed for industrial and commercial use.,Brand: DEWALT,Manufacturer: Black & Decker/dewlt (2585),Manufacturer Part Number: DW08302CG,,,,,,,,,,,,,,,,,
GCL165-42GL,GCL165--42GL Cross Line Laser,,,,Robt Bosch Tool Corp (6564),Unknown,0.0,No evidence,[],,,,,,,,,,,,,,,,,,,,,,,,,,,,,,,,,,,,,,,,,,,,,,,,,,,,,,,,,,,,,,,,,,,,,,,,,,,,,,,,,,,,,,,,,,,,,,,,,,,,,,,,,,,,,,,,,,,,,,,,,,,,,,,,,,,,,,,,,,,,,,,,,,,,,,,Robt Bosch Tool Corp (6564),Unknown,GCL165-42GL,GCL165--42GL Cross Line Laser,GCL165--42GL Cross Line Laser for industrial and commercial applications.,GCL165--42GL Cross Line Laser Manufactured or supplied by Robt Bosch Tool Corp (6564).,GCL165--42GL Cross Line Laser designed for industrial and commercial use.,Manufacturer: Robt Bosch Tool Corp (6564),Manufacturer Part Number: GCL165-42GL,,,,,,,,,,,,,,,,,,
DW08802CG,DW08802CG Dewalt Laser Green - Self-Level Cross Line,,,DEWALT,Black & Decker/dewlt (2585),DEWALT,0.9,Structured source + description,[],,,,,,,,,,,,,,,,,,,,,,,,,,,,,,,,,,,,,,,,,,,,,,,,,,,,,,,,,,,,,,,,,,,,,,,,,,,,,,,,,,,,,,,,,,,,,,,,,,,,,,,,,,,,,,,,,,,,,,,,,,,,,,,,,,,,,,,,,,,,,,,,,,,,,,,Black & Decker/dewlt (2585),DEWALT,DW08802CG,Dewalt Laser Green - Self-Level Cross Line,Dewalt Laser Green - Self-Level Cross Line for industrial and commercial applications.,Dewalt Laser Green - Self-Level Cross Line Manufactured or supplied by Black & Decker/dewlt (2585).,Dewalt Laser Green - Self-Level Cross Line designed for industrial and commercial use.,Brand: DEWALT,Manufacturer: Black & Decker/dewlt (2585),Manufacturer Part Number: DW08802CG,,,,,,,,,,,,,,,,,
DW088CG,DW088CG Dewalt Laser - Green Cross Line,,,DEWALT,Black & Decker/dewlt (2585),DEWALT,0.9,Structured source + description,[],,,,,,,,,,,,,,,,,,,,,,,,,,,,,,,,,,,,,,,,,,,,,,,,,,,,,,,,,,,,,,,,,,,,,,,,,,,,,,,,,,,,,,,,,,,,,,,,,,,,,,,,,,,,,,,,,,,,,,,,,,,,,,,,,,,,,,,,,,,,,,,,,,,,,,,Black & Decker/dewlt (2585),DEWALT,DW088CG,Dewalt Laser - Green Cross Line,Dewalt Laser - Green Cross Line for industrial and commercial applications.,Dewalt Laser - Green Cross Line Manufactured or supplied by Black & Decker/dewlt (2585).,Dewalt Laser - Green Cross Line designed for industrial and commercial use.,Brand: DEWALT,Manufacturer: Black & Decker/dewlt (2585),Manufacturer Part Number: DW088CG,,,,,,,,,,,,,,,,,
DW089CG,DW089CG Dewalt Laser Level - 3 Line 30ft Range,,,DEWALT,Black & Decker/dewlt (2585),DEWALT,0.9,Structured source + description,[],,,,,,,,,,,,,,,,,,,,,,,,,,,,,,,,,,,,,,,,,,,,,,,,,,,,,,,,,,,,,,,,,,,,,,,,,,,,,,,,,,,,,,,,,,,,,,,,,,,,,,,,,,,,,,,,,,,,,,,,,,,,,,,,,,,,,,,,,,,,,,,,,,,,,,,Black & Decker/dewlt (2585),DEWALT,DW089CG,Dewalt Laser Level - 3 Line 30ft Range,Dewalt Laser Level - 3 Line 30ft Range for industrial and commercial applications.,Dewalt Laser Level - 3 Line 30ft Range Manufactured or supplied by Black & Decker/dewlt (2585).,Dewalt Laser Level - 3 Line 30ft Range designed for industrial and commercial use.,Brand: DEWALT,Manufacturer: Black & Decker/dewlt (2585),Manufacturer Part Number: DW089CG,,,,,,,,,,,,,,,,,
DCLE34520GB,DCLE34520GB Dewalt Laser 20V - Cross Line 5 Spot (Bare),,,DEWALT,Black & Decker/dewlt (2585),DEWALT,0.9,Structured source + description,"[('Voltage', '20', 'V')]",Voltage,20,V,,,,,,,,,,,,,,,,,,,,,,,,,,,,,,,,,,,,,,,,,,,,,,,,,,,,,,,,,,,,,,,,,,,,,,,,,,,,,,,,,,,,,,,,,,,,,,,,,,,,,,,,,,,,,,,,,,,,,,,,,,,,,,,,,,,,,,,,,,,,,,,,,,,,Black & Decker/dewlt (2585),DEWALT,DCLE34520GB,Dewalt Laser 20V - Cross Line 5 Spot (Bare),Dewalt Laser 20V - Cross Line 5 Spot (Bare) for industrial and commercial applications.,Dewalt Laser 20V - Cross Line 5 Spot (Bare) Manufactured or supplied by Black & Decker/dewlt (2585). Available product information includes Voltage: 20 V.,Dewalt Laser 20V - Cross Line 5 Spot (Bare) designed for industrial and commercial use. Key identified specifications include Voltage: 20 V.,Brand: DEWALT,Manufacturer: Black & Decker/dewlt (2585),Manufacturer Part Number: DCLE34520GB,Voltage: 20 V,,,,,,,,,,,,,,,,
DCLE34031B,DCLE34031B Dewalt Line Laser - 20V Self-Leveling (Bare),,,DEWALT,Black & Decker/dewlt (2585),DEWALT,0.9,Structured source + description,"[('Voltage', '20', 'V')]",Voltage,20,V,,,,,,,,,,,,,,,,,,,,,,,,,,,,,,,,,,,,,,,,,,,,,,,,,,,,,,,,,,,,,,,,,,,,,,,,,,,,,,,,,,,,,,,,,,,,,,,,,,,,,,,,,,,,,,,,,,,,,,,,,,,,,,,,,,,,,,,,,,,,,,,,,,,,Black & Decker/dewlt (2585),DEWALT,DCLE34031B,Dewalt Line Laser - 20V Self-Leveling (Bare),Dewalt Line Laser - 20V Self-Leveling (Bare) for industrial and commercial applications.,Dewalt Line Laser - 20V Self-Leveling (Bare) Manufactured or supplied by Black & Decker/dewlt (2585). Available product information includes Voltage: 20 V.,Dewalt Line Laser - 20V Self-Leveling (Bare) designed for industrial and commercial use. Key identified specifications include Voltage: 20 V.,Brand: DEWALT,Manufacturer: Black & Decker/dewlt (2585),Manufacturer Part Number: DCLE34031B,Voltage: 20 V,,,,,,,,,,,,,,,,
DW0822CG,DW0822CG Dewalt Cross Line - Plumb Spots Laser-Green,,,DEWALT,Black & Decker/dewlt (2585),DEWALT,0.9,Structured source + description,[],,,,,,,,,,,,,,,,,,,,,,,,,,,,,,,,,,,,,,,,,,,,,,,,,,,,,,,,,,,,,,,,,,,,,,,,,,,,,,,,,,,,,,,,,,,,,,,,,,,,,,,,,,,,,,,,,,,,,,,,,,,,,,,,,,,,,,,,,,,,,,,,,,,,,,,Black & Decker/dewlt (2585),DEWALT,DW0822CG,Dewalt Cross Line - Plumb Spots Laser-Green,Dewalt Cross Line - Plumb Spots Laser-Green for industrial and commercial applications.,Dewalt Cross Line - Plumb Spots Laser-Green Manufactured or supplied by Black & Decker/dewlt (2585).,Dewalt Cross Line - Plumb Spots Laser-Green designed for industrial and commercial use.,Brand: DEWALT,Manufacturer: Black & Decker/dewlt (2585),Manufacturer Part Number: DW0822CG,,,,,,,,,,,,,,,,,
25459,25459 Mason Line Brd Orange - 500',,,,U S Tape Company (6694),Unknown,0.0,No evidence,[],,,,,,,,,,,,,,,,,,,,,,,,,,,,,,,,,,,,,,,,,,,,,,,,,,,,,,,,,,,,,,,,,,,,,,,,,,,,,,,,,,,,,,,,,,,,,,,,,,,,,,,,,,,,,,,,,,,,,,,,,,,,,,,,,,,,,,,,,,,,,,,,,,,,,,,U S Tape Company (6694),Unknown,25459,Mason Line Brd Orange - 500',Mason Line Brd Orange - 500' for industrial and commercial applications.,Mason Line Brd Orange - 500' Manufactured or supplied by U S Tape Company (6694).,Mason Line Brd Orange - 500' designed for industrial and commercial use.,Manufacturer: U S Tape Company (6694),Manufacturer Part Number: 25459,,,,,,,,,,,,,,,,,,
35459,35459 Mason Line Brd Orange - 500' Replacement,,,,U S Tape Company (6694),Unknown,0.0,No evidence,[],,,,,,,,,,,,,,,,,,,,,,,,,,,,,,,,,,,,,,,,,,,,,,,,,,,,,,,,,,,,,,,,,,,,,,,,,,,,,,,,,,,,,,,,,,,,,,,,,,,,,,,,,,,,,,,,,,,,,,,,,,,,,,,,,,,,,,,,,,,,,,,,,,,,,,,U S Tape Company (6694),Unknown,35459,Mason Line Brd Orange - 500' Replacement,Mason Line Brd Orange - 500' Replacement for industrial and commercial applications.,Mason Line Brd Orange - 500' Replacement Manufactured or supplied by U S Tape Company (6694).,Mason Line Brd Orange - 500' Replacement designed for industrial and commercial use.,Manufacturer: U S Tape Company (6694),Manufacturer Part Number: 35459,,,,,,,,,,,,,,,,,,
25759,25759 Mason Line Brd Orange - 1000',,,,U S Tape Company (6694),Unknown,0.0,No evidence,[],,,,,,,,,,,,,,,,,,,,,,,,,,,,,,,,,,,,,,,,,,,,,,,,,,,,,,,,,,,,,,,,,,,,,,,,,,,,,,,,,,,,,,,,,,,,,,,,,,,,,,,,,,,,,,,,,,,,,,,,,,,,,,,,,,,,,,,,,,,,,,,,,,,,,,,U S Tape Company (6694),Unknown,25759,Mason Line Brd Orange - 1000',Mason Line Brd Orange - 1000' for industrial and commercial applications.,Mason Line Brd Orange - 1000' Manufactured or supplied by U S Tape Company (6694).,Mason Line Brd Orange - 1000' designed for industrial and commercial use.,Manufacturer: U S Tape Company (6694),Manufacturer Part Number: 25759,,,,,,,,,,,,,,,,,,
35112,35112 Mason Line Twist Yellow - 270',,,,U S Tape Company (6694),Unknown,0.0,No evidence,[],,,,,,,,,,,,,,,,,,,,,,,,,,,,,,,,,,,,,,,,,,,,,,,,,,,,,,,,,,,,,,,,,,,,,,,,,,,,,,,,,,,,,,,,,,,,,,,,,,,,,,,,,,,,,,,,,,,,,,,,,,,,,,,,,,,,,,,,,,,,,,,,,,,,,,,U S Tape Company (6694),Unknown,35112,Mason Line Twist Yellow - 270',Mason Line Twist Yellow - 270' for industrial and commercial applications.,Mason Line Twist Yellow - 270' Manufactured or supplied by U S Tape Company (6694).,Mason Line Twist Yellow - 270' designed for industrial and commercial use.,Manufacturer: U S Tape Company (6694),Manufacturer Part Number: 35112,,,,,,,,,,,,,,,,,,
35115,35115 Mason Line Twist Green - 270',,,,U S Tape Company (6694),Unknown,0.0,No evidence,[],,,,,,,,,,,,,,,,,,,,,,,,,,,,,,,,,,,,,,,,,,,,,,,,,,,,,,,,,,,,,,,,,,,,,,,,,,,,,,,,,,,,,,,,,,,,,,,,,,,,,,,,,,,,,,,,,,,,,,,,,,,,,,,,,,,,,,,,,,,,,,,,,,,,,,,U S Tape Company (6694),Unknown,35115,Mason Line Twist Green - 270',Mason Line Twist Green - 270' for industrial and commercial applications.,Mason Line Twist Green - 270' Manufactured or supplied by U S Tape Company (6694).,Mason Line Twist Green - 270' designed for industrial and commercial use.,Manufacturer: U S Tape Company (6694),Manufacturer Part Number: 35115,,,,,,,,,,,,,,,,,,
25168,25168 Mason Line Brd Green - 250',CENTURY COMPONENTS,,,U S Tape Company (6694),CENTURY COMPONENTS,0.7,Structured source,[],,,,,,,,,,,,,,,,,,,,,,,,,,,,,,,,,,,,,,,,,,,,,,,,,,,,,,,,,,,,,,,,,,,,,,,,,,,,,,,,,,,,,,,,,,,,,,,,,,,,,,,,,,,,,,,,,,,,,,,,,,,,,,,,,,,,,,,,,,,,,,,,,,,,,,,U S Tape Company (6694),CENTURY COMPONENTS,25168,CENTURY COMPONENTS Mason Line Brd Green - 250',CENTURY COMPONENTS Mason Line Brd Green - 250' for industrial and commercial applications.,CENTURY COMPONENTS Mason Line Brd Green - 250' Manufactured or supplied by U S Tape Company (6694).,CENTURY COMPONENTS Mason Line Brd Green - 250' designed for industrial and commercial use.,Brand: CENTURY COMPONENTS,Manufacturer: U S Tape Company (6694),Manufacturer Part Number: 25168,,,,,,,,,,,,,,,,,
35468,35468 Mason Line Brd Green - 500' Replacement,,,,U S Tape Company (6694),Unknown,0.0,No evidence,[],,,,,,,,,,,,,,,,,,,,,,,,,,,,,,,,,,,,,,,,,,,,,,,,,,,,,,,,,,,,,,,,,,,,,,,,,,,,,,,,,,,,,,,,,,,,,,,,,,,,,,,,,,,,,,,,,,,,,,,,,,,,,,,,,,,,,,,,,,,,,,,,,,,,,,,U S Tape Company (6694),Unknown,35468,Mason Line Brd Green - 500' Replacement,Mason Line Brd Green - 500' Replacement for industrial and commercial applications.,Mason Line Brd Green - 500' Replacement Manufactured or supplied by U S Tape Company (6694).,Mason Line Brd Green - 500' Replacement designed for industrial and commercial use.,Manufacturer: U S Tape Company (6694),Manufacturer Part Number: 35468,,,,,,,,,,,,,,,,,,
35494,35494 Mason Line Brd Blk/Yellw - 500' Replacement,,,,U S Tape Company (6694),Unknown,0.0,No evidence,[],,,,,,,,,,,,,,,,,,,,,,,,,,,,,,,,,,,,,,,,,,,,,,,,,,,,,,,,,,,,,,,,,,,,,,,,,,,,,,,,,,,,,,,,,,,,,,,,,,,,,,,,,,,,,,,,,,,,,,,,,,,,,,,,,,,,,,,,,,,,,,,,,,,,,,,U S Tape Company (6694),Unknown,35494,Mason Line Brd Blk/Yellw - 500' Replacement,Mason Line Brd Blk/Yellw - 500' Replacement for industrial and commercial applications.,Mason Line Brd Blk/Yellw - 500' Replacement Manufactured or supplied by U S Tape Company (6694).,Mason Line Brd Blk/Yellw - 500' Replacement designed for industrial and commercial use.,Manufacturer: U S Tape Company (6694),Manufacturer Part Number: 35494,,,,,,,,,,,,,,,,,,
MLSQ0120,"MLSQ0120 Milw 12"" RafterSquare",,,,Milwaukee Accessory (4031),Unknown,0.0,No evidence,"[('Size', '12', 'in')]",Size,12,in,,,,,,,,,,,,,,,,,,,,,,,,,,,,,,,,,,,,,,,,,,,,,,,,,,,,,,,,,,,,,,,,,,,,,,,,,,,,,,,,,,,,,,,,,,,,,,,,,,,,,,,,,,,,,,,,,,,,,,,,,,,,,,,,,,,,,,,,,,,,,,,,,,,,Milwaukee Accessory (4031),Unknown,MLSQ0120,"Milw 12"" RafterSquare","Milw 12"" RafterSquare for industrial and commercial applications.","Milw 12"" RafterSquare Manufactured or supplied by Milwaukee Accessory (4031). Available product information includes Size: 12 in.","Milw 12"" RafterSquare designed for industrial and commercial use. Key identified specifications include Size: 12 in.",Manufacturer: Milwaukee Accessory (4031),Manufacturer Part Number: MLSQ0120,Size: 12 in,,,,,,,,,,,,,,,,,
MLSQ1120,MLSQ1120 Milw 300mm Rafter - Square (Metric),,,,Milwaukee Accessory (4031),Unknown,0.0,No evidence,"[('Measurement', '300', 'mm')]",Measurement,300,mm,,,,,,,,,,,,,,,,,,,,,,,,,,,,,,,,,,,,,,,,,,,,,,,,,,,,,,,,,,,,,,,,,,,,,,,,,,,,,,,,,,,,,,,,,,,,,,,,,,,,,,,,,,,,,,,,,,,,,,,,,,,,,,,,,,,,,,,,,,,,,,,,,,,,Milwaukee Accessory (4031),Unknown,MLSQ1120,Milw 300mm Rafter - Square (Metric),Milw 300mm Rafter - Square (Metric) for industrial and commercial applications.,Milw 300mm Rafter - Square (Metric) Manufactured or supplied by Milwaukee Accessory (4031). Available product information includes Measurement: 300 mm.,Milw 300mm Rafter - Square (Metric) designed for industrial and commercial use. Key identified specifications include Measurement: 300 mm.,Manufacturer: Milwaukee Accessory (4031),Manufacturer Part Number: MLSQ1120,Measurement: 300 mm,,,,,,,,,,,,,,,,,
55227,"55227 Amana Countersink/Stop 1/8"" Drill TB",,,,Amana Tool Corp (AMATO),Unknown,0.0,No evidence,"[('Size', '1/8', 'in')]",Size,1/8,in,,,,,,,,,,,,,,,,,,,,,,,,,,,,,,,,,,,,,,,,,,,,,,,,,,,,,,,,,,,,,,,,,,,,,,,,,,,,,,,,,,,,,,,,,,,,,,,,,,,,,,,,,,,,,,,,,,,,,,,,,,,,,,,,,,,,,,,,,,,,,,,,,,,,Amana Tool Corp (AMATO),Unknown,55227,"Amana Countersink/Stop 1/8"" Drill TB","Amana Countersink/Stop 1/8"" Drill TB for industrial and commercial applications.","Amana Countersink/Stop 1/8"" Drill TB Manufactured or supplied by Amana Tool Corp (AMATO). Available product information includes Size: 1/8 in.","Amana Countersink/Stop 1/8"" Drill TB designed for industrial and commercial use. Key identified specifications include Size: 1/8 in.",Manufacturer: Amana Tool Corp (AMATO),Manufacturer Part Number: 55227,Size: 1/8 in,,,,,,,,,,,,,,,,,
37300952,"095842 Fisch Plug Cutter 3/8""",,,,-,Unknown,0.0,No evidence,"[('Size', '3/8', 'in')]",Size,3/8,in,,,,,,,,,,,,,,,,,,,,,,,,,,,,,,,,,,,,,,,,,,,,,,,,,,,,,,,,,,,,,,,,,,,,,,,,,,,,,,,,,,,,,,,,,,,,,,,,,,,,,,,,,,,,,,,,,,,,,,,,,,,,,,,,,,,,,,,,,,,,,,,,,,,,-,Unknown,37300952,"095842 Fisch Plug Cutter 3/8""","095842 Fisch Plug Cutter 3/8"" for industrial and commercial applications.","095842 Fisch Plug Cutter 3/8"" Manufactured or supplied by -. Available product information includes Size: 3/8 in.","095842 Fisch Plug Cutter 3/8"" designed for industrial and commercial use. Key identified specifications include Size: 3/8 in.",Manufacturer: -,Manufacturer Part Number: 37300952,Size: 3/8 in,,,,,,,,,,,,,,,,,
6008,6008 Whiteside Router Bit,,,,Whiteside Machine & Repair Co (WHIMA),Unknown,0.0,No evidence,[],,,,,,,,,,,,,,,,,,,,,,,,,,,,,,,,,,,,,,,,,,,,,,,,,,,,,,,,,,,,,,,,,,,,,,,,,,,,,,,,,,,,,,,,,,,,,,,,,,,,,,,,,,,,,,,,,,,,,,,,,,,,,,,,,,,,,,,,,,,,,,,,,,,,,,,Whiteside Machine & Repair Co (WHIMA),Unknown,6008,Whiteside Router Bit,Whiteside Router Bit for industrial and commercial applications.,Whiteside Router Bit Manufactured or supplied by Whiteside Machine & Repair Co (WHIMA).,Whiteside Router Bit designed for industrial and commercial use.,Manufacturer: Whiteside Machine & Repair Co (WHIMA),Manufacturer Part Number: 6008,,,,,,,,,,,,,,,,,,
6009,6009 Whiteside Router Bit,,,,Whiteside Machine & Repair Co (WHIMA),Unknown,0.0,No evidence,[],,,,,,,,,,,,,,,,,,,,,,,,,,,,,,,,,,,,,,,,,,,,,,,,,,,,,,,,,,,,,,,,,,,,,,,,,,,,,,,,,,,,,,,,,,,,,,,,,,,,,,,,,,,,,,,,,,,,,,,,,,,,,,,,,,,,,,,,,,,,,,,,,,,,,,,Whiteside Machine & Repair Co (WHIMA),Unknown,6009,Whiteside Router Bit,Whiteside Router Bit for industrial and commercial applications.,Whiteside Router Bit Manufactured or supplied by Whiteside Machine & Repair Co (WHIMA).,Whiteside Router Bit designed for industrial and commercial use.,Manufacturer: Whiteside Machine & Repair Co (WHIMA),Manufacturer Part Number: 6009,,,,,,,,,,,,,,,,,,
3000A,3000A Whiteside Router Bit,,,,Whiteside Machine & Repair Co (WHIMA),Unknown,0.0,No evidence,[],,,,,,,,,,,,,,,,,,,,,,,,,,,,,,,,,,,,,,,,,,,,,,,,,,,,,,,,,,,,,,,,,,,,,,,,,,,,,,,,,,,,,,,,,,,,,,,,,,,,,,,,,,,,,,,,,,,,,,,,,,,,,,,,,,,,,,,,,,,,,,,,,,,,,,,Whiteside Machine & Repair Co (WHIMA),Unknown,3000A,Whiteside Router Bit,Whiteside Router Bit for industrial and commercial applications.,Whiteside Router Bit Manufactured or supplied by Whiteside Machine & Repair Co (WHIMA).,Whiteside Router Bit designed for industrial and commercial use.,Manufacturer: Whiteside Machine & Repair Co (WHIMA),Manufacturer Part Number: 3000A,,,,,,,,,,,,,,,,,,
MID6630201US,MID6630201US Deos663XCV Sander,,,,Mirka Abrasives Inc (MIRUS),Unknown,0.0,No evidence,[],,,,,,,,,,,,,,,,,,,,,,,,,,,,,,,,,,,,,,,,,,,,,,,,,,,,,,,,,,,,,,,,,,,,,,,,,,,,,,,,,,,,,,,,,,,,,,,,,,,,,,,,,,,,,,,,,,,,,,,,,,,,,,,,,,,,,,,,,,,,,,,,,,,,,,,Mirka Abrasives Inc (MIRUS),Unknown,MID6630201US,Deos663XCV Sander,Deos663XCV Sander for industrial and commercial applications.,Deos663XCV Sander Manufactured or supplied by Mirka Abrasives Inc (MIRUS).,Deos663XCV Sander designed for industrial and commercial use.,Manufacturer: Mirka Abrasives Inc (MIRUS),Manufacturer Part Number: MID6630201US,,,,,,,,,,,,,,,,,,
DCF6202,DCF6202 Dewalt Collated Attach,,,DEWALT,Black & Decker/dewlt (2585),DEWALT,0.9,Structured source + description,[],,,,,,,,,,,,,,,,,,,,,,,,,,,,,,,,,,,,,,,,,,,,,,,,,,,,,,,,,,,,,,,,,,,,,,,,,,,,,,,,,,,,,,,,,,,,,,,,,,,,,,,,,,,,,,,,,,,,,,,,,,,,,,,,,,,,,,,,,,,,,,,,,,,,,,,Black & Decker/dewlt (2585),DEWALT,DCF6202,Dewalt Collated Attach,Dewalt Collated Attach for industrial and commercial applications.,Dewalt Collated Attach Manufactured or supplied by Black & Decker/dewlt (2585).,Dewalt Collated Attach designed for industrial and commercial use.,Brand: DEWALT,Manufacturer: Black & Decker/dewlt (2585),Manufacturer Part Number: DCF6202,,,,,,,,,,,,,,,,,
25468,25468 Mason Line Brd Green - 500',,,,U S Tape Company (6694),Unknown,0.0,No evidence,[],,,,,,,,,,,,,,,,,,,,,,,,,,,,,,,,,,,,,,,,,,,,,,,,,,,,,,,,,,,,,,,,,,,,,,,,,,,,,,,,,,,,,,,,,,,,,,,,,,,,,,,,,,,,,,,,,,,,,,,,,,,,,,,,,,,,,,,,,,,,,,,,,,,,,,,U S Tape Company (6694),Unknown,25468,Mason Line Brd Green - 500',Mason Line Brd Green - 500' for industrial and commercial applications.,Mason Line Brd Green - 500' Manufactured or supplied by U S Tape Company (6694).,Mason Line Brd Green - 500' designed for industrial and commercial use.,Manufacturer: U S Tape Company (6694),Manufacturer Part Number: 25468,,,,,,,,,,,,,,,,,,
25762,25762 Mason Line Brd Pink - 1000',,,,U S Tape Company (6694),Unknown,0.0,No evidence,[],,,,,,,,,,,,,,,,,,,,,,,,,,,,,,,,,,,,,,,,,,,,,,,,,,,,,,,,,,,,,,,,,,,,,,,,,,,,,,,,,,,,,,,,,,,,,,,,,,,,,,,,,,,,,,,,,,,,,,,,,,,,,,,,,,,,,,,,,,,,,,,,,,,,,,,U S Tape Company (6694),Unknown,25762,Mason Line Brd Pink - 1000',Mason Line Brd Pink - 1000' for industrial and commercial applications.,Mason Line Brd Pink - 1000' Manufactured or supplied by U S Tape Company (6694).,Mason Line Brd Pink - 1000' designed for industrial and commercial use.,Manufacturer: U S Tape Company (6694),Manufacturer Part Number: 25762,,,,,,,,,,,,,,,,,,
21839NN,"21839NN File Bstd Mill 10""",,,Nicholson,-,Nicholson,0.7,Structured source,"[('Size', '10', 'in')]",Size,10,in,,,,,,,,,,,,,,,,,,,,,,,,,,,,,,,,,,,,,,,,,,,,,,,,,,,,,,,,,,,,,,,,,,,,,,,,,,,,,,,,,,,,,,,,,,,,,,,,,,,,,,,,,,,,,,,,,,,,,,,,,,,,,,,,,,,,,,,,,,,,,,,,,,,,-,Nicholson,21839NN,"Nicholson File Bstd Mill 10""","Nicholson File Bstd Mill 10"" for industrial and commercial applications.","Nicholson File Bstd Mill 10"" Manufactured or supplied by -. Available product information includes Size: 10 in.","Nicholson File Bstd Mill 10"" designed for industrial and commercial use. Key identified specifications include Size: 10 in.",Brand: Nicholson,Manufacturer: -,Manufacturer Part Number: 21839NN,Size: 10 in,,,,,,,,,,,,,,,,
VN56920,"VN56920 10 1/2"" Saw Blade",,,,Marshalltown Trowel (5155),Unknown,0.0,No evidence,"[('Size', '1/2', 'in')]",Size,1/2,in,,,,,,,,,,,,,,,,,,,,,,,,,,,,,,,,,,,,,,,,,,,,,,,,,,,,,,,,,,,,,,,,,,,,,,,,,,,,,,,,,,,,,,,,,,,,,,,,,,,,,,,,,,,,,,,,,,,,,,,,,,,,,,,,,,,,,,,,,,,,,,,,,,,,Marshalltown Trowel (5155),Unknown,VN56920,"10 1/2"" Saw Blade","10 1/2"" Saw Blade for industrial and commercial applications.","10 1/2"" Saw Blade Manufactured or supplied by Marshalltown Trowel (5155). Available product information includes Size: 1/2 in.","10 1/2"" Saw Blade designed for industrial and commercial use. Key identified specifications include Size: 1/2 in.",Manufacturer: Marshalltown Trowel (5155),Manufacturer Part Number: VN56920,Size: 1/2 in,,,,,,,,,,,,,,,,,
133164,133164 950/9 Hex Plus Spks - Multicolor,,,,Wera Tools NA Inc (WERTO),Unknown,0.0,No evidence,[],,,,,,,,,,,,,,,,,,,,,,,,,,,,,,,,,,,,,,,,,,,,,,,,,,,,,,,,,,,,,,,,,,,,,,,,,,,,,,,,,,,,,,,,,,,,,,,,,,,,,,,,,,,,,,,,,,,,,,,,,,,,,,,,,,,,,,,,,,,,,,,,,,,,,,,Wera Tools NA Inc (WERTO),Unknown,133164,950/9 Hex Plus Spks - Multicolor,950/9 Hex Plus Spks - Multicolor for industrial and commercial applications.,950/9 Hex Plus Spks - Multicolor Manufactured or supplied by Wera Tools NA Inc (WERTO).,950/9 Hex Plus Spks - Multicolor designed for industrial and commercial use.,Manufacturer: Wera Tools NA Inc (WERTO),Manufacturer Part Number: 133164,,,,,,,,,,,,,,,,,,
DWHT10993,DWHT10993 Folding Knife,,,DEWALT,Black & Decker/dewlt (2585),DEWALT,0.7,Structured source,[],,,,,,,,,,,,,,,,,,,,,,,,,,,,,,,,,,,,,,,,,,,,,,,,,,,,,,,,,,,,,,,,,,,,,,,,,,,,,,,,,,,,,,,,,,,,,,,,,,,,,,,,,,,,,,,,,,,,,,,,,,,,,,,,,,,,,,,,,,,,,,,,,,,,,,,Black & Decker/dewlt (2585),DEWALT,DWHT10993,DEWALT Folding Knife,DEWALT Folding Knife for industrial and commercial applications.,DEWALT Folding Knife Manufactured or supplied by Black & Decker/dewlt (2585).,DEWALT Folding Knife designed for industrial and commercial use.,Brand: DEWALT,Manufacturer: Black & Decker/dewlt (2585),Manufacturer Part Number: DWHT10993,,,,,,,,,,,,,,,,,
DWHT10994,DWHT10994 Folding Knife,,,DEWALT,Black & Decker/dewlt (2585),DEWALT,0.7,Structured source,[],,,,,,,,,,,,,,,,,,,,,,,,,,,,,,,,,,,,,,,,,,,,,,,,,,,,,,,,,,,,,,,,,,,,,,,,,,,,,,,,,,,,,,,,,,,,,,,,,,,,,,,,,,,,,,,,,,,,,,,,,,,,,,,,,,,,,,,,,,,,,,,,,,,,,,,Black & Decker/dewlt (2585),DEWALT,DWHT10994,DEWALT Folding Knife,DEWALT Folding Knife for industrial and commercial applications.,DEWALT Folding Knife Manufactured or supplied by Black & Decker/dewlt (2585).,DEWALT Folding Knife designed for industrial and commercial use.,Brand: DEWALT,Manufacturer: Black & Decker/dewlt (2585),Manufacturer Part Number: DWHT10994,,,,,,,,,,,,,,,,,
QB22RU,QB22RU Vessel Carrying Bit Holder (Red),,,,Vessel Tools USA Inc (VESTO),Unknown,0.0,No evidence,[],,,,,,,,,,,,,,,,,,,,,,,,,,,,,,,,,,,,,,,,,,,,,,,,,,,,,,,,,,,,,,,,,,,,,,,,,,,,,,,,,,,,,,,,,,,,,,,,,,,,,,,,,,,,,,,,,,,,,,,,,,,,,,,,,,,,,,,,,,,,,,,,,,,,,,,Vessel Tools USA Inc (VESTO),Unknown,QB22RU,Vessel Carrying Bit Holder (Red),Vessel Carrying Bit Holder (Red) for industrial and commercial applications.,Vessel Carrying Bit Holder (Red) Manufactured or supplied by Vessel Tools USA Inc (VESTO).,Vessel Carrying Bit Holder (Red) designed for industrial and commercial use.,Manufacturer: Vessel Tools USA Inc (VESTO),Manufacturer Part Number: QB22RU,,,,,,,,,,,,,,,,,,
QB22KU,QB22KU Vessel Carrying Bit Holder (Black),,,,Vessel Tools USA Inc (VESTO),Unknown,0.0,No evidence,[],,,,,,,,,,,,,,,,,,,,,,,,,,,,,,,,,,,,,,,,,,,,,,,,,,,,,,,,,,,,,,,,,,,,,,,,,,,,,,,,,,,,,,,,,,,,,,,,,,,,,,,,,,,,,,,,,,,,,,,,,,,,,,,,,,,,,,,,,,,,,,,,,,,,,,,Vessel Tools USA Inc (VESTO),Unknown,QB22KU,Vessel Carrying Bit Holder (Black),Vessel Carrying Bit Holder (Black) for industrial and commercial applications.,Vessel Carrying Bit Holder (Black) Manufactured or supplied by Vessel Tools USA Inc (VESTO).,Vessel Carrying Bit Holder (Black) designed for industrial and commercial use.,Manufacturer: Vessel Tools USA Inc (VESTO),Manufacturer Part Number: QB22KU,,,,,,,,,,,,,,,,,,
AVM6EV,AVM6 EV Mini Snip Red,,,,Malco Prod (2370),Unknown,0.0,No evidence,[],,,,,,,,,,,,,,,,,,,,,,,,,,,,,,,,,,,,,,,,,,,,,,,,,,,,,,,,,,,,,,,,,,,,,,,,,,,,,,,,,,,,,,,,,,,,,,,,,,,,,,,,,,,,,,,,,,,,,,,,,,,,,,,,,,,,,,,,,,,,,,,,,,,,,,,Malco Prod (2370),Unknown,AVM6EV,AVM6 EV Mini Snip Red,AVM6 EV Mini Snip Red for industrial and commercial applications.,AVM6 EV Mini Snip Red Manufactured or supplied by Malco Prod (2370).,AVM6 EV Mini Snip Red designed for industrial and commercial use.,Manufacturer: Malco Prod (2370),Manufacturer Part Number: AVM6EV,,,,,,,,,,,,,,,,,,
AVM6EV,AVM7 EV Mini Snip Green,,,,Malco Prod (2370),Unknown,0.0,No evidence,[],,,,,,,,,,,,,,,,,,,,,,,,,,,,,,,,,,,,,,,,,,,,,,,,,,,,,,,,,,,,,,,,,,,,,,,,,,,,,,,,,,,,,,,,,,,,,,,,,,,,,,,,,,,,,,,,,,,,,,,,,,,,,,,,,,,,,,,,,,,,,,,,,,,,,,,Malco Prod (2370),Unknown,AVM6EV,AVM7 EV Mini Snip Green,AVM7 EV Mini Snip Green for industrial and commercial applications.,AVM7 EV Mini Snip Green Manufactured or supplied by Malco Prod (2370).,AVM7 EV Mini Snip Green designed for industrial and commercial use.,Manufacturer: Malco Prod (2370),Manufacturer Part Number: AVM6EV,,,,,,,,,,,,,,,,,,
DSA0250B,"DSA0250B 1/4"" Square x1/4"" Hex - Socket Adapter",,,Diablo,Freud Inc (2435),Diablo,0.7,Structured source,"[('Size', '1/4', 'in')]",Size,1/4,in,,,,,,,,,,,,,,,,,,,,,,,,,,,,,,,,,,,,,,,,,,,,,,,,,,,,,,,,,,,,,,,,,,,,,,,,,,,,,,,,,,,,,,,,,,,,,,,,,,,,,,,,,,,,,,,,,,,,,,,,,,,,,,,,,,,,,,,,,,,,,,,,,,,,Freud Inc (2435),Diablo,DSA0250B,"Diablo 1/4"" Square x1/4"" Hex - Socket Adapter","Diablo 1/4"" Square x1/4"" Hex - Socket Adapter for industrial and commercial applications.","Diablo 1/4"" Square x1/4"" Hex - Socket Adapter Manufactured or supplied by Freud Inc (2435). Available product information includes Size: 1/4 in.","Diablo 1/4"" Square x1/4"" Hex - Socket Adapter designed for industrial and commercial use. Key identified specifications include Size: 1/4 in.",Brand: Diablo,Manufacturer: Freud Inc (2435),Manufacturer Part Number: DSA0250B,Size: 1/4 in,,,,,,,,,,,,,,,,
DSA0375B,"DSA0375B 3/8"" Square x1/4"" Hex - Socket Adapter",,,Diablo,Freud Inc (2435),Diablo,0.7,Structured source,"[('Size', '3/8', 'in')]",Size,3/8,in,,,,,,,,,,,,,,,,,,,,,,,,,,,,,,,,,,,,,,,,,,,,,,,,,,,,,,,,,,,,,,,,,,,,,,,,,,,,,,,,,,,,,,,,,,,,,,,,,,,,,,,,,,,,,,,,,,,,,,,,,,,,,,,,,,,,,,,,,,,,,,,,,,,,Freud Inc (2435),Diablo,DSA0375B,"Diablo 3/8"" Square x1/4"" Hex - Socket Adapter","Diablo 3/8"" Square x1/4"" Hex - Socket Adapter for industrial and commercial applications.","Diablo 3/8"" Square x1/4"" Hex - Socket Adapter Manufactured or supplied by Freud Inc (2435). Available product information includes Size: 3/8 in.","Diablo 3/8"" Square x1/4"" Hex - Socket Adapter designed for industrial and commercial use. Key identified specifications include Size: 3/8 in.",Brand: Diablo,Manufacturer: Freud Inc (2435),Manufacturer Part Number: DSA0375B,Size: 3/8 in,,,,,,,,,,,,,,,,
DSA0500B,"DSA0500B 1/2"" Square x1/4"" Hex - Socket Adapter",,,Diablo,Freud Inc (2435),Diablo,0.7,Structured source,"[('Size', '1/2', 'in')]",Size,1/2,in,,,,,,,,,,,,,,,,,,,,,,,,,,,,,,,,,,,,,,,,,,,,,,,,,,,,,,,,,,,,,,,,,,,,,,,,,,,,,,,,,,,,,,,,,,,,,,,,,,,,,,,,,,,,,,,,,,,,,,,,,,,,,,,,,,,,,,,,,,,,,,,,,,,,Freud Inc (2435),Diablo,DSA0500B,"Diablo 1/2"" Square x1/4"" Hex - Socket Adapter","Diablo 1/2"" Square x1/4"" Hex - Socket Adapter for industrial and commercial applications.","Diablo 1/2"" Square x1/4"" Hex - Socket Adapter Manufactured or supplied by Freud Inc (2435). Available product information includes Size: 1/2 in.","Diablo 1/2"" Square x1/4"" Hex - Socket Adapter designed for industrial and commercial use. Key identified specifications include Size: 1/2 in.",Brand: Diablo,Manufacturer: Freud Inc (2435),Manufacturer Part Number: DSA0500B,Size: 1/2 in,,,,,,,,,,,,,,,,
42-04-9107,"42-04-9107 Milw 3/8"" Drive Universal Joint",,,,Milwaukee Accessory (4031),Unknown,0.0,No evidence,"[('Size', '3/8', 'in')]",Size,3/8,in,,,,,,,,,,,,,,,,,,,,,,,,,,,,,,,,,,,,,,,,,,,,,,,,,,,,,,,,,,,,,,,,,,,,,,,,,,,,,,,,,,,,,,,,,,,,,,,,,,,,,,,,,,,,,,,,,,,,,,,,,,,,,,,,,,,,,,,,,,,,,,,,,,,,Milwaukee Accessory (4031),Unknown,42-04-9107,"Milw 3/8"" Drive Universal Joint","Milw 3/8"" Drive Universal Joint for industrial and commercial applications.","Milw 3/8"" Drive Universal Joint Manufactured or supplied by Milwaukee Accessory (4031). Available product information includes Size: 3/8 in.","Milw 3/8"" Drive Universal Joint designed for industrial and commercial use. Key identified specifications include Size: 3/8 in.",Manufacturer: Milwaukee Accessory (4031),Manufacturer Part Number: 42-04-9107,Size: 3/8 in,,,,,,,,,,,,,,,,,
48-22-9491,48-22-9491 Milw 242pc Ratchet & Socket Set 4-Drawer Tool Box,,,,Milwaukee Accessory (4031),Unknown,0.0,No evidence,"[('Quantity', '242', 'pcs')]",Quantity,242,pcs,,,,,,,,,,,,,,,,,,,,,,,,,,,,,,,,,,,,,,,,,,,,,,,,,,,,,,,,,,,,,,,,,,,,,,,,,,,,,,,,,,,,,,,,,,,,,,,,,,,,,,,,,,,,,,,,,,,,,,,,,,,,,,,,,,,,,,,,,,,,,,,,,,,,Milwaukee Accessory (4031),Unknown,48-22-9491,Milw 242pc Ratchet & Socket Set 4-Drawer Tool Box,Milw 242pc Ratchet & Socket Set 4-Drawer Tool Box for industrial and commercial applications.,Milw 242pc Ratchet & Socket Set 4-Drawer Tool Box Manufactured or supplied by Milwaukee Accessory (4031). Available product information includes Quantity: 242 pcs.,Milw 242pc Ratchet & Socket Set 4-Drawer Tool Box designed for industrial and commercial use. Key identified specifications include Quantity: 242 pcs.,Manufacturer: Milwaukee Accessory (4031),Manufacturer Part Number: 48-22-9491,Quantity: 242 pcs,,,,,,,,,,,,,,,,,
DWMT45422,"DWMT45422 Dewalt 1/4"" Drive - 50pc Mechanics Set",,,,Black & Decker/dewlt (2585),DEWALT,0.6,Product description,"[('Size', '1/4', 'in'), ('Quantity', '50', 'pcs')]",Size,1/4,in,Quantity,50,pcs,,,,,,,,,,,,,,,,,,,,,,,,,,,,,,,,,,,,,,,,,,,,,,,,,,,,,,,,,,,,,,,,,,,,,,,,,,,,,,,,,,,,,,,,,,,,,,,,,,,,,,,,,,,,,,,,,,,,,,,,,,,,,,,,,,,,,,,,,,,,,,,,,Black & Decker/dewlt (2585),DEWALT,DWMT45422,"Dewalt 1/4"" Drive - 50pc Mechanics Set","Dewalt 1/4"" Drive - 50pc Mechanics Set for industrial and commercial applications.","Dewalt 1/4"" Drive - 50pc Mechanics Set Manufactured or supplied by Black & Decker/dewlt (2585). Available product information includes Size: 1/4 in, Quantity: 50 pcs.","Dewalt 1/4"" Drive - 50pc Mechanics Set designed for industrial and commercial use. Key identified specifications include Size: 1/4 in, Quantity: 50 pcs.",Brand: DEWALT,Manufacturer: Black & Decker/dewlt (2585),Manufacturer Part Number: DWMT45422,Size: 1/4 in,Quantity: 50 pcs,,,,,,,,,,,,,,,
DWMT45424,"DWMT45424 Dewalt 3/8"" Drive - 84pc Mechanics Set",,,,Black & Decker/dewlt (2585),DEWALT,0.6,Product description,"[('Size', '3/8', 'in'), ('Quantity', '84', 'pcs')]",Size,3/8,in,Quantity,84,pcs,,,,,,,,,,,,,,,,,,,,,,,,,,,,,,,,,,,,,,,,,,,,,,,,,,,,,,,,,,,,,,,,,,,,,,,,,,,,,,,,,,,,,,,,,,,,,,,,,,,,,,,,,,,,,,,,,,,,,,,,,,,,,,,,,,,,,,,,,,,,,,,,,Black & Decker/dewlt (2585),DEWALT,DWMT45424,"Dewalt 3/8"" Drive - 84pc Mechanics Set","Dewalt 3/8"" Drive - 84pc Mechanics Set for industrial and commercial applications.","Dewalt 3/8"" Drive - 84pc Mechanics Set Manufactured or supplied by Black & Decker/dewlt (2585). Available product information includes Size: 3/8 in, Quantity: 84 pcs.","Dewalt 3/8"" Drive - 84pc Mechanics Set designed for industrial and commercial use. Key identified specifications include Size: 3/8 in, Quantity: 84 pcs.",Brand: DEWALT,Manufacturer: Black & Decker/dewlt (2585),Manufacturer Part Number: DWMT45424,Size: 3/8 in,Quantity: 84 pcs,,,,,,,,,,,,,,,
48-22-9483,48-22-9483 Milw Packout 15pc - Metric Wrench Set,,,,Milwaukee Accessory (4031),Unknown,0.0,No evidence,"[('Quantity', '15', 'pcs')]",Quantity,15,pcs,,,,,,,,,,,,,,,,,,,,,,,,,,,,,,,,,,,,,,,,,,,,,,,,,,,,,,,,,,,,,,,,,,,,,,,,,,,,,,,,,,,,,,,,,,,,,,,,,,,,,,,,,,,,,,,,,,,,,,,,,,,,,,,,,,,,,,,,,,,,,,,,,,,,Milwaukee Accessory (4031),Unknown,48-22-9483,Milw Packout 15pc - Metric Wrench Set,Milw Packout 15pc - Metric Wrench Set for industrial and commercial applications.,Milw Packout 15pc - Metric Wrench Set Manufactured or supplied by Milwaukee Accessory (4031). Available product information includes Quantity: 15 pcs.,Milw Packout 15pc - Metric Wrench Set designed for industrial and commercial use. Key identified specifications include Quantity: 15 pcs.,Manufacturer: Milwaukee Accessory (4031),Manufacturer Part Number: 48-22-9483,Quantity: 15 pcs,,,,,,,,,,,,,,,,,
48-22-9484,48-22-9484 Milw Packout 15pc - SAE Wrench Set,,,,Milwaukee Accessory (4031),Unknown,0.0,No evidence,"[('Quantity', '15', 'pcs')]",Quantity,15,pcs,,,,,,,,,,,,,,,,,,,,,,,,,,,,,,,,,,,,,,,,,,,,,,,,,,,,,,,,,,,,,,,,,,,,,,,,,,,,,,,,,,,,,,,,,,,,,,,,,,,,,,,,,,,,,,,,,,,,,,,,,,,,,,,,,,,,,,,,,,,,,,,,,,,,Milwaukee Accessory (4031),Unknown,48-22-9484,Milw Packout 15pc - SAE Wrench Set,Milw Packout 15pc - SAE Wrench Set for industrial and commercial applications.,Milw Packout 15pc - SAE Wrench Set Manufactured or supplied by Milwaukee Accessory (4031). Available product information includes Quantity: 15 pcs.,Milw Packout 15pc - SAE Wrench Set designed for industrial and commercial use. Key identified specifications include Quantity: 15 pcs.,Manufacturer: Milwaukee Accessory (4031),Manufacturer Part Number: 48-22-9484,Quantity: 15 pcs,,,,,,,,,,,,,,,,,
48-22-9485,48-22-9485 Milw Packout 30pc - Metric & SAE Wrench Set,,,,Milwaukee Accessory (4031),Unknown,0.0,No evidence,"[('Quantity', '30', 'pcs')]",Quantity,30,pcs,,,,,,,,,,,,,,,,,,,,,,,,,,,,,,,,,,,,,,,,,,,,,,,,,,,,,,,,,,,,,,,,,,,,,,,,,,,,,,,,,,,,,,,,,,,,,,,,,,,,,,,,,,,,,,,,,,,,,,,,,,,,,,,,,,,,,,,,,,,,,,,,,,,,Milwaukee Accessory (4031),Unknown,48-22-9485,Milw Packout 30pc - Metric & SAE Wrench Set,Milw Packout 30pc - Metric & SAE Wrench Set for industrial and commercial applications.,Milw Packout 30pc - Metric & SAE Wrench Set Manufactured or supplied by Milwaukee Accessory (4031). Available product information includes Quantity: 30 pcs.,Milw Packout 30pc - Metric & SAE Wrench Set designed for industrial and commercial use. Key identified specifications include Quantity: 30 pcs.,Manufacturer: Milwaukee Accessory (4031),Manufacturer Part Number: 48-22-9485,Quantity: 30 pcs,,,,,,,,,,,,,,,,,
48-44-2770,48-44-2770 Milw Pole Pruning - Shears Replacement Blade,,,,Milwaukee Accessory (4031),Unknown,0.0,No evidence,[],,,,,,,,,,,,,,,,,,,,,,,,,,,,,,,,,,,,,,,,,,,,,,,,,,,,,,,,,,,,,,,,,,,,,,,,,,,,,,,,,,,,,,,,,,,,,,,,,,,,,,,,,,,,,,,,,,,,,,,,,,,,,,,,,,,,,,,,,,,,,,,,,,,,,,,Milwaukee Accessory (4031),Unknown,48-44-2770,Milw Pole Pruning - Shears Replacement Blade,Milw Pole Pruning - Shears Replacement Blade for industrial and commercial applications.,Milw Pole Pruning - Shears Replacement Blade Manufactured or supplied by Milwaukee Accessory (4031).,Milw Pole Pruning - Shears Replacement Blade designed for industrial and commercial use.,Manufacturer: Milwaukee Accessory (4031),Manufacturer Part Number: 48-44-2770,,,,,,,,,,,,,,,,,,
IWHT48441RC,IWHT48441RC Irwin 100ft - Red Chalk & Reel Set,,,Irwin,Irwin Industrial Tools (5863),Irwin,0.9,Structured source + description,[],,,,,,,,,,,,,,,,,,,,,,,,,,,,,,,,,,,,,,,,,,,,,,,,,,,,,,,,,,,,,,,,,,,,,,,,,,,,,,,,,,,,,,,,,,,,,,,,,,,,,,,,,,,,,,,,,,,,,,,,,,,,,,,,,,,,,,,,,,,,,,,,,,,,,,,Irwin Industrial Tools (5863),Irwin,IWHT48441RC,Irwin 100ft - Red Chalk & Reel Set,Irwin 100ft - Red Chalk & Reel Set for industrial and commercial applications.,Irwin 100ft - Red Chalk & Reel Set Manufactured or supplied by Irwin Industrial Tools (5863).,Irwin 100ft - Red Chalk & Reel Set designed for industrial and commercial use.,Brand: Irwin,Manufacturer: Irwin Industrial Tools (5863),Manufacturer Part Number: IWHT48441RC,,,,,,,,,,,,,,,,,
XRU23SM1,"XRU23SM1 Makita 18V 13"" - String Trimmer Kit",,,,Makita Usa Inc (5142),Unknown,0.0,No evidence,"[('Voltage', '18', 'V'), ('Size', '13', 'in')]",Voltage,18,V,Size,13,in,,,,,,,,,,,,,,,,,,,,,,,,,,,,,,,,,,,,,,,,,,,,,,,,,,,,,,,,,,,,,,,,,,,,,,,,,,,,,,,,,,,,,,,,,,,,,,,,,,,,,,,,,,,,,,,,,,,,,,,,,,,,,,,,,,,,,,,,,,,,,,,,,Makita Usa Inc (5142),Unknown,XRU23SM1,"Makita 18V 13"" - String Trimmer Kit","Makita 18V 13"" - String Trimmer Kit for industrial and commercial applications.","Makita 18V 13"" - String Trimmer Kit Manufactured or supplied by Makita Usa Inc (5142). Available product information includes Voltage: 18 V, Size: 13 in.","Makita 18V 13"" - String Trimmer Kit designed for industrial and commercial use. Key identified specifications include Voltage: 18 V, Size: 13 in.",Manufacturer: Makita Usa Inc (5142),Manufacturer Part Number: XRU23SM1,Voltage: 18 V,Size: 13 in,,,,,,,,,,,,,,,,
XRU15PT1,XRU15PT1 Makita String Trimmer,,,,Makita Usa Inc (5142),Unknown,0.0,No evidence,[],,,,,,,,,,,,,,,,,,,,,,,,,,,,,,,,,,,,,,,,,,,,,,,,,,,,,,,,,,,,,,,,,,,,,,,,,,,,,,,,,,,,,,,,,,,,,,,,,,,,,,,,,,,,,,,,,,,,,,,,,,,,,,,,,,,,,,,,,,,,,,,,,,,,,,,Makita Usa Inc (5142),Unknown,XRU15PT1,Makita String Trimmer,Makita String Trimmer for industrial and commercial applications.,Makita String Trimmer Manufactured or supplied by Makita Usa Inc (5142).,Makita String Trimmer designed for industrial and commercial use.,Manufacturer: Makita Usa Inc (5142),Manufacturer Part Number: XRU15PT1,,,,,,,,,,,,,,,,,,
XRU23Z,XRU23Z Makita 18V Trimmer Tool - Only,,,,Makita Usa Inc (5142),Unknown,0.0,No evidence,"[('Voltage', '18', 'V')]",Voltage,18,V,,,,,,,,,,,,,,,,,,,,,,,,,,,,,,,,,,,,,,,,,,,,,,,,,,,,,,,,,,,,,,,,,,,,,,,,,,,,,,,,,,,,,,,,,,,,,,,,,,,,,,,,,,,,,,,,,,,,,,,,,,,,,,,,,,,,,,,,,,,,,,,,,,,,Makita Usa Inc (5142),Unknown,XRU23Z,Makita 18V Trimmer Tool - Only,Makita 18V Trimmer Tool - Only for industrial and commercial applications.,Makita 18V Trimmer Tool - Only Manufactured or supplied by Makita Usa Inc (5142). Available product information includes Voltage: 18 V.,Makita 18V Trimmer Tool - Only designed for industrial and commercial use. Key identified specifications include Voltage: 18 V.,Manufacturer: Makita Usa Inc (5142),Manufacturer Part Number: XRU23Z,Voltage: 18 V,,,,,,,,,,,,,,,,,
0887-20,0887-20 Milw M18 Brushless Precision Blower,,,,Milwaukee Accessory (4031),Unknown,0.0,No evidence,[],,,,,,,,,,,,,,,,,,,,,,,,,,,,,,,,,,,,,,,,,,,,,,,,,,,,,,,,,,,,,,,,,,,,,,,,,,,,,,,,,,,,,,,,,,,,,,,,,,,,,,,,,,,,,,,,,,,,,,,,,,,,,,,,,,,,,,,,,,,,,,,,,,,,,,,Milwaukee Accessory (4031),Unknown,0887-20,Milw M18 Brushless Precision Blower,Milw M18 Brushless Precision Blower for industrial and commercial applications.,Milw M18 Brushless Precision Blower Manufactured or supplied by Milwaukee Accessory (4031).,Milw M18 Brushless Precision Blower designed for industrial and commercial use.,Manufacturer: Milwaukee Accessory (4031),Manufacturer Part Number: 0887-20,,,,,,,,,,,,,,,,,,
DCBL724B,DCBL724B Dewalt 20V Max XR Blower (Bare),,,,Black & Decker/dewlt (2585),DEWALT,0.6,Product description,"[('Voltage', '20', 'V')]",Voltage,20,V,,,,,,,,,,,,,,,,,,,,,,,,,,,,,,,,,,,,,,,,,,,,,,,,,,,,,,,,,,,,,,,,,,,,,,,,,,,,,,,,,,,,,,,,,,,,,,,,,,,,,,,,,,,,,,,,,,,,,,,,,,,,,,,,,,,,,,,,,,,,,,,,,,,,Black & Decker/dewlt (2585),DEWALT,DCBL724B,Dewalt 20V Max XR Blower (Bare),Dewalt 20V Max XR Blower (Bare) for industrial and commercial applications.,Dewalt 20V Max XR Blower (Bare) Manufactured or supplied by Black & Decker/dewlt (2585). Available product information includes Voltage: 20 V.,Dewalt 20V Max XR Blower (Bare) designed for industrial and commercial use. Key identified specifications include Voltage: 20 V.,Brand: DEWALT,Manufacturer: Black & Decker/dewlt (2585),Manufacturer Part Number: DCBL724B,Voltage: 20 V,,,,,,,,,,,,,,,,
2954-20,2954-20 Milw M18 Bluetooth Jobsite Speaker,,,,Milwaukee Accessory (4031),Unknown,0.0,No evidence,[],,,,,,,,,,,,,,,,,,,,,,,,,,,,,,,,,,,,,,,,,,,,,,,,,,,,,,,,,,,,,,,,,,,,,,,,,,,,,,,,,,,,,,,,,,,,,,,,,,,,,,,,,,,,,,,,,,,,,,,,,,,,,,,,,,,,,,,,,,,,,,,,,,,,,,,Milwaukee Accessory (4031),Unknown,2954-20,Milw M18 Bluetooth Jobsite Speaker,Milw M18 Bluetooth Jobsite Speaker for industrial and commercial applications.,Milw M18 Bluetooth Jobsite Speaker Manufactured or supplied by Milwaukee Accessory (4031).,Milw M18 Bluetooth Jobsite Speaker designed for industrial and commercial use.,Manufacturer: Milwaukee Accessory (4031),Manufacturer Part Number: 2954-20,,,,,,,,,,,,,,,,,,
2955-20,2955-20 Milw M12 Bluetooth - Jobsite Speaker w/Packout,,,,Milwaukee Accessory (4031),Unknown,0.0,No evidence,[],,,,,,,,,,,,,,,,,,,,,,,,,,,,,,,,,,,,,,,,,,,,,,,,,,,,,,,,,,,,,,,,,,,,,,,,,,,,,,,,,,,,,,,,,,,,,,,,,,,,,,,,,,,,,,,,,,,,,,,,,,,,,,,,,,,,,,,,,,,,,,,,,,,,,,,Milwaukee Accessory (4031),Unknown,2955-20,Milw M12 Bluetooth - Jobsite Speaker w/Packout,Milw M12 Bluetooth - Jobsite Speaker w/Packout for industrial and commercial applications.,Milw M12 Bluetooth - Jobsite Speaker w/Packout Manufactured or supplied by Milwaukee Accessory (4031).,Milw M12 Bluetooth - Jobsite Speaker w/Packout designed for industrial and commercial use.,Manufacturer: Milwaukee Accessory (4031),Manufacturer Part Number: 2955-20,,,,,,,,,,,,,,,,,,
9A-219-180,9A-219-180 Abranet 4x6x6,,,,Mirka Abrasives Inc (MIRUS),Unknown,0.0,No evidence,[],,,,,,,,,,,,,,,,,,,,,,,,,,,,,,,,,,,,,,,,,,,,,,,,,,,,,,,,,,,,,,,,,,,,,,,,,,,,,,,,,,,,,,,,,,,,,,,,,,,,,,,,,,,,,,,,,,,,,,,,,,,,,,,,,,,,,,,,,,,,,,,,,,,,,,,Mirka Abrasives Inc (MIRUS),Unknown,9A-219-180,Abranet 4x6x6,Abranet 4x6x6 for industrial and commercial applications.,Abranet 4x6x6 Manufactured or supplied by Mirka Abrasives Inc (MIRUS).,Abranet 4x6x6 designed for industrial and commercial use.,Manufacturer: Mirka Abrasives Inc (MIRUS),Manufacturer Part Number: 9A-219-180,,,,,,,,,,,,,,,,,,
9A-219-120RP,9A-219-120RP Abranet 4x6x6,,,,Mirka Abrasives Inc (MIRUS),Unknown,0.0,No evidence,[],,,,,,,,,,,,,,,,,,,,,,,,,,,,,,,,,,,,,,,,,,,,,,,,,,,,,,,,,,,,,,,,,,,,,,,,,,,,,,,,,,,,,,,,,,,,,,,,,,,,,,,,,,,,,,,,,,,,,,,,,,,,,,,,,,,,,,,,,,,,,,,,,,,,,,,Mirka Abrasives Inc (MIRUS),Unknown,9A-219-120RP,Abranet 4x6x6,Abranet 4x6x6 for industrial and commercial applications.,Abranet 4x6x6 Manufactured or supplied by Mirka Abrasives Inc (MIRUS).,Abranet 4x6x6 designed for industrial and commercial use.,Manufacturer: Mirka Abrasives Inc (MIRUS),Manufacturer Part Number: 9A-219-120RP,,,,,,,,,,,,,,,,,,
3033-20,"3033-20 Milw M18 24"" - Hedge Trimmer",,,Milwaukee,Milwaukee Accessory (4031),Milwaukee,0.7,Structured source,"[('Size', '24', 'in')]",Size,24,in,,,,,,,,,,,,,,,,,,,,,,,,,,,,,,,,,,,,,,,,,,,,,,,,,,,,,,,,,,,,,,,,,,,,,,,,,,,,,,,,,,,,,,,,,,,,,,,,,,,,,,,,,,,,,,,,,,,,,,,,,,,,,,,,,,,,,,,,,,,,,,,,,,,,Milwaukee Accessory (4031),Milwaukee,3033-20,"Milwaukee Milw M18 24"" - Hedge Trimmer","Milwaukee Milw M18 24"" - Hedge Trimmer for industrial and commercial applications.","Milwaukee Milw M18 24"" - Hedge Trimmer Manufactured or supplied by Milwaukee Accessory (4031). Available product information includes Size: 24 in.","Milwaukee Milw M18 24"" - Hedge Trimmer designed for industrial and commercial use. Key identified specifications include Size: 24 in.",Brand: Milwaukee,Manufacturer: Milwaukee Accessory (4031),Manufacturer Part Number: 3033-20,Size: 24 in,,,,,,,,,,,,,,,,
3033-21,"3033-21 Milw M18 24"" - Hedge Trimmer Kit",,,,Milwaukee Accessory (4031),Unknown,0.0,No evidence,"[('Size', '24', 'in')]",Size,24,in,,,,,,,,,,,,,,,,,,,,,,,,,,,,,,,,,,,,,,,,,,,,,,,,,,,,,,,,,,,,,,,,,,,,,,,,,,,,,,,,,,,,,,,,,,,,,,,,,,,,,,,,,,,,,,,,,,,,,,,,,,,,,,,,,,,,,,,,,,,,,,,,,,,,Milwaukee Accessory (4031),Unknown,3033-21,"Milw M18 24"" - Hedge Trimmer Kit","Milw M18 24"" - Hedge Trimmer Kit for industrial and commercial applications.","Milw M18 24"" - Hedge Trimmer Kit Manufactured or supplied by Milwaukee Accessory (4031). Available product information includes Size: 24 in.","Milw M18 24"" - Hedge Trimmer Kit designed for industrial and commercial use. Key identified specifications include Size: 24 in.",Manufacturer: Milwaukee Accessory (4031),Manufacturer Part Number: 3033-21,Size: 24 in,,,,,,,,,,,,,,,,,
3034-20,"3034-20 Milw M18 30"" - Hedge Trimmer",,,Milwaukee,Milwaukee Accessory (4031),Milwaukee,0.7,Structured source,"[('Size', '30', 'in')]",Size,30,in,,,,,,,,,,,,,,,,,,,,,,,,,,,,,,,,,,,,,,,,,,,,,,,,,,,,,,,,,,,,,,,,,,,,,,,,,,,,,,,,,,,,,,,,,,,,,,,,,,,,,,,,,,,,,,,,,,,,,,,,,,,,,,,,,,,,,,,,,,,,,,,,,,,,Milwaukee Accessory (4031),Milwaukee,3034-20,"Milwaukee Milw M18 30"" - Hedge Trimmer","Milwaukee Milw M18 30"" - Hedge Trimmer for industrial and commercial applications.","Milwaukee Milw M18 30"" - Hedge Trimmer Manufactured or supplied by Milwaukee Accessory (4031). Available product information includes Size: 30 in.","Milwaukee Milw M18 30"" - Hedge Trimmer designed for industrial and commercial use. Key identified specifications include Size: 30 in.",Brand: Milwaukee,Manufacturer: Milwaukee Accessory (4031),Manufacturer Part Number: 3034-20,Size: 30 in,,,,,,,,,,,,,,,,
D25333K,D25333K Dewalt Hammer Drill,,,,Black & Decker/dewlt (2585),DEWALT,0.6,Product description,[],,,,,,,,,,,,,,,,,,,,,,,,,,,,,,,,,,,,,,,,,,,,,,,,,,,,,,,,,,,,,,,,,,,,,,,,,,,,,,,,,,,,,,,,,,,,,,,,,,,,,,,,,,,,,,,,,,,,,,,,,,,,,,,,,,,,,,,,,,,,,,,,,,,,,,,Black & Decker/dewlt (2585),DEWALT,D25333K,Dewalt Hammer Drill,Dewalt Hammer Drill for industrial and commercial applications.,Dewalt Hammer Drill Manufactured or supplied by Black & Decker/dewlt (2585).,Dewalt Hammer Drill designed for industrial and commercial use.,Brand: DEWALT,Manufacturer: Black & Decker/dewlt (2585),Manufacturer Part Number: D25333K,,,,,,,,,,,,,,,,,
DCD803B,DCD803B Dewalt Multi-Head Drill Driver,,,,Black & Decker/dewlt (2585),DEWALT,0.6,Product description,[],,,,,,,,,,,,,,,,,,,,,,,,,,,,,,,,,,,,,,,,,,,,,,,,,,,,,,,,,,,,,,,,,,,,,,,,,,,,,,,,,,,,,,,,,,,,,,,,,,,,,,,,,,,,,,,,,,,,,,,,,,,,,,,,,,,,,,,,,,,,,,,,,,,,,,,Black & Decker/dewlt (2585),DEWALT,DCD803B,Dewalt Multi-Head Drill Driver,Dewalt Multi-Head Drill Driver for industrial and commercial applications.,Dewalt Multi-Head Drill Driver Manufactured or supplied by Black & Decker/dewlt (2585).,Dewalt Multi-Head Drill Driver designed for industrial and commercial use.,Brand: DEWALT,Manufacturer: Black & Decker/dewlt (2585),Manufacturer Part Number: DCD803B,,,,,,,,,,,,,,,,,
DCF860B,DCF860B Dewalt 20V Impact - Driver Drill,,,,Black & Decker/dewlt (2585),DEWALT,0.6,Product description,"[('Voltage', '20', 'V')]",Voltage,20,V,,,,,,,,,,,,,,,,,,,,,,,,,,,,,,,,,,,,,,,,,,,,,,,,,,,,,,,,,,,,,,,,,,,,,,,,,,,,,,,,,,,,,,,,,,,,,,,,,,,,,,,,,,,,,,,,,,,,,,,,,,,,,,,,,,,,,,,,,,,,,,,,,,,,Black & Decker/dewlt (2585),DEWALT,DCF860B,Dewalt 20V Impact - Driver Drill,Dewalt 20V Impact - Driver Drill for industrial and commercial applications.,Dewalt 20V Impact - Driver Drill Manufactured or supplied by Black & Decker/dewlt (2585). Available product information includes Voltage: 20 V.,Dewalt 20V Impact - Driver Drill designed for industrial and commercial use. Key identified specifications include Voltage: 20 V.,Brand: DEWALT,Manufacturer: Black & Decker/dewlt (2585),Manufacturer Part Number: DCF860B,Voltage: 20 V,,,,,,,,,,,,,,,,
3401-20,3401-20 Milw M12 Drill Driver - Brushless Compact (Bare),,,,Milwaukee Accessory (4031),Unknown,0.0,No evidence,[],,,,,,,,,,,,,,,,,,,,,,,,,,,,,,,,,,,,,,,,,,,,,,,,,,,,,,,,,,,,,,,,,,,,,,,,,,,,,,,,,,,,,,,,,,,,,,,,,,,,,,,,,,,,,,,,,,,,,,,,,,,,,,,,,,,,,,,,,,,,,,,,,,,,,,,Milwaukee Accessory (4031),Unknown,3401-20,Milw M12 Drill Driver - Brushless Compact (Bare),Milw M12 Drill Driver - Brushless Compact (Bare) for industrial and commercial applications.,Milw M12 Drill Driver - Brushless Compact (Bare) Manufactured or supplied by Milwaukee Accessory (4031).,Milw M12 Drill Driver - Brushless Compact (Bare) designed for industrial and commercial use.,Manufacturer: Milwaukee Accessory (4031),Manufacturer Part Number: 3401-20,,,,,,,,,,,,,,,,,,
KPTDR050A,KPTDR050A Kreg 20V Ionic Compact Drill,,,,Kreg Tool Company (KRETO),Unknown,0.0,No evidence,"[('Voltage', '20', 'V')]",Voltage,20,V,,,,,,,,,,,,,,,,,,,,,,,,,,,,,,,,,,,,,,,,,,,,,,,,,,,,,,,,,,,,,,,,,,,,,,,,,,,,,,,,,,,,,,,,,,,,,,,,,,,,,,,,,,,,,,,,,,,,,,,,,,,,,,,,,,,,,,,,,,,,,,,,,,,,Kreg Tool Company (KRETO),Unknown,KPTDR050A,Kreg 20V Ionic Compact Drill,Kreg 20V Ionic Compact Drill for industrial and commercial applications.,Kreg 20V Ionic Compact Drill Manufactured or supplied by Kreg Tool Company (KRETO). Available product information includes Voltage: 20 V.,Kreg 20V Ionic Compact Drill designed for industrial and commercial use. Key identified specifications include Voltage: 20 V.,Manufacturer: Kreg Tool Company (KRETO),Manufacturer Part Number: KPTDR050A,Voltage: 20 V,,,,,,,,,,,,,,,,,
DCD1007B,"DCD1007B Dewalt 20V Cordless - 1/2"" Hammer Drill (Bare)",,,DEWALT,Black & Decker/dewlt (2585),DEWALT,0.9,Structured source + description,"[('Voltage', '20', 'V'), ('Size', '1/2', 'in')]",Voltage,20,V,Size,1/2,in,,,,,,,,,,,,,,,,,,,,,,,,,,,,,,,,,,,,,,,,,,,,,,,,,,,,,,,,,,,,,,,,,,,,,,,,,,,,,,,,,,,,,,,,,,,,,,,,,,,,,,,,,,,,,,,,,,,,,,,,,,,,,,,,,,,,,,,,,,,,,,,,,Black & Decker/dewlt (2585),DEWALT,DCD1007B,"Dewalt 20V Cordless - 1/2"" Hammer Drill (Bare)","Dewalt 20V Cordless - 1/2"" Hammer Drill (Bare) for industrial and commercial applications.","Dewalt 20V Cordless - 1/2"" Hammer Drill (Bare) Manufactured or supplied by Black & Decker/dewlt (2585). Available product information includes Voltage: 20 V, Size: 1/2 in.","Dewalt 20V Cordless - 1/2"" Hammer Drill (Bare) designed for industrial and commercial use. Key identified specifications include Voltage: 20 V, Size: 1/2 in.",Brand: DEWALT,Manufacturer: Black & Decker/dewlt (2585),Manufacturer Part Number: DCD1007B,Voltage: 20 V,Size: 1/2 in,,,,,,,,,,,,,,,
DCD799B,DCD799B Dewalt Drill,,,,Black & Decker/dewlt (2585),DEWALT,0.6,Product description,[],,,,,,,,,,,,,,,,,,,,,,,,,,,,,,,,,,,,,,,,,,,,,,,,,,,,,,,,,,,,,,,,,,,,,,,,,,,,,,,,,,,,,,,,,,,,,,,,,,,,,,,,,,,,,,,,,,,,,,,,,,,,,,,,,,,,,,,,,,,,,,,,,,,,,,,Black & Decker/dewlt (2585),DEWALT,DCD799B,Dewalt Drill,Dewalt Drill for industrial and commercial applications.,Dewalt Drill Manufactured or supplied by Black & Decker/dewlt (2585).,Dewalt Drill designed for industrial and commercial use.,Brand: DEWALT,Manufacturer: Black & Decker/dewlt (2585),Manufacturer Part Number: DCD799B,,,,,,,,,,,,,,,,,
58006,58006 Voyager Drill Press,,,,King Canada Inc (KINCA),Unknown,0.0,No evidence,[],,,,,,,,,,,,,,,,,,,,,,,,,,,,,,,,,,,,,,,,,,,,,,,,,,,,,,,,,,,,,,,,,,,,,,,,,,,,,,,,,,,,,,,,,,,,,,,,,,,,,,,,,,,,,,,,,,,,,,,,,,,,,,,,,,,,,,,,,,,,,,,,,,,,,,,King Canada Inc (KINCA),Unknown,58006,Voyager Drill Press,Voyager Drill Press for industrial and commercial applications.,Voyager Drill Press Manufactured or supplied by King Canada Inc (KINCA).,Voyager Drill Press designed for industrial and commercial use.,Manufacturer: King Canada Inc (KINCA),Manufacturer Part Number: 58006,,,,,,,,,,,,,,,,,,
2909-20,2909-20 Milw Roofing Nailer - M18,,,Milwaukee,Milwaukee Accessory (4031),Milwaukee,0.7,Structured source,[],,,,,,,,,,,,,,,,,,,,,,,,,,,,,,,,,,,,,,,,,,,,,,,,,,,,,,,,,,,,,,,,,,,,,,,,,,,,,,,,,,,,,,,,,,,,,,,,,,,,,,,,,,,,,,,,,,,,,,,,,,,,,,,,,,,,,,,,,,,,,,,,,,,,,,,Milwaukee Accessory (4031),Milwaukee,2909-20,Milwaukee Milw Roofing Nailer - M18,Milwaukee Milw Roofing Nailer - M18 for industrial and commercial applications.,Milwaukee Milw Roofing Nailer - M18 Manufactured or supplied by Milwaukee Accessory (4031).,Milwaukee Milw Roofing Nailer - M18 designed for industrial and commercial use.,Brand: Milwaukee,Manufacturer: Milwaukee Accessory (4031),Manufacturer Part Number: 2909-20,,,,,,,,,,,,,,,,,
2909-21,2909-21 Milw M18 Coil Roofing - Nailer Kit,,,Milwaukee,Milwaukee Accessory (4031),Milwaukee,0.7,Structured source,[],,,,,,,,,,,,,,,,,,,,,,,,,,,,,,,,,,,,,,,,,,,,,,,,,,,,,,,,,,,,,,,,,,,,,,,,,,,,,,,,,,,,,,,,,,,,,,,,,,,,,,,,,,,,,,,,,,,,,,,,,,,,,,,,,,,,,,,,,,,,,,,,,,,,,,,Milwaukee Accessory (4031),Milwaukee,2909-21,Milwaukee Milw M18 Coil Roofing - Nailer Kit,Milwaukee Milw M18 Coil Roofing - Nailer Kit for industrial and commercial applications.,Milwaukee Milw M18 Coil Roofing - Nailer Kit Manufactured or supplied by Milwaukee Accessory (4031).,Milwaukee Milw M18 Coil Roofing - Nailer Kit designed for industrial and commercial use.,Brand: Milwaukee,Manufacturer: Milwaukee Accessory (4031),Manufacturer Part Number: 2909-21,,,,,,,,,,,,,,,,,
918200,918200 Paslode CT200S24 18Ga ST Brad Nailer,,,,National Nail Corp (7439),Unknown,0.0,No evidence,[],,,,,,,,,,,,,,,,,,,,,,,,,,,,,,,,,,,,,,,,,,,,,,,,,,,,,,,,,,,,,,,,,,,,,,,,,,,,,,,,,,,,,,,,,,,,,,,,,,,,,,,,,,,,,,,,,,,,,,,,,,,,,,,,,,,,,,,,,,,,,,,,,,,,,,,National Nail Corp (7439),Unknown,918200,Paslode CT200S24 18Ga ST Brad Nailer,Paslode CT200S24 18Ga ST Brad Nailer for industrial and commercial applications.,Paslode CT200S24 18Ga ST Brad Nailer Manufactured or supplied by National Nail Corp (7439).,Paslode CT200S24 18Ga ST Brad Nailer designed for industrial and commercial use.,Manufacturer: National Nail Corp (7439),Manufacturer Part Number: 918200,,,,,,,,,,,,,,,,,,
2541-20,2541-20 Milw M12 - Compact Brad Nailer (Bare),,,,Milwaukee Accessory (4031),Unknown,0.0,No evidence,[],,,,,,,,,,,,,,,,,,,,,,,,,,,,,,,,,,,,,,,,,,,,,,,,,,,,,,,,,,,,,,,,,,,,,,,,,,,,,,,,,,,,,,,,,,,,,,,,,,,,,,,,,,,,,,,,,,,,,,,,,,,,,,,,,,,,,,,,,,,,,,,,,,,,,,,Milwaukee Accessory (4031),Unknown,2541-20,Milw M12 - Compact Brad Nailer (Bare),Milw M12 - Compact Brad Nailer (Bare) for industrial and commercial applications.,Milw M12 - Compact Brad Nailer (Bare) Manufactured or supplied by Milwaukee Accessory (4031).,Milw M12 - Compact Brad Nailer (Bare) designed for industrial and commercial use.,Manufacturer: Milwaukee Accessory (4031),Manufacturer Part Number: 2541-20,,,,,,,,,,,,,,,,,,
DCN930B,DCN930B Dewalt 20V 30 Degree - Framing Nailer,,,DEWALT,Black & Decker/dewlt (2585),DEWALT,0.9,Structured source + description,"[('Voltage', '20', 'V')]",Voltage,20,V,,,,,,,,,,,,,,,,,,,,,,,,,,,,,,,,,,,,,,,,,,,,,,,,,,,,,,,,,,,,,,,,,,,,,,,,,,,,,,,,,,,,,,,,,,,,,,,,,,,,,,,,,,,,,,,,,,,,,,,,,,,,,,,,,,,,,,,,,,,,,,,,,,,,Black & Decker/dewlt (2585),DEWALT,DCN930B,Dewalt 20V 30 Degree - Framing Nailer,Dewalt 20V 30 Degree - Framing Nailer for industrial and commercial applications.,Dewalt 20V 30 Degree - Framing Nailer Manufactured or supplied by Black & Decker/dewlt (2585). Available product information includes Voltage: 20 V.,Dewalt 20V 30 Degree - Framing Nailer designed for industrial and commercial use. Key identified specifications include Voltage: 20 V.,Brand: DEWALT,Manufacturer: Black & Decker/dewlt (2585),Manufacturer Part Number: DCN930B,Voltage: 20 V,,,,,,,,,,,,,,,,
DCN930P1,DCN930P1 Dewalt 20V 30 Degree - Framing Nailer Kit,,,DEWALT,Black & Decker/dewlt (2585),DEWALT,0.9,Structured source + description,"[('Voltage', '20', 'V')]",Voltage,20,V,,,,,,,,,,,,,,,,,,,,,,,,,,,,,,,,,,,,,,,,,,,,,,,,,,,,,,,,,,,,,,,,,,,,,,,,,,,,,,,,,,,,,,,,,,,,,,,,,,,,,,,,,,,,,,,,,,,,,,,,,,,,,,,,,,,,,,,,,,,,,,,,,,,,Black & Decker/dewlt (2585),DEWALT,DCN930P1,Dewalt 20V 30 Degree - Framing Nailer Kit,Dewalt 20V 30 Degree - Framing Nailer Kit for industrial and commercial applications.,Dewalt 20V 30 Degree - Framing Nailer Kit Manufactured or supplied by Black & Decker/dewlt (2585). Available product information includes Voltage: 20 V.,Dewalt 20V 30 Degree - Framing Nailer Kit designed for industrial and commercial use. Key identified specifications include Voltage: 20 V.,Brand: DEWALT,Manufacturer: Black & Decker/dewlt (2585),Manufacturer Part Number: DCN930P1,Voltage: 20 V,,,,,,,,,,,,,,,,
XNB04Z,"XNB04Z Makita 18V 2"" Brad Nailer 18GA (Bare)",,,,Makita Usa Inc (5142),Unknown,0.0,No evidence,"[('Voltage', '18', 'V'), ('Size', '2', 'in')]",Voltage,18,V,Size,2,in,,,,,,,,,,,,,,,,,,,,,,,,,,,,,,,,,,,,,,,,,,,,,,,,,,,,,,,,,,,,,,,,,,,,,,,,,,,,,,,,,,,,,,,,,,,,,,,,,,,,,,,,,,,,,,,,,,,,,,,,,,,,,,,,,,,,,,,,,,,,,,,,,Makita Usa Inc (5142),Unknown,XNB04Z,"Makita 18V 2"" Brad Nailer 18GA (Bare)","Makita 18V 2"" Brad Nailer 18GA (Bare) for industrial and commercial applications.","Makita 18V 2"" Brad Nailer 18GA (Bare) Manufactured or supplied by Makita Usa Inc (5142). Available product information includes Voltage: 18 V, Size: 2 in.","Makita 18V 2"" Brad Nailer 18GA (Bare) designed for industrial and commercial use. Key identified specifications include Voltage: 18 V, Size: 2 in.",Manufacturer: Makita Usa Inc (5142),Manufacturer Part Number: XNB04Z,Voltage: 18 V,Size: 2 in,,,,,,,,,,,,,,,,
XNB05Z,"XNB05Z Makita 18V 2-1/2"" Straight Finish Nailer 16GA",,,,Makita Usa Inc (5142),Unknown,0.0,No evidence,"[('Voltage', '18', 'V'), ('Size', '2-1/2', 'in')]",Voltage,18,V,Size,2-1/2,in,,,,,,,,,,,,,,,,,,,,,,,,,,,,,,,,,,,,,,,,,,,,,,,,,,,,,,,,,,,,,,,,,,,,,,,,,,,,,,,,,,,,,,,,,,,,,,,,,,,,,,,,,,,,,,,,,,,,,,,,,,,,,,,,,,,,,,,,,,,,,,,,,Makita Usa Inc (5142),Unknown,XNB05Z,"Makita 18V 2-1/2"" Straight Finish Nailer 16GA","Makita 18V 2-1/2"" Straight Finish Nailer 16GA for industrial and commercial applications.","Makita 18V 2-1/2"" Straight Finish Nailer 16GA Manufactured or supplied by Makita Usa Inc (5142). Available product information includes Voltage: 18 V, Size: 2-1/2 in.","Makita 18V 2-1/2"" Straight Finish Nailer 16GA designed for industrial and commercial use. Key identified specifications include Voltage: 18 V, Size: 2-1/2 in.",Manufacturer: Makita Usa Inc (5142),Manufacturer Part Number: XNB05Z,Voltage: 18 V,Size: 2-1/2 in,,,,,,,,,,,,,,,,
XNB06Z,"XNB06Z Makita 18V 2-1/2"" Angled Finish Nailer 16GA",,,,Makita Usa Inc (5142),Unknown,0.0,No evidence,"[('Voltage', '18', 'V'), ('Size', '2-1/2', 'in')]",Voltage,18,V,Size,2-1/2,in,,,,,,,,,,,,,,,,,,,,,,,,,,,,,,,,,,,,,,,,,,,,,,,,,,,,,,,,,,,,,,,,,,,,,,,,,,,,,,,,,,,,,,,,,,,,,,,,,,,,,,,,,,,,,,,,,,,,,,,,,,,,,,,,,,,,,,,,,,,,,,,,,Makita Usa Inc (5142),Unknown,XNB06Z,"Makita 18V 2-1/2"" Angled Finish Nailer 16GA","Makita 18V 2-1/2"" Angled Finish Nailer 16GA for industrial and commercial applications.","Makita 18V 2-1/2"" Angled Finish Nailer 16GA Manufactured or supplied by Makita Usa Inc (5142). Available product information includes Voltage: 18 V, Size: 2-1/2 in.","Makita 18V 2-1/2"" Angled Finish Nailer 16GA designed for industrial and commercial use. Key identified specifications include Voltage: 18 V, Size: 2-1/2 in.",Manufacturer: Makita Usa Inc (5142),Manufacturer Part Number: XNB06Z,Voltage: 18 V,Size: 2-1/2 in,,,,,,,,,,,,,,,,
XNB07Z,XNB07Z Makita 18V LXT BL 30 Nailer (Bare),,,,Makita Usa Inc (5142),Unknown,0.0,No evidence,"[('Voltage', '18', 'V')]",Voltage,18,V,,,,,,,,,,,,,,,,,,,,,,,,,,,,,,,,,,,,,,,,,,,,,,,,,,,,,,,,,,,,,,,,,,,,,,,,,,,,,,,,,,,,,,,,,,,,,,,,,,,,,,,,,,,,,,,,,,,,,,,,,,,,,,,,,,,,,,,,,,,,,,,,,,,,Makita Usa Inc (5142),Unknown,XNB07Z,Makita 18V LXT BL 30 Nailer (Bare),Makita 18V LXT BL 30 Nailer (Bare) for industrial and commercial applications.,Makita 18V LXT BL 30 Nailer (Bare) Manufactured or supplied by Makita Usa Inc (5142). Available product information includes Voltage: 18 V.,Makita 18V LXT BL 30 Nailer (Bare) designed for industrial and commercial use. Key identified specifications include Voltage: 18 V.,Manufacturer: Makita Usa Inc (5142),Manufacturer Part Number: XNB07Z,Voltage: 18 V,,,,,,,,,,,,,,,,,
DZN930,DZN930 Dewalt 30 Degree - Framing Magazine,,,,Black & Decker/dewlt (2585),DEWALT,0.6,Product description,[],,,,,,,,,,,,,,,,,,,,,,,,,,,,,,,,,,,,,,,,,,,,,,,,,,,,,,,,,,,,,,,,,,,,,,,,,,,,,,,,,,,,,,,,,,,,,,,,,,,,,,,,,,,,,,,,,,,,,,,,,,,,,,,,,,,,,,,,,,,,,,,,,,,,,,,Black & Decker/dewlt (2585),DEWALT,DZN930,Dewalt 30 Degree - Framing Magazine,Dewalt 30 Degree - Framing Magazine for industrial and commercial applications.,Dewalt 30 Degree - Framing Magazine Manufactured or supplied by Black & Decker/dewlt (2585).,Dewalt 30 Degree - Framing Magazine designed for industrial and commercial use.,Brand: DEWALT,Manufacturer: Black & Decker/dewlt (2585),Manufacturer Part Number: DZN930,,,,,,,,,,,,,,,,,
220USB25U,220USB25U Vessel Screwdriver w/25pc Bit Set,,,,Vessel Tools USA Inc (VESTO),Unknown,0.0,No evidence,"[('Quantity', '25', 'pcs')]",Quantity,25,pcs,,,,,,,,,,,,,,,,,,,,,,,,,,,,,,,,,,,,,,,,,,,,,,,,,,,,,,,,,,,,,,,,,,,,,,,,,,,,,,,,,,,,,,,,,,,,,,,,,,,,,,,,,,,,,,,,,,,,,,,,,,,,,,,,,,,,,,,,,,,,,,,,,,,,Vessel Tools USA Inc (VESTO),Unknown,220USB25U,Vessel Screwdriver w/25pc Bit Set,Vessel Screwdriver w/25pc Bit Set for industrial and commercial applications.,Vessel Screwdriver w/25pc Bit Set Manufactured or supplied by Vessel Tools USA Inc (VESTO). Available product information includes Quantity: 25 pcs.,Vessel Screwdriver w/25pc Bit Set designed for industrial and commercial use. Key identified specifications include Quantity: 25 pcs.,Manufacturer: Vessel Tools USA Inc (VESTO),Manufacturer Part Number: 220USB25U,Quantity: 25 pcs,,,,,,,,,,,,,,,,,
XRF03Z,XRF03Z Makita 18V Screwdriver - Autofeed,,,,Makita Usa Inc (5142),Unknown,0.0,No evidence,"[('Voltage', '18', 'V')]",Voltage,18,V,,,,,,,,,,,,,,,,,,,,,,,,,,,,,,,,,,,,,,,,,,,,,,,,,,,,,,,,,,,,,,,,,,,,,,,,,,,,,,,,,,,,,,,,,,,,,,,,,,,,,,,,,,,,,,,,,,,,,,,,,,,,,,,,,,,,,,,,,,,,,,,,,,,,Makita Usa Inc (5142),Unknown,XRF03Z,Makita 18V Screwdriver - Autofeed,Makita 18V Screwdriver - Autofeed for industrial and commercial applications.,Makita 18V Screwdriver - Autofeed Manufactured or supplied by Makita Usa Inc (5142). Available product information includes Voltage: 18 V.,Makita 18V Screwdriver - Autofeed designed for industrial and commercial use. Key identified specifications include Voltage: 18 V.,Manufacturer: Makita Usa Inc (5142),Manufacturer Part Number: XRF03Z,Voltage: 18 V,,,,,,,,,,,,,,,,,
220USBP5U,220USBP5U Vessel Screwdriver Plus w/5pc Bit Set,,,,Vessel Tools USA Inc (VESTO),Unknown,0.0,No evidence,"[('Quantity', '5', 'pcs')]",Quantity,5,pcs,,,,,,,,,,,,,,,,,,,,,,,,,,,,,,,,,,,,,,,,,,,,,,,,,,,,,,,,,,,,,,,,,,,,,,,,,,,,,,,,,,,,,,,,,,,,,,,,,,,,,,,,,,,,,,,,,,,,,,,,,,,,,,,,,,,,,,,,,,,,,,,,,,,,Vessel Tools USA Inc (VESTO),Unknown,220USBP5U,Vessel Screwdriver Plus w/5pc Bit Set,Vessel Screwdriver Plus w/5pc Bit Set for industrial and commercial applications.,Vessel Screwdriver Plus w/5pc Bit Set Manufactured or supplied by Vessel Tools USA Inc (VESTO). Available product information includes Quantity: 5 pcs.,Vessel Screwdriver Plus w/5pc Bit Set designed for industrial and commercial use. Key identified specifications include Quantity: 5 pcs.,Manufacturer: Vessel Tools USA Inc (VESTO),Manufacturer Part Number: 220USBP5U,Quantity: 5 pcs,,,,,,,,,,,,,,,,,
49-66-4567,"49-66-4567 Milw 6"" Magnetic - Impact Driver Set 6pc",,,,Milwaukee Accessory (4031),Unknown,0.0,No evidence,"[('Size', '6', 'in'), ('Quantity', '6', 'pcs')]",Size,6,in,Quantity,6,pcs,,,,,,,,,,,,,,,,,,,,,,,,,,,,,,,,,,,,,,,,,,,,,,,,,,,,,,,,,,,,,,,,,,,,,,,,,,,,,,,,,,,,,,,,,,,,,,,,,,,,,,,,,,,,,,,,,,,,,,,,,,,,,,,,,,,,,,,,,,,,,,,,,Milwaukee Accessory (4031),Unknown,49-66-4567,"Milw 6"" Magnetic - Impact Driver Set 6pc","Milw 6"" Magnetic - Impact Driver Set 6pc for industrial and commercial applications.","Milw 6"" Magnetic - Impact Driver Set 6pc Manufactured or supplied by Milwaukee Accessory (4031). Available product information includes Size: 6 in, Quantity: 6 pcs.","Milw 6"" Magnetic - Impact Driver Set 6pc designed for industrial and commercial use. Key identified specifications include Size: 6 in, Quantity: 6 pcs.",Manufacturer: Milwaukee Accessory (4031),Manufacturer Part Number: 49-66-4567,Size: 6 in,Quantity: 6 pcs,,,,,,,,,,,,,,,,
IBMG90K003,"IBMG90K003 Vessel Impact Ball Torsion Bit Assort 5pc 3.5""",,,,Vessel Tools USA Inc (VESTO),Unknown,0.0,No evidence,"[('Size', '3.5', 'in'), ('Quantity', '5', 'pcs')]",Size,3.5,in,Quantity,5,pcs,,,,,,,,,,,,,,,,,,,,,,,,,,,,,,,,,,,,,,,,,,,,,,,,,,,,,,,,,,,,,,,,,,,,,,,,,,,,,,,,,,,,,,,,,,,,,,,,,,,,,,,,,,,,,,,,,,,,,,,,,,,,,,,,,,,,,,,,,,,,,,,,,Vessel Tools USA Inc (VESTO),Unknown,IBMG90K003,"Vessel Impact Ball Torsion Bit Assort 5pc 3.5""","Vessel Impact Ball Torsion Bit Assort 5pc 3.5"" for industrial and commercial applications.","Vessel Impact Ball Torsion Bit Assort 5pc 3.5"" Manufactured or supplied by Vessel Tools USA Inc (VESTO). Available product information includes Size: 3.5 in, Quantity: 5 pcs.","Vessel Impact Ball Torsion Bit Assort 5pc 3.5"" designed for industrial and commercial use. Key identified specifications include Size: 3.5 in, Quantity: 5 pcs.",Manufacturer: Vessel Tools USA Inc (VESTO),Manufacturer Part Number: IBMG90K003,Size: 3.5 in,Quantity: 5 pcs,,,,,,,,,,,,,,,,
IBPH250P15T,"IBPH250P15T Vessel Torsion Bit 2"" 15pc",,,,Vessel Tools USA Inc (VESTO),Unknown,0.0,No evidence,"[('Size', '2', 'in'), ('Quantity', '15', 'pcs')]",Size,2,in,Quantity,15,pcs,,,,,,,,,,,,,,,,,,,,,,,,,,,,,,,,,,,,,,,,,,,,,,,,,,,,,,,,,,,,,,,,,,,,,,,,,,,,,,,,,,,,,,,,,,,,,,,,,,,,,,,,,,,,,,,,,,,,,,,,,,,,,,,,,,,,,,,,,,,,,,,,,Vessel Tools USA Inc (VESTO),Unknown,IBPH250P15T,"Vessel Torsion Bit 2"" 15pc","Vessel Torsion Bit 2"" 15pc for industrial and commercial applications.","Vessel Torsion Bit 2"" 15pc Manufactured or supplied by Vessel Tools USA Inc (VESTO). Available product information includes Size: 2 in, Quantity: 15 pcs.","Vessel Torsion Bit 2"" 15pc designed for industrial and commercial use. Key identified specifications include Size: 2 in, Quantity: 15 pcs.",Manufacturer: Vessel Tools USA Inc (VESTO),Manufacturer Part Number: IBPH250P15T,Size: 2 in,Quantity: 15 pcs,,,,,,,,,,,,,,,,
DPH12B,"DPH12B 2"" #1 Phillips Drive - Bit",,,Diablo,Freud Inc (2435),Diablo,0.7,Structured source,"[('Size', '2', 'in')]",Size,2,in,,,,,,,,,,,,,,,,,,,,,,,,,,,,,,,,,,,,,,,,,,,,,,,,,,,,,,,,,,,,,,,,,,,,,,,,,,,,,,,,,,,,,,,,,,,,,,,,,,,,,,,,,,,,,,,,,,,,,,,,,,,,,,,,,,,,,,,,,,,,,,,,,,,,Freud Inc (2435),Diablo,DPH12B,"Diablo 2"" #1 Phillips Drive - Bit","Diablo 2"" #1 Phillips Drive - Bit for industrial and commercial applications.","Diablo 2"" #1 Phillips Drive - Bit Manufactured or supplied by Freud Inc (2435). Available product information includes Size: 2 in.","Diablo 2"" #1 Phillips Drive - Bit designed for industrial and commercial use. Key identified specifications include Size: 2 in.",Brand: Diablo,Manufacturer: Freud Inc (2435),Manufacturer Part Number: DPH12B,Size: 2 in,,,,,,,,,,,,,,,,
DPH135B,"DPH135B 3-1/2"" #1 Phillips - Drive Bit",,,Diablo,Freud Inc (2435),Diablo,0.7,Structured source,"[('Size', '3-1/2', 'in')]",Size,3-1/2,in,,,,,,,,,,,,,,,,,,,,,,,,,,,,,,,,,,,,,,,,,,,,,,,,,,,,,,,,,,,,,,,,,,,,,,,,,,,,,,,,,,,,,,,,,,,,,,,,,,,,,,,,,,,,,,,,,,,,,,,,,,,,,,,,,,,,,,,,,,,,,,,,,,,,Freud Inc (2435),Diablo,DPH135B,"Diablo 3-1/2"" #1 Phillips - Drive Bit","Diablo 3-1/2"" #1 Phillips - Drive Bit for industrial and commercial applications.","Diablo 3-1/2"" #1 Phillips - Drive Bit Manufactured or supplied by Freud Inc (2435). Available product information includes Size: 3-1/2 in.","Diablo 3-1/2"" #1 Phillips - Drive Bit designed for industrial and commercial use. Key identified specifications include Size: 3-1/2 in.",Brand: Diablo,Manufacturer: Freud Inc (2435),Manufacturer Part Number: DPH135B,Size: 3-1/2 in,,,,,,,,,,,,,,,,
DPH21B,"DPH21B 1"" #2 Phillips Drive - Bit",,,Diablo,Freud Inc (2435),Diablo,0.7,Structured source,"[('Size', '1', 'in')]",Size,1,in,,,,,,,,,,,,,,,,,,,,,,,,,,,,,,,,,,,,,,,,,,,,,,,,,,,,,,,,,,,,,,,,,,,,,,,,,,,,,,,,,,,,,,,,,,,,,,,,,,,,,,,,,,,,,,,,,,,,,,,,,,,,,,,,,,,,,,,,,,,,,,,,,,,,Freud Inc (2435),Diablo,DPH21B,"Diablo 1"" #2 Phillips Drive - Bit","Diablo 1"" #2 Phillips Drive - Bit for industrial and commercial applications.","Diablo 1"" #2 Phillips Drive - Bit Manufactured or supplied by Freud Inc (2435). Available product information includes Size: 1 in.","Diablo 1"" #2 Phillips Drive - Bit designed for industrial and commercial use. Key identified specifications include Size: 1 in.",Brand: Diablo,Manufacturer: Freud Inc (2435),Manufacturer Part Number: DPH21B,Size: 1 in,,,,,,,,,,,,,,,,
DPH22B,"DPH22B 2"" #2 Phillips Drive - Bit",,,Diablo,Freud Inc (2435),Diablo,0.7,Structured source,"[('Size', '2', 'in')]",Size,2,in,,,,,,,,,,,,,,,,,,,,,,,,,,,,,,,,,,,,,,,,,,,,,,,,,,,,,,,,,,,,,,,,,,,,,,,,,,,,,,,,,,,,,,,,,,,,,,,,,,,,,,,,,,,,,,,,,,,,,,,,,,,,,,,,,,,,,,,,,,,,,,,,,,,,Freud Inc (2435),Diablo,DPH22B,"Diablo 2"" #2 Phillips Drive - Bit","Diablo 2"" #2 Phillips Drive - Bit for industrial and commercial applications.","Diablo 2"" #2 Phillips Drive - Bit Manufactured or supplied by Freud Inc (2435). Available product information includes Size: 2 in.","Diablo 2"" #2 Phillips Drive - Bit designed for industrial and commercial use. Key identified specifications include Size: 2 in.",Brand: Diablo,Manufacturer: Freud Inc (2435),Manufacturer Part Number: DPH22B,Size: 2 in,,,,,,,,,,,,,,,,
DPH235B,"DPH235B 3-1/2"" #2 Phillips - Drive Bit",,,Diablo,Freud Inc (2435),Diablo,0.7,Structured source,"[('Size', '3-1/2', 'in')]",Size,3-1/2,in,,,,,,,,,,,,,,,,,,,,,,,,,,,,,,,,,,,,,,,,,,,,,,,,,,,,,,,,,,,,,,,,,,,,,,,,,,,,,,,,,,,,,,,,,,,,,,,,,,,,,,,,,,,,,,,,,,,,,,,,,,,,,,,,,,,,,,,,,,,,,,,,,,,,Freud Inc (2435),Diablo,DPH235B,"Diablo 3-1/2"" #2 Phillips - Drive Bit","Diablo 3-1/2"" #2 Phillips - Drive Bit for industrial and commercial applications.","Diablo 3-1/2"" #2 Phillips - Drive Bit Manufactured or supplied by Freud Inc (2435). Available product information includes Size: 3-1/2 in.","Diablo 3-1/2"" #2 Phillips - Drive Bit designed for industrial and commercial use. Key identified specifications include Size: 3-1/2 in.",Brand: Diablo,Manufacturer: Freud Inc (2435),Manufacturer Part Number: DPH235B,Size: 3-1/2 in,,,,,,,,,,,,,,,,
DPH26B,"DPH26B 6"" #2 Phillips Drive - Bit",,,Diablo,Freud Inc (2435),Diablo,0.7,Structured source,"[('Size', '6', 'in')]",Size,6,in,,,,,,,,,,,,,,,,,,,,,,,,,,,,,,,,,,,,,,,,,,,,,,,,,,,,,,,,,,,,,,,,,,,,,,,,,,,,,,,,,,,,,,,,,,,,,,,,,,,,,,,,,,,,,,,,,,,,,,,,,,,,,,,,,,,,,,,,,,,,,,,,,,,,Freud Inc (2435),Diablo,DPH26B,"Diablo 6"" #2 Phillips Drive - Bit","Diablo 6"" #2 Phillips Drive - Bit for industrial and commercial applications.","Diablo 6"" #2 Phillips Drive - Bit Manufactured or supplied by Freud Inc (2435). Available product information includes Size: 6 in.","Diablo 6"" #2 Phillips Drive - Bit designed for industrial and commercial use. Key identified specifications include Size: 6 in.",Brand: Diablo,Manufacturer: Freud Inc (2435),Manufacturer Part Number: DPH26B,Size: 6 in,,,,,,,,,,,,,,,,
DPH2R1B,"DPH2R1B 1"" #2 Phillips Drywall - Screws Drive Bit",,,Diablo,Freud Inc (2435),Diablo,0.7,Structured source,"[('Size', '1', 'in')]",Size,1,in,,,,,,,,,,,,,,,,,,,,,,,,,,,,,,,,,,,,,,,,,,,,,,,,,,,,,,,,,,,,,,,,,,,,,,,,,,,,,,,,,,,,,,,,,,,,,,,,,,,,,,,,,,,,,,,,,,,,,,,,,,,,,,,,,,,,,,,,,,,,,,,,,,,,Freud Inc (2435),Diablo,DPH2R1B,"Diablo 1"" #2 Phillips Drywall - Screws Drive Bit","Diablo 1"" #2 Phillips Drywall - Screws Drive Bit for industrial and commercial applications.","Diablo 1"" #2 Phillips Drywall - Screws Drive Bit Manufactured or supplied by Freud Inc (2435). Available product information includes Size: 1 in.","Diablo 1"" #2 Phillips Drywall - Screws Drive Bit designed for industrial and commercial use. Key identified specifications include Size: 1 in.",Brand: Diablo,Manufacturer: Freud Inc (2435),Manufacturer Part Number: DPH2R1B,Size: 1 in,,,,,,,,,,,,,,,,
DPH31B,"DPH31B 1"" #3 Phillips Drive - Bit",,,Diablo,Freud Inc (2435),Diablo,0.7,Structured source,"[('Size', '1', 'in')]",Size,1,in,,,,,,,,,,,,,,,,,,,,,,,,,,,,,,,,,,,,,,,,,,,,,,,,,,,,,,,,,,,,,,,,,,,,,,,,,,,,,,,,,,,,,,,,,,,,,,,,,,,,,,,,,,,,,,,,,,,,,,,,,,,,,,,,,,,,,,,,,,,,,,,,,,,,Freud Inc (2435),Diablo,DPH31B,"Diablo 1"" #3 Phillips Drive - Bit","Diablo 1"" #3 Phillips Drive - Bit for industrial and commercial applications.","Diablo 1"" #3 Phillips Drive - Bit Manufactured or supplied by Freud Inc (2435). Available product information includes Size: 1 in.","Diablo 1"" #3 Phillips Drive - Bit designed for industrial and commercial use. Key identified specifications include Size: 1 in.",Brand: Diablo,Manufacturer: Freud Inc (2435),Manufacturer Part Number: DPH31B,Size: 1 in,,,,,,,,,,,,,,,,
DPH32B,"DPH32B 2"" #3 Phillips Drive - Bit",,,Diablo,Freud Inc (2435),Diablo,0.7,Structured source,"[('Size', '2', 'in')]",Size,2,in,,,,,,,,,,,,,,,,,,,,,,,,,,,,,,,,,,,,,,,,,,,,,,,,,,,,,,,,,,,,,,,,,,,,,,,,,,,,,,,,,,,,,,,,,,,,,,,,,,,,,,,,,,,,,,,,,,,,,,,,,,,,,,,,,,,,,,,,,,,,,,,,,,,,Freud Inc (2435),Diablo,DPH32B,"Diablo 2"" #3 Phillips Drive - Bit","Diablo 2"" #3 Phillips Drive - Bit for industrial and commercial applications.","Diablo 2"" #3 Phillips Drive - Bit Manufactured or supplied by Freud Inc (2435). Available product information includes Size: 2 in.","Diablo 2"" #3 Phillips Drive - Bit designed for industrial and commercial use. Key identified specifications include Size: 2 in.",Brand: Diablo,Manufacturer: Freud Inc (2435),Manufacturer Part Number: DPH32B,Size: 2 in,,,,,,,,,,,,,,,,
DPH335B,"DPH335B 3-1/2"" #3 Phillips - Drive Bit",,,Diablo,Freud Inc (2435),Diablo,0.7,Structured source,"[('Size', '3-1/2', 'in')]",Size,3-1/2,in,,,,,,,,,,,,,,,,,,,,,,,,,,,,,,,,,,,,,,,,,,,,,,,,,,,,,,,,,,,,,,,,,,,,,,,,,,,,,,,,,,,,,,,,,,,,,,,,,,,,,,,,,,,,,,,,,,,,,,,,,,,,,,,,,,,,,,,,,,,,,,,,,,,,Freud Inc (2435),Diablo,DPH335B,"Diablo 3-1/2"" #3 Phillips - Drive Bit","Diablo 3-1/2"" #3 Phillips - Drive Bit for industrial and commercial applications.","Diablo 3-1/2"" #3 Phillips - Drive Bit Manufactured or supplied by Freud Inc (2435). Available product information includes Size: 3-1/2 in.","Diablo 3-1/2"" #3 Phillips - Drive Bit designed for industrial and commercial use. Key identified specifications include Size: 3-1/2 in.",Brand: Diablo,Manufacturer: Freud Inc (2435),Manufacturer Part Number: DPH335B,Size: 3-1/2 in,,,,,,,,,,,,,,,,
DSQ12B,"DSQ12B 2"" #1 Square Drive Bit",,,Diablo,Freud Inc (2435),Diablo,0.9,Structured source + description,"[('Size', '2', 'in')]",Size,2,in,,,,,,,,,,,,,,,,,,,,,,,,,,,,,,,,,,,,,,,,,,,,,,,,,,,,,,,,,,,,,,,,,,,,,,,,,,,,,,,,,,,,,,,,,,,,,,,,,,,,,,,,,,,,,,,,,,,,,,,,,,,,,,,,,,,,,,,,,,,,,,,,,,,,Freud Inc (2435),Diablo,DSQ12B,"Diablo 2"" #1 Square Drive Bit","Diablo 2"" #1 Square Drive Bit for industrial and commercial applications.","Diablo 2"" #1 Square Drive Bit Manufactured or supplied by Freud Inc (2435). Available product information includes Size: 2 in.","Diablo 2"" #1 Square Drive Bit designed for industrial and commercial use. Key identified specifications include Size: 2 in.",Brand: Diablo,Manufacturer: Freud Inc (2435),Manufacturer Part Number: DSQ12B,Size: 2 in,,,,,,,,,,,,,,,,
DSQ22B,"DSQ22B 2"" #2 Square Drive Bit",,,Diablo,Freud Inc (2435),Diablo,0.9,Structured source + description,"[('Size', '2', 'in')]",Size,2,in,,,,,,,,,,,,,,,,,,,,,,,,,,,,,,,,,,,,,,,,,,,,,,,,,,,,,,,,,,,,,,,,,,,,,,,,,,,,,,,,,,,,,,,,,,,,,,,,,,,,,,,,,,,,,,,,,,,,,,,,,,,,,,,,,,,,,,,,,,,,,,,,,,,,Freud Inc (2435),Diablo,DSQ22B,"Diablo 2"" #2 Square Drive Bit","Diablo 2"" #2 Square Drive Bit for industrial and commercial applications.","Diablo 2"" #2 Square Drive Bit Manufactured or supplied by Freud Inc (2435). Available product information includes Size: 2 in.","Diablo 2"" #2 Square Drive Bit designed for industrial and commercial use. Key identified specifications include Size: 2 in.",Brand: Diablo,Manufacturer: Freud Inc (2435),Manufacturer Part Number: DSQ22B,Size: 2 in,,,,,,,,,,,,,,,,
DSQ26B,"DSQ26B 6"" #2 Square Drive Bit",,,Diablo,Freud Inc (2435),Diablo,0.9,Structured source + description,"[('Size', '6', 'in')]",Size,6,in,,,,,,,,,,,,,,,,,,,,,,,,,,,,,,,,,,,,,,,,,,,,,,,,,,,,,,,,,,,,,,,,,,,,,,,,,,,,,,,,,,,,,,,,,,,,,,,,,,,,,,,,,,,,,,,,,,,,,,,,,,,,,,,,,,,,,,,,,,,,,,,,,,,,Freud Inc (2435),Diablo,DSQ26B,"Diablo 6"" #2 Square Drive Bit","Diablo 6"" #2 Square Drive Bit for industrial and commercial applications.","Diablo 6"" #2 Square Drive Bit Manufactured or supplied by Freud Inc (2435). Available product information includes Size: 6 in.","Diablo 6"" #2 Square Drive Bit designed for industrial and commercial use. Key identified specifications include Size: 6 in.",Brand: Diablo,Manufacturer: Freud Inc (2435),Manufacturer Part Number: DSQ26B,Size: 6 in,,,,,,,,,,,,,,,,
DSQ32B,"DSQ32B 2"" #3 Square Drive Bit",,,Diablo,Freud Inc (2435),Diablo,0.9,Structured source + description,"[('Size', '2', 'in')]",Size,2,in,,,,,,,,,,,,,,,,,,,,,,,,,,,,,,,,,,,,,,,,,,,,,,,,,,,,,,,,,,,,,,,,,,,,,,,,,,,,,,,,,,,,,,,,,,,,,,,,,,,,,,,,,,,,,,,,,,,,,,,,,,,,,,,,,,,,,,,,,,,,,,,,,,,,Freud Inc (2435),Diablo,DSQ32B,"Diablo 2"" #3 Square Drive Bit","Diablo 2"" #3 Square Drive Bit for industrial and commercial applications.","Diablo 2"" #3 Square Drive Bit Manufactured or supplied by Freud Inc (2435). Available product information includes Size: 2 in.","Diablo 2"" #3 Square Drive Bit designed for industrial and commercial use. Key identified specifications include Size: 2 in.",Brand: Diablo,Manufacturer: Freud Inc (2435),Manufacturer Part Number: DSQ32B,Size: 2 in,,,,,,,,,,,,,,,,
DT102B,"DT102B 2"" #10 Torx Drive Bit",,,Diablo,Freud Inc (2435),Diablo,0.7,Structured source,"[('Size', '2', 'in')]",Size,2,in,,,,,,,,,,,,,,,,,,,,,,,,,,,,,,,,,,,,,,,,,,,,,,,,,,,,,,,,,,,,,,,,,,,,,,,,,,,,,,,,,,,,,,,,,,,,,,,,,,,,,,,,,,,,,,,,,,,,,,,,,,,,,,,,,,,,,,,,,,,,,,,,,,,,Freud Inc (2435),Diablo,DT102B,"Diablo 2"" #10 Torx Drive Bit","Diablo 2"" #10 Torx Drive Bit for industrial and commercial applications.","Diablo 2"" #10 Torx Drive Bit Manufactured or supplied by Freud Inc (2435). Available product information includes Size: 2 in.","Diablo 2"" #10 Torx Drive Bit designed for industrial and commercial use. Key identified specifications include Size: 2 in.",Brand: Diablo,Manufacturer: Freud Inc (2435),Manufacturer Part Number: DT102B,Size: 2 in,,,,,,,,,,,,,,,,
DT152B,"DT152B 2"" #15 Torx Drive Bit",,,Diablo,Freud Inc (2435),Diablo,0.7,Structured source,"[('Size', '2', 'in')]",Size,2,in,,,,,,,,,,,,,,,,,,,,,,,,,,,,,,,,,,,,,,,,,,,,,,,,,,,,,,,,,,,,,,,,,,,,,,,,,,,,,,,,,,,,,,,,,,,,,,,,,,,,,,,,,,,,,,,,,,,,,,,,,,,,,,,,,,,,,,,,,,,,,,,,,,,,Freud Inc (2435),Diablo,DT152B,"Diablo 2"" #15 Torx Drive Bit","Diablo 2"" #15 Torx Drive Bit for industrial and commercial applications.","Diablo 2"" #15 Torx Drive Bit Manufactured or supplied by Freud Inc (2435). Available product information includes Size: 2 in.","Diablo 2"" #15 Torx Drive Bit designed for industrial and commercial use. Key identified specifications include Size: 2 in.",Brand: Diablo,Manufacturer: Freud Inc (2435),Manufacturer Part Number: DT152B,Size: 2 in,,,,,,,,,,,,,,,,
DT1535B,"DT1535B 3-1/2"" #15 Torx Drive - Bit",,,Diablo,Freud Inc (2435),Diablo,0.7,Structured source,"[('Size', '3-1/2', 'in')]",Size,3-1/2,in,,,,,,,,,,,,,,,,,,,,,,,,,,,,,,,,,,,,,,,,,,,,,,,,,,,,,,,,,,,,,,,,,,,,,,,,,,,,,,,,,,,,,,,,,,,,,,,,,,,,,,,,,,,,,,,,,,,,,,,,,,,,,,,,,,,,,,,,,,,,,,,,,,,,Freud Inc (2435),Diablo,DT1535B,"Diablo 3-1/2"" #15 Torx Drive - Bit","Diablo 3-1/2"" #15 Torx Drive - Bit for industrial and commercial applications.","Diablo 3-1/2"" #15 Torx Drive - Bit Manufactured or supplied by Freud Inc (2435). Available product information includes Size: 3-1/2 in.","Diablo 3-1/2"" #15 Torx Drive - Bit designed for industrial and commercial use. Key identified specifications include Size: 3-1/2 in.",Brand: Diablo,Manufacturer: Freud Inc (2435),Manufacturer Part Number: DT1535B,Size: 3-1/2 in,,,,,,,,,,,,,,,,
DT202B,"DT202B 2"" #20 Torx Drive Bit",,,Diablo,Freud Inc (2435),Diablo,0.7,Structured source,"[('Size', '2', 'in')]",Size,2,in,,,,,,,,,,,,,,,,,,,,,,,,,,,,,,,,,,,,,,,,,,,,,,,,,,,,,,,,,,,,,,,,,,,,,,,,,,,,,,,,,,,,,,,,,,,,,,,,,,,,,,,,,,,,,,,,,,,,,,,,,,,,,,,,,,,,,,,,,,,,,,,,,,,,Freud Inc (2435),Diablo,DT202B,"Diablo 2"" #20 Torx Drive Bit","Diablo 2"" #20 Torx Drive Bit for industrial and commercial applications.","Diablo 2"" #20 Torx Drive Bit Manufactured or supplied by Freud Inc (2435). Available product information includes Size: 2 in.","Diablo 2"" #20 Torx Drive Bit designed for industrial and commercial use. Key identified specifications include Size: 2 in.",Brand: Diablo,Manufacturer: Freud Inc (2435),Manufacturer Part Number: DT202B,Size: 2 in,,,,,,,,,,,,,,,,
DT2035B,"DT2035B 3-1/2"" #20 Torx Drive - Bit",,,Diablo,Freud Inc (2435),Diablo,0.7,Structured source,"[('Size', '3-1/2', 'in')]",Size,3-1/2,in,,,,,,,,,,,,,,,,,,,,,,,,,,,,,,,,,,,,,,,,,,,,,,,,,,,,,,,,,,,,,,,,,,,,,,,,,,,,,,,,,,,,,,,,,,,,,,,,,,,,,,,,,,,,,,,,,,,,,,,,,,,,,,,,,,,,,,,,,,,,,,,,,,,,Freud Inc (2435),Diablo,DT2035B,"Diablo 3-1/2"" #20 Torx Drive - Bit","Diablo 3-1/2"" #20 Torx Drive - Bit for industrial and commercial applications.","Diablo 3-1/2"" #20 Torx Drive - Bit Manufactured or supplied by Freud Inc (2435). Available product information includes Size: 3-1/2 in.","Diablo 3-1/2"" #20 Torx Drive - Bit designed for industrial and commercial use. Key identified specifications include Size: 3-1/2 in.",Brand: Diablo,Manufacturer: Freud Inc (2435),Manufacturer Part Number: DT2035B,Size: 3-1/2 in,,,,,,,,,,,,,,,,
DT206B,"DT206B 6"" #20 Torx Drive Bit",,,Diablo,Freud Inc (2435),Diablo,0.7,Structured source,"[('Size', '6', 'in')]",Size,6,in,,,,,,,,,,,,,,,,,,,,,,,,,,,,,,,,,,,,,,,,,,,,,,,,,,,,,,,,,,,,,,,,,,,,,,,,,,,,,,,,,,,,,,,,,,,,,,,,,,,,,,,,,,,,,,,,,,,,,,,,,,,,,,,,,,,,,,,,,,,,,,,,,,,,Freud Inc (2435),Diablo,DT206B,"Diablo 6"" #20 Torx Drive Bit","Diablo 6"" #20 Torx Drive Bit for industrial and commercial applications.","Diablo 6"" #20 Torx Drive Bit Manufactured or supplied by Freud Inc (2435). Available product information includes Size: 6 in.","Diablo 6"" #20 Torx Drive Bit designed for industrial and commercial use. Key identified specifications include Size: 6 in.",Brand: Diablo,Manufacturer: Freud Inc (2435),Manufacturer Part Number: DT206B,Size: 6 in,,,,,,,,,,,,,,,,
DT252B,"DT252B 2"" #25 Trox Drive Bit",,,Diablo,Freud Inc (2435),Diablo,0.7,Structured source,"[('Size', '2', 'in')]",Size,2,in,,,,,,,,,,,,,,,,,,,,,,,,,,,,,,,,,,,,,,,,,,,,,,,,,,,,,,,,,,,,,,,,,,,,,,,,,,,,,,,,,,,,,,,,,,,,,,,,,,,,,,,,,,,,,,,,,,,,,,,,,,,,,,,,,,,,,,,,,,,,,,,,,,,,Freud Inc (2435),Diablo,DT252B,"Diablo 2"" #25 Trox Drive Bit","Diablo 2"" #25 Trox Drive Bit for industrial and commercial applications.","Diablo 2"" #25 Trox Drive Bit Manufactured or supplied by Freud Inc (2435). Available product information includes Size: 2 in.","Diablo 2"" #25 Trox Drive Bit designed for industrial and commercial use. Key identified specifications include Size: 2 in.",Brand: Diablo,Manufacturer: Freud Inc (2435),Manufacturer Part Number: DT252B,Size: 2 in,,,,,,,,,,,,,,,,
DT2535B,"DT2535B 3-1/4"" #25 Torx Drive - Bit",,,Diablo,Freud Inc (2435),Diablo,0.7,Structured source,"[('Size', '3-1/4', 'in')]",Size,3-1/4,in,,,,,,,,,,,,,,,,,,,,,,,,,,,,,,,,,,,,,,,,,,,,,,,,,,,,,,,,,,,,,,,,,,,,,,,,,,,,,,,,,,,,,,,,,,,,,,,,,,,,,,,,,,,,,,,,,,,,,,,,,,,,,,,,,,,,,,,,,,,,,,,,,,,,Freud Inc (2435),Diablo,DT2535B,"Diablo 3-1/4"" #25 Torx Drive - Bit","Diablo 3-1/4"" #25 Torx Drive - Bit for industrial and commercial applications.","Diablo 3-1/4"" #25 Torx Drive - Bit Manufactured or supplied by Freud Inc (2435). Available product information includes Size: 3-1/4 in.","Diablo 3-1/4"" #25 Torx Drive - Bit designed for industrial and commercial use. Key identified specifications include Size: 3-1/4 in.",Brand: Diablo,Manufacturer: Freud Inc (2435),Manufacturer Part Number: DT2535B,Size: 3-1/4 in,,,,,,,,,,,,,,,,
DT256B,"DT256B 6"" #25 Torx Drive Bit",,,Diablo,Freud Inc (2435),Diablo,0.7,Structured source,"[('Size', '6', 'in')]",Size,6,in,,,,,,,,,,,,,,,,,,,,,,,,,,,,,,,,,,,,,,,,,,,,,,,,,,,,,,,,,,,,,,,,,,,,,,,,,,,,,,,,,,,,,,,,,,,,,,,,,,,,,,,,,,,,,,,,,,,,,,,,,,,,,,,,,,,,,,,,,,,,,,,,,,,,Freud Inc (2435),Diablo,DT256B,"Diablo 6"" #25 Torx Drive Bit","Diablo 6"" #25 Torx Drive Bit for industrial and commercial applications.","Diablo 6"" #25 Torx Drive Bit Manufactured or supplied by Freud Inc (2435). Available product information includes Size: 6 in.","Diablo 6"" #25 Torx Drive Bit designed for industrial and commercial use. Key identified specifications include Size: 6 in.",Brand: Diablo,Manufacturer: Freud Inc (2435),Manufacturer Part Number: DT256B,Size: 6 in,,,,,,,,,,,,,,,,
DT302B,"DT302B 2"" #30 Torx Drive Bit",,,Diablo,Freud Inc (2435),Diablo,0.7,Structured source,"[('Size', '2', 'in')]",Size,2,in,,,,,,,,,,,,,,,,,,,,,,,,,,,,,,,,,,,,,,,,,,,,,,,,,,,,,,,,,,,,,,,,,,,,,,,,,,,,,,,,,,,,,,,,,,,,,,,,,,,,,,,,,,,,,,,,,,,,,,,,,,,,,,,,,,,,,,,,,,,,,,,,,,,,Freud Inc (2435),Diablo,DT302B,"Diablo 2"" #30 Torx Drive Bit","Diablo 2"" #30 Torx Drive Bit for industrial and commercial applications.","Diablo 2"" #30 Torx Drive Bit Manufactured or supplied by Freud Inc (2435). Available product information includes Size: 2 in.","Diablo 2"" #30 Torx Drive Bit designed for industrial and commercial use. Key identified specifications include Size: 2 in.",Brand: Diablo,Manufacturer: Freud Inc (2435),Manufacturer Part Number: DT302B,Size: 2 in,,,,,,,,,,,,,,,,
DT402B,"DT402B 2"" #40 Torx Drive Bit",,,Diablo,Freud Inc (2435),Diablo,0.7,Structured source,"[('Size', '2', 'in')]",Size,2,in,,,,,,,,,,,,,,,,,,,,,,,,,,,,,,,,,,,,,,,,,,,,,,,,,,,,,,,,,,,,,,,,,,,,,,,,,,,,,,,,,,,,,,,,,,,,,,,,,,,,,,,,,,,,,,,,,,,,,,,,,,,,,,,,,,,,,,,,,,,,,,,,,,,,Freud Inc (2435),Diablo,DT402B,"Diablo 2"" #40 Torx Drive Bit","Diablo 2"" #40 Torx Drive Bit for industrial and commercial applications.","Diablo 2"" #40 Torx Drive Bit Manufactured or supplied by Freud Inc (2435). Available product information includes Size: 2 in.","Diablo 2"" #40 Torx Drive Bit designed for industrial and commercial use. Key identified specifications include Size: 2 in.",Brand: Diablo,Manufacturer: Freud Inc (2435),Manufacturer Part Number: DT402B,Size: 2 in,,,,,,,,,,,,,,,,
DDWSSB,DDWSSB #2 Drywall Screw Setter,,,Diablo,Freud Inc (2435),Diablo,0.7,Structured source,[],,,,,,,,,,,,,,,,,,,,,,,,,,,,,,,,,,,,,,,,,,,,,,,,,,,,,,,,,,,,,,,,,,,,,,,,,,,,,,,,,,,,,,,,,,,,,,,,,,,,,,,,,,,,,,,,,,,,,,,,,,,,,,,,,,,,,,,,,,,,,,,,,,,,,,,Freud Inc (2435),Diablo,DDWSSB,Diablo #2 Drywall Screw Setter,Diablo #2 Drywall Screw Setter for industrial and commercial applications.,Diablo #2 Drywall Screw Setter Manufactured or supplied by Freud Inc (2435).,Diablo #2 Drywall Screw Setter designed for industrial and commercial use.,Brand: Diablo,Manufacturer: Freud Inc (2435),Manufacturer Part Number: DDWSSB,,,,,,,,,,,,,,,,,
191V02-0,191V02-0 Makita #2 Phillips Bit 5pk,,,,Makita Usa Inc (5142),Unknown,0.0,No evidence,[],,,,,,,,,,,,,,,,,,,,,,,,,,,,,,,,,,,,,,,,,,,,,,,,,,,,,,,,,,,,,,,,,,,,,,,,,,,,,,,,,,,,,,,,,,,,,,,,,,,,,,,,,,,,,,,,,,,,,,,,,,,,,,,,,,,,,,,,,,,,,,,,,,,,,,,Makita Usa Inc (5142),Unknown,191V02-0,Makita #2 Phillips Bit 5pk,Makita #2 Phillips Bit 5pk for industrial and commercial applications.,Makita #2 Phillips Bit 5pk Manufactured or supplied by Makita Usa Inc (5142).,Makita #2 Phillips Bit 5pk designed for industrial and commercial use.,Manufacturer: Makita Usa Inc (5142),Manufacturer Part Number: 191V02-0,,,,,,,,,,,,,,,,,,
XTS02Z,"XTS02Z Makita 18V 1/4"" Narrow Crown Stapler 18GA",,,,Makita Usa Inc (5142),Unknown,0.0,No evidence,"[('Voltage', '18', 'V'), ('Size', '1/4', 'in')]",Voltage,18,V,Size,1/4,in,,,,,,,,,,,,,,,,,,,,,,,,,,,,,,,,,,,,,,,,,,,,,,,,,,,,,,,,,,,,,,,,,,,,,,,,,,,,,,,,,,,,,,,,,,,,,,,,,,,,,,,,,,,,,,,,,,,,,,,,,,,,,,,,,,,,,,,,,,,,,,,,,Makita Usa Inc (5142),Unknown,XTS02Z,"Makita 18V 1/4"" Narrow Crown Stapler 18GA","Makita 18V 1/4"" Narrow Crown Stapler 18GA for industrial and commercial applications.","Makita 18V 1/4"" Narrow Crown Stapler 18GA Manufactured or supplied by Makita Usa Inc (5142). Available product information includes Voltage: 18 V, Size: 1/4 in.","Makita 18V 1/4"" Narrow Crown Stapler 18GA designed for industrial and commercial use. Key identified specifications include Voltage: 18 V, Size: 1/4 in.",Manufacturer: Makita Usa Inc (5142),Manufacturer Part Number: XTS02Z,Voltage: 18 V,Size: 1/4 in,,,,,,,,,,,,,,,,
DCF809D1,"DCF809D1 Dewalt Atomic 20V 1/4"" Impact Driver Kit",,,DEWALT,Black & Decker/dewlt (2585),DEWALT,0.9,Structured source + description,"[('Voltage', '20', 'V'), ('Size', '1/4', 'in')]",Voltage,20,V,Size,1/4,in,,,,,,,,,,,,,,,,,,,,,,,,,,,,,,,,,,,,,,,,,,,,,,,,,,,,,,,,,,,,,,,,,,,,,,,,,,,,,,,,,,,,,,,,,,,,,,,,,,,,,,,,,,,,,,,,,,,,,,,,,,,,,,,,,,,,,,,,,,,,,,,,,Black & Decker/dewlt (2585),DEWALT,DCF809D1,"Dewalt Atomic 20V 1/4"" Impact Driver Kit","Dewalt Atomic 20V 1/4"" Impact Driver Kit for industrial and commercial applications.","Dewalt Atomic 20V 1/4"" Impact Driver Kit Manufactured or supplied by Black & Decker/dewlt (2585). Available product information includes Voltage: 20 V, Size: 1/4 in.","Dewalt Atomic 20V 1/4"" Impact Driver Kit designed for industrial and commercial use. Key identified specifications include Voltage: 20 V, Size: 1/4 in.",Brand: DEWALT,Manufacturer: Black & Decker/dewlt (2585),Manufacturer Part Number: DCF809D1,Voltage: 20 V,Size: 1/4 in,,,,,,,,,,,,,,,
2761-20,"2761-20 Milw M18 1/4"" Hex Hydraulic Driver",,,,Milwaukee Accessory (4031),Unknown,0.0,No evidence,"[('Size', '1/4', 'in')]",Size,1/4,in,,,,,,,,,,,,,,,,,,,,,,,,,,,,,,,,,,,,,,,,,,,,,,,,,,,,,,,,,,,,,,,,,,,,,,,,,,,,,,,,,,,,,,,,,,,,,,,,,,,,,,,,,,,,,,,,,,,,,,,,,,,,,,,,,,,,,,,,,,,,,,,,,,,,Milwaukee Accessory (4031),Unknown,2761-20,"Milw M18 1/4"" Hex Hydraulic Driver","Milw M18 1/4"" Hex Hydraulic Driver for industrial and commercial applications.","Milw M18 1/4"" Hex Hydraulic Driver Manufactured or supplied by Milwaukee Accessory (4031). Available product information includes Size: 1/4 in.","Milw M18 1/4"" Hex Hydraulic Driver designed for industrial and commercial use. Key identified specifications include Size: 1/4 in.",Manufacturer: Milwaukee Accessory (4031),Manufacturer Part Number: 2761-20,Size: 1/4 in,,,,,,,,,,,,,,,,,
2761-22,2761-22 Milw M18 Surge Kit,,,,Milwaukee Accessory (4031),Unknown,0.0,No evidence,[],,,,,,,,,,,,,,,,,,,,,,,,,,,,,,,,,,,,,,,,,,,,,,,,,,,,,,,,,,,,,,,,,,,,,,,,,,,,,,,,,,,,,,,,,,,,,,,,,,,,,,,,,,,,,,,,,,,,,,,,,,,,,,,,,,,,,,,,,,,,,,,,,,,,,,,Milwaukee Accessory (4031),Unknown,2761-22,Milw M18 Surge Kit,Milw M18 Surge Kit for industrial and commercial applications.,Milw M18 Surge Kit Manufactured or supplied by Milwaukee Accessory (4031).,Milw M18 Surge Kit designed for industrial and commercial use.,Manufacturer: Milwaukee Accessory (4031),Manufacturer Part Number: 2761-22,,,,,,,,,,,,,,,,,,
3450-20,3450-20 Milw M12 Impact Driver - Brushless Compact (Bare),,,,Milwaukee Accessory (4031),Unknown,0.0,No evidence,[],,,,,,,,,,,,,,,,,,,,,,,,,,,,,,,,,,,,,,,,,,,,,,,,,,,,,,,,,,,,,,,,,,,,,,,,,,,,,,,,,,,,,,,,,,,,,,,,,,,,,,,,,,,,,,,,,,,,,,,,,,,,,,,,,,,,,,,,,,,,,,,,,,,,,,,Milwaukee Accessory (4031),Unknown,3450-20,Milw M12 Impact Driver - Brushless Compact (Bare),Milw M12 Impact Driver - Brushless Compact (Bare) for industrial and commercial applications.,Milw M12 Impact Driver - Brushless Compact (Bare) Manufactured or supplied by Milwaukee Accessory (4031).,Milw M12 Impact Driver - Brushless Compact (Bare) designed for industrial and commercial use.,Manufacturer: Milwaukee Accessory (4031),Manufacturer Part Number: 3450-20,,,,,,,,,,,,,,,,,,
KPTDV025A,KPTDV025A Kreg 20V Ionic Compact Impact Driver,,,,Kreg Tool Company (KRETO),Unknown,0.0,No evidence,"[('Voltage', '20', 'V')]",Voltage,20,V,,,,,,,,,,,,,,,,,,,,,,,,,,,,,,,,,,,,,,,,,,,,,,,,,,,,,,,,,,,,,,,,,,,,,,,,,,,,,,,,,,,,,,,,,,,,,,,,,,,,,,,,,,,,,,,,,,,,,,,,,,,,,,,,,,,,,,,,,,,,,,,,,,,,Kreg Tool Company (KRETO),Unknown,KPTDV025A,Kreg 20V Ionic Compact Impact Driver,Kreg 20V Ionic Compact Impact Driver for industrial and commercial applications.,Kreg 20V Ionic Compact Impact Driver Manufactured or supplied by Kreg Tool Company (KRETO). Available product information includes Voltage: 20 V.,Kreg 20V Ionic Compact Impact Driver designed for industrial and commercial use. Key identified specifications include Voltage: 20 V.,Manufacturer: Kreg Tool Company (KRETO),Manufacturer Part Number: KPTDV025A,Voltage: 20 V,,,,,,,,,,,,,,,,,
3048-20,"3048-20 Milw M12 1/4"" Impact Wrench w/Friction Ring",,,,Milwaukee Accessory (4031),Unknown,0.0,No evidence,"[('Size', '1/4', 'in')]",Size,1/4,in,,,,,,,,,,,,,,,,,,,,,,,,,,,,,,,,,,,,,,,,,,,,,,,,,,,,,,,,,,,,,,,,,,,,,,,,,,,,,,,,,,,,,,,,,,,,,,,,,,,,,,,,,,,,,,,,,,,,,,,,,,,,,,,,,,,,,,,,,,,,,,,,,,,,Milwaukee Accessory (4031),Unknown,3048-20,"Milw M12 1/4"" Impact Wrench w/Friction Ring","Milw M12 1/4"" Impact Wrench w/Friction Ring for industrial and commercial applications.","Milw M12 1/4"" Impact Wrench w/Friction Ring Manufactured or supplied by Milwaukee Accessory (4031). Available product information includes Size: 1/4 in.","Milw M12 1/4"" Impact Wrench w/Friction Ring designed for industrial and commercial use. Key identified specifications include Size: 1/4 in.",Manufacturer: Milwaukee Accessory (4031),Manufacturer Part Number: 3048-20,Size: 1/4 in,,,,,,,,,,,,,,,,,
3049-20,"3049-20 Milw M12 3/8"" Impact Wrench w/Friction Ring",,,,Milwaukee Accessory (4031),Unknown,0.0,No evidence,"[('Size', '3/8', 'in')]",Size,3/8,in,,,,,,,,,,,,,,,,,,,,,,,,,,,,,,,,,,,,,,,,,,,,,,,,,,,,,,,,,,,,,,,,,,,,,,,,,,,,,,,,,,,,,,,,,,,,,,,,,,,,,,,,,,,,,,,,,,,,,,,,,,,,,,,,,,,,,,,,,,,,,,,,,,,,Milwaukee Accessory (4031),Unknown,3049-20,"Milw M12 3/8"" Impact Wrench w/Friction Ring","Milw M12 3/8"" Impact Wrench w/Friction Ring for industrial and commercial applications.","Milw M12 3/8"" Impact Wrench w/Friction Ring Manufactured or supplied by Milwaukee Accessory (4031). Available product information includes Size: 3/8 in.","Milw M12 3/8"" Impact Wrench w/Friction Ring designed for industrial and commercial use. Key identified specifications include Size: 3/8 in.",Manufacturer: Milwaukee Accessory (4031),Manufacturer Part Number: 3049-20,Size: 3/8 in,,,,,,,,,,,,,,,,,
2563-20,"2563-20 Milw M12 Stubby 1/2"" Impact Wrench",,,,Milwaukee Accessory (4031),Unknown,0.0,No evidence,"[('Size', '1/2', 'in')]",Size,1/2,in,,,,,,,,,,,,,,,,,,,,,,,,,,,,,,,,,,,,,,,,,,,,,,,,,,,,,,,,,,,,,,,,,,,,,,,,,,,,,,,,,,,,,,,,,,,,,,,,,,,,,,,,,,,,,,,,,,,,,,,,,,,,,,,,,,,,,,,,,,,,,,,,,,,,Milwaukee Accessory (4031),Unknown,2563-20,"Milw M12 Stubby 1/2"" Impact Wrench","Milw M12 Stubby 1/2"" Impact Wrench for industrial and commercial applications.","Milw M12 Stubby 1/2"" Impact Wrench Manufactured or supplied by Milwaukee Accessory (4031). Available product information includes Size: 1/2 in.","Milw M12 Stubby 1/2"" Impact Wrench designed for industrial and commercial use. Key identified specifications include Size: 1/2 in.",Manufacturer: Milwaukee Accessory (4031),Manufacturer Part Number: 2563-20,Size: 1/2 in,,,,,,,,,,,,,,,,,
DCF961B,"Dewalt DCF961B 20V 1/2"" Impact - Bare Tool",,,DEWALT,Black & Decker/dewlt (2585),DEWALT,0.9,Structured source + description,"[('Voltage', '20', 'V'), ('Size', '1/2', 'in')]",Voltage,20,V,Size,1/2,in,,,,,,,,,,,,,,,,,,,,,,,,,,,,,,,,,,,,,,,,,,,,,,,,,,,,,,,,,,,,,,,,,,,,,,,,,,,,,,,,,,,,,,,,,,,,,,,,,,,,,,,,,,,,,,,,,,,,,,,,,,,,,,,,,,,,,,,,,,,,,,,,,Black & Decker/dewlt (2585),DEWALT,DCF961B,"Dewalt  20V 1/2"" Impact - Bare Tool","Dewalt  20V 1/2"" Impact - Bare Tool for industrial and commercial applications.","Dewalt  20V 1/2"" Impact - Bare Tool Manufactured or supplied by Black & Decker/dewlt (2585). Available product information includes Voltage: 20 V, Size: 1/2 in.","Dewalt  20V 1/2"" Impact - Bare Tool designed for industrial and commercial use. Key identified specifications include Voltage: 20 V, Size: 1/2 in.",Brand: DEWALT,Manufacturer: Black & Decker/dewlt (2585),Manufacturer Part Number: DCF961B,Voltage: 20 V,Size: 1/2 in,,,,,,,,,,,,,,,
DCF964B,"DCF964B Dewalt 20V 3/4"" Impact - Wrench (Bare)",,,DEWALT,Black & Decker/dewlt (2585),DEWALT,0.9,Structured source + description,"[('Voltage', '20', 'V'), ('Size', '3/4', 'in')]",Voltage,20,V,Size,3/4,in,,,,,,,,,,,,,,,,,,,,,,,,,,,,,,,,,,,,,,,,,,,,,,,,,,,,,,,,,,,,,,,,,,,,,,,,,,,,,,,,,,,,,,,,,,,,,,,,,,,,,,,,,,,,,,,,,,,,,,,,,,,,,,,,,,,,,,,,,,,,,,,,,Black & Decker/dewlt (2585),DEWALT,DCF964B,"Dewalt 20V 3/4"" Impact - Wrench (Bare)","Dewalt 20V 3/4"" Impact - Wrench (Bare) for industrial and commercial applications.","Dewalt 20V 3/4"" Impact - Wrench (Bare) Manufactured or supplied by Black & Decker/dewlt (2585). Available product information includes Voltage: 20 V, Size: 3/4 in.","Dewalt 20V 3/4"" Impact - Wrench (Bare) designed for industrial and commercial use. Key identified specifications include Voltage: 20 V, Size: 3/4 in.",Brand: DEWALT,Manufacturer: Black & Decker/dewlt (2585),Manufacturer Part Number: DCF964B,Voltage: 20 V,Size: 3/4 in,,,,,,,,,,,,,,,
2563P-20,"2563P-20 Milw M12 1/2"" Stubby - Impact Wrench w/Pin Detent",,,,Milwaukee Accessory (4031),Unknown,0.0,No evidence,"[('Size', '1/2', 'in')]",Size,1/2,in,,,,,,,,,,,,,,,,,,,,,,,,,,,,,,,,,,,,,,,,,,,,,,,,,,,,,,,,,,,,,,,,,,,,,,,,,,,,,,,,,,,,,,,,,,,,,,,,,,,,,,,,,,,,,,,,,,,,,,,,,,,,,,,,,,,,,,,,,,,,,,,,,,,,Milwaukee Accessory (4031),Unknown,2563P-20,"Milw M12 1/2"" Stubby - Impact Wrench w/Pin Detent","Milw M12 1/2"" Stubby - Impact Wrench w/Pin Detent for industrial and commercial applications.","Milw M12 1/2"" Stubby - Impact Wrench w/Pin Detent Manufactured or supplied by Milwaukee Accessory (4031). Available product information includes Size: 1/2 in.","Milw M12 1/2"" Stubby - Impact Wrench w/Pin Detent designed for industrial and commercial use. Key identified specifications include Size: 1/2 in.",Manufacturer: Milwaukee Accessory (4031),Manufacturer Part Number: 2563P-20,Size: 1/2 in,,,,,,,,,,,,,,,,,
DCF921P2,DCF921P2 Dewalt 20V 1/2 Impact,,,,Black & Decker/dewlt (2585),DEWALT,0.6,Product description,"[('Voltage', '20', 'V')]",Voltage,20,V,,,,,,,,,,,,,,,,,,,,,,,,,,,,,,,,,,,,,,,,,,,,,,,,,,,,,,,,,,,,,,,,,,,,,,,,,,,,,,,,,,,,,,,,,,,,,,,,,,,,,,,,,,,,,,,,,,,,,,,,,,,,,,,,,,,,,,,,,,,,,,,,,,,,Black & Decker/dewlt (2585),DEWALT,DCF921P2,Dewalt 20V 1/2 Impact,Dewalt 20V 1/2 Impact for industrial and commercial applications.,Dewalt 20V 1/2 Impact Manufactured or supplied by Black & Decker/dewlt (2585). Available product information includes Voltage: 20 V.,Dewalt 20V 1/2 Impact designed for industrial and commercial use. Key identified specifications include Voltage: 20 V.,Brand: DEWALT,Manufacturer: Black & Decker/dewlt (2585),Manufacturer Part Number: DCF921P2,Voltage: 20 V,,,,,,,,,,,,,,,,
XLT03Z,"XLT03Z Makita 3/8"" 18V Angle Impact",,,,Makita Usa Inc (5142),Unknown,0.0,No evidence,"[('Voltage', '18', 'V'), ('Size', '3/8', 'in')]",Voltage,18,V,Size,3/8,in,,,,,,,,,,,,,,,,,,,,,,,,,,,,,,,,,,,,,,,,,,,,,,,,,,,,,,,,,,,,,,,,,,,,,,,,,,,,,,,,,,,,,,,,,,,,,,,,,,,,,,,,,,,,,,,,,,,,,,,,,,,,,,,,,,,,,,,,,,,,,,,,,Makita Usa Inc (5142),Unknown,XLT03Z,"Makita 3/8"" 18V Angle Impact","Makita 3/8"" 18V Angle Impact for industrial and commercial applications.","Makita 3/8"" 18V Angle Impact Manufactured or supplied by Makita Usa Inc (5142). Available product information includes Voltage: 18 V, Size: 3/8 in.","Makita 3/8"" 18V Angle Impact designed for industrial and commercial use. Key identified specifications include Voltage: 18 V, Size: 3/8 in.",Manufacturer: Makita Usa Inc (5142),Manufacturer Part Number: XLT03Z,Voltage: 18 V,Size: 3/8 in,,,,,,,,,,,,,,,,
XLT04Z,"XLT04Z Makita 1/4"" 18V Angle Impact",,,,Makita Usa Inc (5142),Unknown,0.0,No evidence,"[('Voltage', '18', 'V'), ('Size', '1/4', 'in')]",Voltage,18,V,Size,1/4,in,,,,,,,,,,,,,,,,,,,,,,,,,,,,,,,,,,,,,,,,,,,,,,,,,,,,,,,,,,,,,,,,,,,,,,,,,,,,,,,,,,,,,,,,,,,,,,,,,,,,,,,,,,,,,,,,,,,,,,,,,,,,,,,,,,,,,,,,,,,,,,,,,Makita Usa Inc (5142),Unknown,XLT04Z,"Makita 1/4"" 18V Angle Impact","Makita 1/4"" 18V Angle Impact for industrial and commercial applications.","Makita 1/4"" 18V Angle Impact Manufactured or supplied by Makita Usa Inc (5142). Available product information includes Voltage: 18 V, Size: 1/4 in.","Makita 1/4"" 18V Angle Impact designed for industrial and commercial use. Key identified specifications include Voltage: 18 V, Size: 1/4 in.",Manufacturer: Makita Usa Inc (5142),Manufacturer Part Number: XLT04Z,Voltage: 18 V,Size: 1/4 in,,,,,,,,,,,,,,,,
XLT05Z,"XLT05Z Makita 1/2"" 18V Angle Impact",,,,Makita Usa Inc (5142),Unknown,0.0,No evidence,"[('Voltage', '18', 'V'), ('Size', '1/2', 'in')]",Voltage,18,V,Size,1/2,in,,,,,,,,,,,,,,,,,,,,,,,,,,,,,,,,,,,,,,,,,,,,,,,,,,,,,,,,,,,,,,,,,,,,,,,,,,,,,,,,,,,,,,,,,,,,,,,,,,,,,,,,,,,,,,,,,,,,,,,,,,,,,,,,,,,,,,,,,,,,,,,,,Makita Usa Inc (5142),Unknown,XLT05Z,"Makita 1/2"" 18V Angle Impact","Makita 1/2"" 18V Angle Impact for industrial and commercial applications.","Makita 1/2"" 18V Angle Impact Manufactured or supplied by Makita Usa Inc (5142). Available product information includes Voltage: 18 V, Size: 1/2 in.","Makita 1/2"" 18V Angle Impact designed for industrial and commercial use. Key identified specifications include Voltage: 18 V, Size: 1/2 in.",Manufacturer: Makita Usa Inc (5142),Manufacturer Part Number: XLT05Z,Voltage: 18 V,Size: 1/2 in,,,,,,,,,,,,,,,,
DCF510B,Dewalt DCF510B 20V Rachet - Interchangeable Anvil,,,DEWALT,Black & Decker/dewlt (2585),DEWALT,0.9,Structured source + description,"[('Voltage', '20', 'V')]",Voltage,20,V,,,,,,,,,,,,,,,,,,,,,,,,,,,,,,,,,,,,,,,,,,,,,,,,,,,,,,,,,,,,,,,,,,,,,,,,,,,,,,,,,,,,,,,,,,,,,,,,,,,,,,,,,,,,,,,,,,,,,,,,,,,,,,,,,,,,,,,,,,,,,,,,,,,,Black & Decker/dewlt (2585),DEWALT,DCF510B,Dewalt  20V Rachet - Interchangeable Anvil,Dewalt  20V Rachet - Interchangeable Anvil for industrial and commercial applications.,Dewalt  20V Rachet - Interchangeable Anvil Manufactured or supplied by Black & Decker/dewlt (2585). Available product information includes Voltage: 20 V.,Dewalt  20V Rachet - Interchangeable Anvil designed for industrial and commercial use. Key identified specifications include Voltage: 20 V.,Brand: DEWALT,Manufacturer: Black & Decker/dewlt (2585),Manufacturer Part Number: DCF510B,Voltage: 20 V,,,,,,,,,,,,,,,,
3052-20,"3052-20 Milw M12 Fuel 1/4"" Rachet",,,,Milwaukee Accessory (4031),Unknown,0.0,No evidence,"[('Size', '1/4', 'in')]",Size,1/4,in,,,,,,,,,,,,,,,,,,,,,,,,,,,,,,,,,,,,,,,,,,,,,,,,,,,,,,,,,,,,,,,,,,,,,,,,,,,,,,,,,,,,,,,,,,,,,,,,,,,,,,,,,,,,,,,,,,,,,,,,,,,,,,,,,,,,,,,,,,,,,,,,,,,,Milwaukee Accessory (4031),Unknown,3052-20,"Milw M12 Fuel 1/4"" Rachet","Milw M12 Fuel 1/4"" Rachet for industrial and commercial applications.","Milw M12 Fuel 1/4"" Rachet Manufactured or supplied by Milwaukee Accessory (4031). Available product information includes Size: 1/4 in.","Milw M12 Fuel 1/4"" Rachet designed for industrial and commercial use. Key identified specifications include Size: 1/4 in.",Manufacturer: Milwaukee Accessory (4031),Manufacturer Part Number: 3052-20,Size: 1/4 in,,,,,,,,,,,,,,,,,
3054-20,"3054-20 Milw M12 1/2"" Ratchet (Bare)",,,,Milwaukee Accessory (4031),Unknown,0.0,No evidence,"[('Size', '1/2', 'in')]",Size,1/2,in,,,,,,,,,,,,,,,,,,,,,,,,,,,,,,,,,,,,,,,,,,,,,,,,,,,,,,,,,,,,,,,,,,,,,,,,,,,,,,,,,,,,,,,,,,,,,,,,,,,,,,,,,,,,,,,,,,,,,,,,,,,,,,,,,,,,,,,,,,,,,,,,,,,,Milwaukee Accessory (4031),Unknown,3054-20,"Milw M12 1/2"" Ratchet (Bare)","Milw M12 1/2"" Ratchet (Bare) for industrial and commercial applications.","Milw M12 1/2"" Ratchet (Bare) Manufactured or supplied by Milwaukee Accessory (4031). Available product information includes Size: 1/2 in.","Milw M12 1/2"" Ratchet (Bare) designed for industrial and commercial use. Key identified specifications include Size: 1/2 in.",Manufacturer: Milwaukee Accessory (4031),Manufacturer Part Number: 3054-20,Size: 1/2 in,,,,,,,,,,,,,,,,,
DCF513EB,"DCF513EB Dewalt 3/8"" Open Head Rachet",,,,Black & Decker/dewlt (2585),DEWALT,0.6,Product description,"[('Size', '3/8', 'in')]",Size,3/8,in,,,,,,,,,,,,,,,,,,,,,,,,,,,,,,,,,,,,,,,,,,,,,,,,,,,,,,,,,,,,,,,,,,,,,,,,,,,,,,,,,,,,,,,,,,,,,,,,,,,,,,,,,,,,,,,,,,,,,,,,,,,,,,,,,,,,,,,,,,,,,,,,,,,,Black & Decker/dewlt (2585),DEWALT,DCF513EB,"Dewalt 3/8"" Open Head Rachet","Dewalt 3/8"" Open Head Rachet for industrial and commercial applications.","Dewalt 3/8"" Open Head Rachet Manufactured or supplied by Black & Decker/dewlt (2585). Available product information includes Size: 3/8 in.","Dewalt 3/8"" Open Head Rachet designed for industrial and commercial use. Key identified specifications include Size: 3/8 in.",Brand: DEWALT,Manufacturer: Black & Decker/dewlt (2585),Manufacturer Part Number: DCF513EB,Size: 3/8 in,,,,,,,,,,,,,,,,
XVP01Z,"XVP01Z Makita 18V 3"" Polisher/ 2"" Sander",,,,Makita Usa Inc (5142),Unknown,0.0,No evidence,"[('Voltage', '18', 'V'), ('Size', '3', 'in')]",Voltage,18,V,Size,3,in,,,,,,,,,,,,,,,,,,,,,,,,,,,,,,,,,,,,,,,,,,,,,,,,,,,,,,,,,,,,,,,,,,,,,,,,,,,,,,,,,,,,,,,,,,,,,,,,,,,,,,,,,,,,,,,,,,,,,,,,,,,,,,,,,,,,,,,,,,,,,,,,,Makita Usa Inc (5142),Unknown,XVP01Z,"Makita 18V 3"" Polisher/ 2"" Sander","Makita 18V 3"" Polisher/ 2"" Sander for industrial and commercial applications.","Makita 18V 3"" Polisher/ 2"" Sander Manufactured or supplied by Makita Usa Inc (5142). Available product information includes Voltage: 18 V, Size: 3 in.","Makita 18V 3"" Polisher/ 2"" Sander designed for industrial and commercial use. Key identified specifications include Voltage: 18 V, Size: 3 in.",Manufacturer: Makita Usa Inc (5142),Manufacturer Part Number: XVP01Z,Voltage: 18 V,Size: 3 in,,,,,,,,,,,,,,,,
DCM200B,DCM200B Dewalt 1/2in x 18in - Band File,,,DEWALT,Black & Decker/dewlt (2585),DEWALT,0.9,Structured source + description,"[('Size', '1/2', 'in'), ('Size', '18', 'in')]",Size,1/2,in,Size,18,in,,,,,,,,,,,,,,,,,,,,,,,,,,,,,,,,,,,,,,,,,,,,,,,,,,,,,,,,,,,,,,,,,,,,,,,,,,,,,,,,,,,,,,,,,,,,,,,,,,,,,,,,,,,,,,,,,,,,,,,,,,,,,,,,,,,,,,,,,,,,,,,,,Black & Decker/dewlt (2585),DEWALT,DCM200B,Dewalt 1/2in x 18in - Band File,Dewalt 1/2in x 18in - Band File for industrial and commercial applications.,"Dewalt 1/2in x 18in - Band File Manufactured or supplied by Black & Decker/dewlt (2585). Available product information includes Size: 1/2 in, Size: 18 in.","Dewalt 1/2in x 18in - Band File designed for industrial and commercial use. Key identified specifications include Size: 1/2 in, Size: 18 in.",Brand: DEWALT,Manufacturer: Black & Decker/dewlt (2585),Manufacturer Part Number: DCM200B,Size: 1/2 in,Size: 18 in,,,,,,,,,,,,,,,
DCG410B,"DCG410B Dewalt 20V 4-1/2""-5"" - Angle Grinder (Bare)",,,DEWALT,Black & Decker/dewlt (2585),DEWALT,0.9,Structured source + description,"[('Voltage', '20', 'V'), ('Size', '4-1/2', 'in')]",Voltage,20,V,Size,4-1/2,in,,,,,,,,,,,,,,,,,,,,,,,,,,,,,,,,,,,,,,,,,,,,,,,,,,,,,,,,,,,,,,,,,,,,,,,,,,,,,,,,,,,,,,,,,,,,,,,,,,,,,,,,,,,,,,,,,,,,,,,,,,,,,,,,,,,,,,,,,,,,,,,,,Black & Decker/dewlt (2585),DEWALT,DCG410B,"Dewalt 20V 4-1/2""-5"" - Angle Grinder (Bare)","Dewalt 20V 4-1/2""-5"" - Angle Grinder (Bare) for industrial and commercial applications.","Dewalt 20V 4-1/2""-5"" - Angle Grinder (Bare) Manufactured or supplied by Black & Decker/dewlt (2585). Available product information includes Voltage: 20 V, Size: 4-1/2 in.","Dewalt 20V 4-1/2""-5"" - Angle Grinder (Bare) designed for industrial and commercial use. Key identified specifications include Voltage: 20 V, Size: 4-1/2 in.",Brand: DEWALT,Manufacturer: Black & Decker/dewlt (2585),Manufacturer Part Number: DCG410B,Voltage: 20 V,Size: 4-1/2 in,,,,,,,,,,,,,,,
DCG460B,"DCG460B Dewalt 60V Grinder - 7-9""",,,DEWALT,Black & Decker/dewlt (2585),DEWALT,0.9,Structured source + description,"[('Voltage', '60', 'V')]",Voltage,60,V,,,,,,,,,,,,,,,,,,,,,,,,,,,,,,,,,,,,,,,,,,,,,,,,,,,,,,,,,,,,,,,,,,,,,,,,,,,,,,,,,,,,,,,,,,,,,,,,,,,,,,,,,,,,,,,,,,,,,,,,,,,,,,,,,,,,,,,,,,,,,,,,,,,,Black & Decker/dewlt (2585),DEWALT,DCG460B,"Dewalt 60V Grinder - 7-9""","Dewalt 60V Grinder - 7-9"" for industrial and commercial applications.","Dewalt 60V Grinder - 7-9"" Manufactured or supplied by Black & Decker/dewlt (2585). Available product information includes Voltage: 60 V.","Dewalt 60V Grinder - 7-9"" designed for industrial and commercial use. Key identified specifications include Voltage: 60 V.",Brand: DEWALT,Manufacturer: Black & Decker/dewlt (2585),Manufacturer Part Number: DCG460B,Voltage: 60 V,,,,,,,,,,,,,,,,
DCG402B,"DCG402B Dewalt 20V 4.5"" Angle Grinder (Bare)",,,,Black & Decker/dewlt (2585),DEWALT,0.6,Product description,"[('Voltage', '20', 'V'), ('Size', '4.5', 'in')]",Voltage,20,V,Size,4.5,in,,,,,,,,,,,,,,,,,,,,,,,,,,,,,,,,,,,,,,,,,,,,,,,,,,,,,,,,,,,,,,,,,,,,,,,,,,,,,,,,,,,,,,,,,,,,,,,,,,,,,,,,,,,,,,,,,,,,,,,,,,,,,,,,,,,,,,,,,,,,,,,,,Black & Decker/dewlt (2585),DEWALT,DCG402B,"Dewalt 20V 4.5"" Angle Grinder (Bare)","Dewalt 20V 4.5"" Angle Grinder (Bare) for industrial and commercial applications.","Dewalt 20V 4.5"" Angle Grinder (Bare) Manufactured or supplied by Black & Decker/dewlt (2585). Available product information includes Voltage: 20 V, Size: 4.5 in.","Dewalt 20V 4.5"" Angle Grinder (Bare) designed for industrial and commercial use. Key identified specifications include Voltage: 20 V, Size: 4.5 in.",Brand: DEWALT,Manufacturer: Black & Decker/dewlt (2585),Manufacturer Part Number: DCG402B,Voltage: 20 V,Size: 4.5 in,,,,,,,,,,,,,,,
3485-20,"3485-20 Milw M12 1/4"" Right Angle Die Grinder",,,,Milwaukee Accessory (4031),Unknown,0.0,No evidence,"[('Size', '1/4', 'in')]",Size,1/4,in,,,,,,,,,,,,,,,,,,,,,,,,,,,,,,,,,,,,,,,,,,,,,,,,,,,,,,,,,,,,,,,,,,,,,,,,,,,,,,,,,,,,,,,,,,,,,,,,,,,,,,,,,,,,,,,,,,,,,,,,,,,,,,,,,,,,,,,,,,,,,,,,,,,,Milwaukee Accessory (4031),Unknown,3485-20,"Milw M12 1/4"" Right Angle Die Grinder","Milw M12 1/4"" Right Angle Die Grinder for industrial and commercial applications.","Milw M12 1/4"" Right Angle Die Grinder Manufactured or supplied by Milwaukee Accessory (4031). Available product information includes Size: 1/4 in.","Milw M12 1/4"" Right Angle Die Grinder designed for industrial and commercial use. Key identified specifications include Size: 1/4 in.",Manufacturer: Milwaukee Accessory (4031),Manufacturer Part Number: 3485-20,Size: 1/4 in,,,,,,,,,,,,,,,,,
DCG420B,DCG420B Dewalt 20V Die Grinder (Bare),,,,Black & Decker/dewlt (2585),DEWALT,0.6,Product description,"[('Voltage', '20', 'V')]",Voltage,20,V,,,,,,,,,,,,,,,,,,,,,,,,,,,,,,,,,,,,,,,,,,,,,,,,,,,,,,,,,,,,,,,,,,,,,,,,,,,,,,,,,,,,,,,,,,,,,,,,,,,,,,,,,,,,,,,,,,,,,,,,,,,,,,,,,,,,,,,,,,,,,,,,,,,,Black & Decker/dewlt (2585),DEWALT,DCG420B,Dewalt 20V Die Grinder (Bare),Dewalt 20V Die Grinder (Bare) for industrial and commercial applications.,Dewalt 20V Die Grinder (Bare) Manufactured or supplied by Black & Decker/dewlt (2585). Available product information includes Voltage: 20 V.,Dewalt 20V Die Grinder (Bare) designed for industrial and commercial use. Key identified specifications include Voltage: 20 V.,Brand: DEWALT,Manufacturer: Black & Decker/dewlt (2585),Manufacturer Part Number: DCG420B,Voltage: 20 V,,,,,,,,,,,,,,,,
DCG422B,DCG422B Dewalt 20V Right Angle Die Grinder (Bare),,,,Black & Decker/dewlt (2585),DEWALT,0.6,Product description,"[('Voltage', '20', 'V')]",Voltage,20,V,,,,,,,,,,,,,,,,,,,,,,,,,,,,,,,,,,,,,,,,,,,,,,,,,,,,,,,,,,,,,,,,,,,,,,,,,,,,,,,,,,,,,,,,,,,,,,,,,,,,,,,,,,,,,,,,,,,,,,,,,,,,,,,,,,,,,,,,,,,,,,,,,,,,Black & Decker/dewlt (2585),DEWALT,DCG422B,Dewalt 20V Right Angle Die Grinder (Bare),Dewalt 20V Right Angle Die Grinder (Bare) for industrial and commercial applications.,Dewalt 20V Right Angle Die Grinder (Bare) Manufactured or supplied by Black & Decker/dewlt (2585). Available product information includes Voltage: 20 V.,Dewalt 20V Right Angle Die Grinder (Bare) designed for industrial and commercial use. Key identified specifications include Voltage: 20 V.,Brand: DEWALT,Manufacturer: Black & Decker/dewlt (2585),Manufacturer Part Number: DCG422B,Voltage: 20 V,,,,,,,,,,,,,,,,
924422,924422 Mafell Carpentry - Planing Machine ZH 320 Ec 120V,,,,-,Unknown,0.0,No evidence,"[('Voltage', '120', 'V')]",Voltage,120,V,,,,,,,,,,,,,,,,,,,,,,,,,,,,,,,,,,,,,,,,,,,,,,,,,,,,,,,,,,,,,,,,,,,,,,,,,,,,,,,,,,,,,,,,,,,,,,,,,,,,,,,,,,,,,,,,,,,,,,,,,,,,,,,,,,,,,,,,,,,,,,,,,,,,-,Unknown,924422,Mafell Carpentry - Planing Machine ZH 320 Ec 120V,Mafell Carpentry - Planing Machine ZH 320 Ec 120V for industrial and commercial applications.,Mafell Carpentry - Planing Machine ZH 320 Ec 120V Manufactured or supplied by -. Available product information includes Voltage: 120 V.,Mafell Carpentry - Planing Machine ZH 320 Ec 120V designed for industrial and commercial use. Key identified specifications include Voltage: 120 V.,Manufacturer: -,Manufacturer Part Number: 924422,Voltage: 120 V,,,,,,,,,,,,,,,,,
DCW620B,DCW620B Dewalt 20V Plunge - Router,,,,Black & Decker/dewlt (2585),DEWALT,0.6,Product description,"[('Voltage', '20', 'V')]",Voltage,20,V,,,,,,,,,,,,,,,,,,,,,,,,,,,,,,,,,,,,,,,,,,,,,,,,,,,,,,,,,,,,,,,,,,,,,,,,,,,,,,,,,,,,,,,,,,,,,,,,,,,,,,,,,,,,,,,,,,,,,,,,,,,,,,,,,,,,,,,,,,,,,,,,,,,,Black & Decker/dewlt (2585),DEWALT,DCW620B,Dewalt 20V Plunge - Router,Dewalt 20V Plunge - Router for industrial and commercial applications.,Dewalt 20V Plunge - Router Manufactured or supplied by Black & Decker/dewlt (2585). Available product information includes Voltage: 20 V.,Dewalt 20V Plunge - Router designed for industrial and commercial use. Key identified specifications include Voltage: 20 V.,Brand: DEWALT,Manufacturer: Black & Decker/dewlt (2585),Manufacturer Part Number: DCW620B,Voltage: 20 V,,,,,,,,,,,,,,,,
2535-20,"2535-20 Milw 3"" Orbit Sander - M12",,,,Milwaukee Accessory (4031),Unknown,0.0,No evidence,"[('Size', '3', 'in')]",Size,3,in,,,,,,,,,,,,,,,,,,,,,,,,,,,,,,,,,,,,,,,,,,,,,,,,,,,,,,,,,,,,,,,,,,,,,,,,,,,,,,,,,,,,,,,,,,,,,,,,,,,,,,,,,,,,,,,,,,,,,,,,,,,,,,,,,,,,,,,,,,,,,,,,,,,,Milwaukee Accessory (4031),Unknown,2535-20,"Milw 3"" Orbit Sander - M12","Milw 3"" Orbit Sander - M12 for industrial and commercial applications.","Milw 3"" Orbit Sander - M12 Manufactured or supplied by Milwaukee Accessory (4031). Available product information includes Size: 3 in.","Milw 3"" Orbit Sander - M12 designed for industrial and commercial use. Key identified specifications include Size: 3 in.",Manufacturer: Milwaukee Accessory (4031),Manufacturer Part Number: 2535-20,Size: 3 in,,,,,,,,,,,,,,,,,
2837-20,"2837-20 Milw M18 5"" Sander - Orbital (Bare)",,,Milwaukee,Milwaukee Accessory (4031),Milwaukee,0.7,Structured source,"[('Size', '5', 'in')]",Size,5,in,,,,,,,,,,,,,,,,,,,,,,,,,,,,,,,,,,,,,,,,,,,,,,,,,,,,,,,,,,,,,,,,,,,,,,,,,,,,,,,,,,,,,,,,,,,,,,,,,,,,,,,,,,,,,,,,,,,,,,,,,,,,,,,,,,,,,,,,,,,,,,,,,,,,Milwaukee Accessory (4031),Milwaukee,2837-20,"Milwaukee Milw M18 5"" Sander - Orbital (Bare)","Milwaukee Milw M18 5"" Sander - Orbital (Bare) for industrial and commercial applications.","Milwaukee Milw M18 5"" Sander - Orbital (Bare) Manufactured or supplied by Milwaukee Accessory (4031). Available product information includes Size: 5 in.","Milwaukee Milw M18 5"" Sander - Orbital (Bare) designed for industrial and commercial use. Key identified specifications include Size: 5 in.",Brand: Milwaukee,Manufacturer: Milwaukee Accessory (4031),Manufacturer Part Number: 2837-20,Size: 5 in,,,,,,,,,,,,,,,,
577728,577728 Festool Cordless Sander - ETSC 2 150 I-Plus,,,,Festool USA (FESTO),Unknown,0.0,No evidence,[],,,,,,,,,,,,,,,,,,,,,,,,,,,,,,,,,,,,,,,,,,,,,,,,,,,,,,,,,,,,,,,,,,,,,,,,,,,,,,,,,,,,,,,,,,,,,,,,,,,,,,,,,,,,,,,,,,,,,,,,,,,,,,,,,,,,,,,,,,,,,,,,,,,,,,,Festool USA (FESTO),Unknown,577728,Festool Cordless Sander - ETSC 2 150 I-Plus,Festool Cordless Sander - ETSC 2 150 I-Plus for industrial and commercial applications.,Festool Cordless Sander - ETSC 2 150 I-Plus Manufactured or supplied by Festool USA (FESTO).,Festool Cordless Sander - ETSC 2 150 I-Plus designed for industrial and commercial use.,Manufacturer: Festool USA (FESTO),Manufacturer Part Number: 577728,,,,,,,,,,,,,,,,,,
577738,577738 Festool Cordless Sander - ETSC 2 125 I-Plus,,,,Festool USA (FESTO),Unknown,0.0,No evidence,[],,,,,,,,,,,,,,,,,,,,,,,,,,,,,,,,,,,,,,,,,,,,,,,,,,,,,,,,,,,,,,,,,,,,,,,,,,,,,,,,,,,,,,,,,,,,,,,,,,,,,,,,,,,,,,,,,,,,,,,,,,,,,,,,,,,,,,,,,,,,,,,,,,,,,,,Festool USA (FESTO),Unknown,577738,Festool Cordless Sander - ETSC 2 125 I-Plus,Festool Cordless Sander - ETSC 2 125 I-Plus for industrial and commercial applications.,Festool Cordless Sander - ETSC 2 125 I-Plus Manufactured or supplied by Festool USA (FESTO).,Festool Cordless Sander - ETSC 2 125 I-Plus designed for industrial and commercial use.,Manufacturer: Festool USA (FESTO),Manufacturer Part Number: 577738,,,,,,,,,,,,,,,,,,
KPTRS500A,"KPTRS500A Kreg 20V Ionic 5"" Random Orbit Sander",,,,Kreg Tool Company (KRETO),Unknown,0.0,No evidence,"[('Voltage', '20', 'V'), ('Size', '5', 'in')]",Voltage,20,V,Size,5,in,,,,,,,,,,,,,,,,,,,,,,,,,,,,,,,,,,,,,,,,,,,,,,,,,,,,,,,,,,,,,,,,,,,,,,,,,,,,,,,,,,,,,,,,,,,,,,,,,,,,,,,,,,,,,,,,,,,,,,,,,,,,,,,,,,,,,,,,,,,,,,,,,Kreg Tool Company (KRETO),Unknown,KPTRS500A,"Kreg 20V Ionic 5"" Random Orbit Sander","Kreg 20V Ionic 5"" Random Orbit Sander for industrial and commercial applications.","Kreg 20V Ionic 5"" Random Orbit Sander Manufactured or supplied by Kreg Tool Company (KRETO). Available product information includes Voltage: 20 V, Size: 5 in.","Kreg 20V Ionic 5"" Random Orbit Sander designed for industrial and commercial use. Key identified specifications include Voltage: 20 V, Size: 5 in.",Manufacturer: Kreg Tool Company (KRETO),Manufacturer Part Number: KPTRS500A,Voltage: 20 V,Size: 5 in,,,,,,,,,,,,,,,,
24-35M-320,"24-35M-320 Iridium Grip - 3.2"" x 5.2"" Grip",,,,Mirka Abrasives Inc (MIRUS),Unknown,0.0,No evidence,"[('Size', '3.2', 'in')]",Size,3.2,in,,,,,,,,,,,,,,,,,,,,,,,,,,,,,,,,,,,,,,,,,,,,,,,,,,,,,,,,,,,,,,,,,,,,,,,,,,,,,,,,,,,,,,,,,,,,,,,,,,,,,,,,,,,,,,,,,,,,,,,,,,,,,,,,,,,,,,,,,,,,,,,,,,,,Mirka Abrasives Inc (MIRUS),Unknown,24-35M-320,"Iridium Grip - 3.2"" x 5.2"" Grip","Iridium Grip - 3.2"" x 5.2"" Grip for industrial and commercial applications.","Iridium Grip - 3.2"" x 5.2"" Grip Manufactured or supplied by Mirka Abrasives Inc (MIRUS). Available product information includes Size: 3.2 in.","Iridium Grip - 3.2"" x 5.2"" Grip designed for industrial and commercial use. Key identified specifications include Size: 3.2 in.",Manufacturer: Mirka Abrasives Inc (MIRUS),Manufacturer Part Number: 24-35M-320,Size: 3.2 in,,,,,,,,,,,,,,,,,
9A-129-120,9A-129-120 Abranet 3x4 - 50 Sheets/Box,,,,Mirka Abrasives Inc (MIRUS),Unknown,0.0,No evidence,"[('Dimension', '3 x 4', '')]",Dimension,3 x 4,,,,,,,,,,,,,,,,,,,,,,,,,,,,,,,,,,,,,,,,,,,,,,,,,,,,,,,,,,,,,,,,,,,,,,,,,,,,,,,,,,,,,,,,,,,,,,,,,,,,,,,,,,,,,,,,,,,,,,,,,,,,,,,,,,,,,,,,,,,,,,,,,,,,,Mirka Abrasives Inc (MIRUS),Unknown,9A-129-120,Abranet 3x4 - 50 Sheets/Box,Abranet 3x4 - 50 Sheets/Box for industrial and commercial applications.,Abranet 3x4 - 50 Sheets/Box Manufactured or supplied by Mirka Abrasives Inc (MIRUS). Available product information includes Dimension: 3 x 4.,Abranet 3x4 - 50 Sheets/Box designed for industrial and commercial use. Key identified specifications include Dimension: 3 x 4.,Manufacturer: Mirka Abrasives Inc (MIRUS),Manufacturer Part Number: 9A-129-120,Dimension: 3 x 4,,,,,,,,,,,,,,,,,
578800,578800 Festool 80x133 M GR PRO/10,,,,Festool USA (FESTO),Unknown,0.0,No evidence,"[('Dimension', '80 x 133', '')]",Dimension,80 x 133,,,,,,,,,,,,,,,,,,,,,,,,,,,,,,,,,,,,,,,,,,,,,,,,,,,,,,,,,,,,,,,,,,,,,,,,,,,,,,,,,,,,,,,,,,,,,,,,,,,,,,,,,,,,,,,,,,,,,,,,,,,,,,,,,,,,,,,,,,,,,,,,,,,,,Festool USA (FESTO),Unknown,578800,Festool 80x133 M GR PRO/10,Festool 80x133 M GR PRO/10 for industrial and commercial applications.,Festool 80x133 M GR PRO/10 Manufactured or supplied by Festool USA (FESTO). Available product information includes Dimension: 80 x 133.,Festool 80x133 M GR PRO/10 designed for industrial and commercial use. Key identified specifications include Dimension: 80 x 133.,Manufacturer: Festool USA (FESTO),Manufacturer Part Number: 578800,Dimension: 80 x 133,,,,,,,,,,,,,,,,,
578801,578801 Festool 80x133 F GR PRO/10,,,,Festool USA (FESTO),Unknown,0.0,No evidence,"[('Dimension', '80 x 133', '')]",Dimension,80 x 133,,,,,,,,,,,,,,,,,,,,,,,,,,,,,,,,,,,,,,,,,,,,,,,,,,,,,,,,,,,,,,,,,,,,,,,,,,,,,,,,,,,,,,,,,,,,,,,,,,,,,,,,,,,,,,,,,,,,,,,,,,,,,,,,,,,,,,,,,,,,,,,,,,,,,Festool USA (FESTO),Unknown,578801,Festool 80x133 F GR PRO/10,Festool 80x133 F GR PRO/10 for industrial and commercial applications.,Festool 80x133 F GR PRO/10 Manufactured or supplied by Festool USA (FESTO). Available product information includes Dimension: 80 x 133.,Festool 80x133 F GR PRO/10 designed for industrial and commercial use. Key identified specifications include Dimension: 80 x 133.,Manufacturer: Festool USA (FESTO),Manufacturer Part Number: 578801,Dimension: 80 x 133,,,,,,,,,,,,,,,,,
578802,578802 Festool 80x133 S GR PRO/10,,,,Festool USA (FESTO),Unknown,0.0,No evidence,"[('Dimension', '80 x 133', '')]",Dimension,80 x 133,,,,,,,,,,,,,,,,,,,,,,,,,,,,,,,,,,,,,,,,,,,,,,,,,,,,,,,,,,,,,,,,,,,,,,,,,,,,,,,,,,,,,,,,,,,,,,,,,,,,,,,,,,,,,,,,,,,,,,,,,,,,,,,,,,,,,,,,,,,,,,,,,,,,,Festool USA (FESTO),Unknown,578802,Festool 80x133 S GR PRO/10,Festool 80x133 S GR PRO/10 for industrial and commercial applications.,Festool 80x133 S GR PRO/10 Manufactured or supplied by Festool USA (FESTO). Available product information includes Dimension: 80 x 133.,Festool 80x133 S GR PRO/10 designed for industrial and commercial use. Key identified specifications include Dimension: 80 x 133.,Manufacturer: Festool USA (FESTO),Manufacturer Part Number: 578802,Dimension: 80 x 133,,,,,,,,,,,,,,,,,
578808,578808 Festool 3x4 M GR PRO/10,,,,Festool USA (FESTO),Unknown,0.0,No evidence,"[('Dimension', '3 x 4', '')]",Dimension,3 x 4,,,,,,,,,,,,,,,,,,,,,,,,,,,,,,,,,,,,,,,,,,,,,,,,,,,,,,,,,,,,,,,,,,,,,,,,,,,,,,,,,,,,,,,,,,,,,,,,,,,,,,,,,,,,,,,,,,,,,,,,,,,,,,,,,,,,,,,,,,,,,,,,,,,,,Festool USA (FESTO),Unknown,578808,Festool 3x4 M GR PRO/10,Festool 3x4 M GR PRO/10 for industrial and commercial applications.,Festool 3x4 M GR PRO/10 Manufactured or supplied by Festool USA (FESTO). Available product information includes Dimension: 3 x 4.,Festool 3x4 M GR PRO/10 designed for industrial and commercial use. Key identified specifications include Dimension: 3 x 4.,Manufacturer: Festool USA (FESTO),Manufacturer Part Number: 578808,Dimension: 3 x 4,,,,,,,,,,,,,,,,,
578809,578809 Festool 3x4 F GR PRO/10,,,,Festool USA (FESTO),Unknown,0.0,No evidence,"[('Dimension', '3 x 4', '')]",Dimension,3 x 4,,,,,,,,,,,,,,,,,,,,,,,,,,,,,,,,,,,,,,,,,,,,,,,,,,,,,,,,,,,,,,,,,,,,,,,,,,,,,,,,,,,,,,,,,,,,,,,,,,,,,,,,,,,,,,,,,,,,,,,,,,,,,,,,,,,,,,,,,,,,,,,,,,,,,Festool USA (FESTO),Unknown,578809,Festool 3x4 F GR PRO/10,Festool 3x4 F GR PRO/10 for industrial and commercial applications.,Festool 3x4 F GR PRO/10 Manufactured or supplied by Festool USA (FESTO). Available product information includes Dimension: 3 x 4.,Festool 3x4 F GR PRO/10 designed for industrial and commercial use. Key identified specifications include Dimension: 3 x 4.,Manufacturer: Festool USA (FESTO),Manufacturer Part Number: 578809,Dimension: 3 x 4,,,,,,,,,,,,,,,,,
578810,578810 Festool 3x4 S GR PRO/10,,,,Festool USA (FESTO),Unknown,0.0,No evidence,"[('Dimension', '3 x 4', '')]",Dimension,3 x 4,,,,,,,,,,,,,,,,,,,,,,,,,,,,,,,,,,,,,,,,,,,,,,,,,,,,,,,,,,,,,,,,,,,,,,,,,,,,,,,,,,,,,,,,,,,,,,,,,,,,,,,,,,,,,,,,,,,,,,,,,,,,,,,,,,,,,,,,,,,,,,,,,,,,,Festool USA (FESTO),Unknown,578810,Festool 3x4 S GR PRO/10,Festool 3x4 S GR PRO/10 for industrial and commercial applications.,Festool 3x4 S GR PRO/10 Manufactured or supplied by Festool USA (FESTO). Available product information includes Dimension: 3 x 4.,Festool 3x4 S GR PRO/10 designed for industrial and commercial use. Key identified specifications include Dimension: 3 x 4.,Manufacturer: Festool USA (FESTO),Manufacturer Part Number: 578810,Dimension: 3 x 4,,,,,,,,,,,,,,,,,
578811,578811 Festool 3x4 GR PRO/10-Set,,,,Festool USA (FESTO),Unknown,0.0,No evidence,"[('Dimension', '3 x 4', '')]",Dimension,3 x 4,,,,,,,,,,,,,,,,,,,,,,,,,,,,,,,,,,,,,,,,,,,,,,,,,,,,,,,,,,,,,,,,,,,,,,,,,,,,,,,,,,,,,,,,,,,,,,,,,,,,,,,,,,,,,,,,,,,,,,,,,,,,,,,,,,,,,,,,,,,,,,,,,,,,,Festool USA (FESTO),Unknown,578811,Festool 3x4 GR PRO/10-Set,Festool 3x4 GR PRO/10-Set for industrial and commercial applications.,Festool 3x4 GR PRO/10-Set Manufactured or supplied by Festool USA (FESTO). Available product information includes Dimension: 3 x 4.,Festool 3x4 GR PRO/10-Set designed for industrial and commercial use. Key identified specifications include Dimension: 3 x 4.,Manufacturer: Festool USA (FESTO),Manufacturer Part Number: 578811,Dimension: 3 x 4,,,,,,,,,,,,,,,,,
578192,578192 Festool D 150 GR SYS - Systainer Abrasive Set,,,,Festool USA (FESTO),Unknown,0.0,No evidence,[],,,,,,,,,,,,,,,,,,,,,,,,,,,,,,,,,,,,,,,,,,,,,,,,,,,,,,,,,,,,,,,,,,,,,,,,,,,,,,,,,,,,,,,,,,,,,,,,,,,,,,,,,,,,,,,,,,,,,,,,,,,,,,,,,,,,,,,,,,,,,,,,,,,,,,,Festool USA (FESTO),Unknown,578192,Festool D 150 GR SYS - Systainer Abrasive Set,Festool D 150 GR SYS - Systainer Abrasive Set for industrial and commercial applications.,Festool D 150 GR SYS - Systainer Abrasive Set Manufactured or supplied by Festool USA (FESTO).,Festool D 150 GR SYS - Systainer Abrasive Set designed for industrial and commercial use.,Manufacturer: Festool USA (FESTO),Manufacturer Part Number: 578192,,,,,,,,,,,,,,,,,,
578806,578806 Festool Delta S GR PRO/10,,,,Festool USA (FESTO),Unknown,0.0,No evidence,[],,,,,,,,,,,,,,,,,,,,,,,,,,,,,,,,,,,,,,,,,,,,,,,,,,,,,,,,,,,,,,,,,,,,,,,,,,,,,,,,,,,,,,,,,,,,,,,,,,,,,,,,,,,,,,,,,,,,,,,,,,,,,,,,,,,,,,,,,,,,,,,,,,,,,,,Festool USA (FESTO),Unknown,578806,Festool Delta S GR PRO/10,Festool Delta S GR PRO/10 for industrial and commercial applications.,Festool Delta S GR PRO/10 Manufactured or supplied by Festool USA (FESTO).,Festool Delta S GR PRO/10 designed for industrial and commercial use.,Manufacturer: Festool USA (FESTO),Manufacturer Part Number: 578806,,,,,,,,,,,,,,,,,,
D0860X,"D0860X Diablo 8-1/4"" 60 Tooth - Fine Finish Saw Blade",,,,Freud Inc (2435),Diablo,0.6,Product description,"[('Size', '8-1/4', 'in')]",Size,8-1/4,in,,,,,,,,,,,,,,,,,,,,,,,,,,,,,,,,,,,,,,,,,,,,,,,,,,,,,,,,,,,,,,,,,,,,,,,,,,,,,,,,,,,,,,,,,,,,,,,,,,,,,,,,,,,,,,,,,,,,,,,,,,,,,,,,,,,,,,,,,,,,,,,,,,,,Freud Inc (2435),Diablo,D0860X,"Diablo 8-1/4"" 60 Tooth - Fine Finish Saw Blade","Diablo 8-1/4"" 60 Tooth - Fine Finish Saw Blade for industrial and commercial applications.","Diablo 8-1/4"" 60 Tooth - Fine Finish Saw Blade Manufactured or supplied by Freud Inc (2435). Available product information includes Size: 8-1/4 in.","Diablo 8-1/4"" 60 Tooth - Fine Finish Saw Blade designed for industrial and commercial use. Key identified specifications include Size: 8-1/4 in.",Brand: Diablo,Manufacturer: Freud Inc (2435),Manufacturer Part Number: D0860X,Size: 8-1/4 in,,,,,,,,,,,,,,,,
48-40-0740,48-40-0740 Milw 7-1/4in. 24T - Framing Circ Saw Blade,,,Milwaukee,Milwaukee Accessory (4031),Milwaukee,0.7,Structured source,"[('Size', '7-1/4', 'in')]",Size,7-1/4,in,,,,,,,,,,,,,,,,,,,,,,,,,,,,,,,,,,,,,,,,,,,,,,,,,,,,,,,,,,,,,,,,,,,,,,,,,,,,,,,,,,,,,,,,,,,,,,,,,,,,,,,,,,,,,,,,,,,,,,,,,,,,,,,,,,,,,,,,,,,,,,,,,,,,Milwaukee Accessory (4031),Milwaukee,48-40-0740,Milwaukee Milw 7-1/4in. 24T - Framing Circ Saw Blade,Milwaukee Milw 7-1/4in. 24T - Framing Circ Saw Blade for industrial and commercial applications.,Milwaukee Milw 7-1/4in. 24T - Framing Circ Saw Blade Manufactured or supplied by Milwaukee Accessory (4031). Available product information includes Size: 7-1/4 in.,Milwaukee Milw 7-1/4in. 24T - Framing Circ Saw Blade designed for industrial and commercial use. Key identified specifications include Size: 7-1/4 in.,Brand: Milwaukee,Manufacturer: Milwaukee Accessory (4031),Manufacturer Part Number: 48-40-0740,Size: 7-1/4 in,,,,,,,,,,,,,,,,
48-41-0740,48-41-0740 Milw7-1/4 24TFrming - Blade,,,,Milwaukee Accessory (4031),Unknown,0.0,No evidence,[],,,,,,,,,,,,,,,,,,,,,,,,,,,,,,,,,,,,,,,,,,,,,,,,,,,,,,,,,,,,,,,,,,,,,,,,,,,,,,,,,,,,,,,,,,,,,,,,,,,,,,,,,,,,,,,,,,,,,,,,,,,,,,,,,,,,,,,,,,,,,,,,,,,,,,,Milwaukee Accessory (4031),Unknown,48-41-0740,Milw7-1/4 24TFrming - Blade,Milw7-1/4 24TFrming - Blade for industrial and commercial applications.,Milw7-1/4 24TFrming - Blade Manufactured or supplied by Milwaukee Accessory (4031).,Milw7-1/4 24TFrming - Blade designed for industrial and commercial use.,Manufacturer: Milwaukee Accessory (4031),Manufacturer Part Number: 48-41-0740,,,,,,,,,,,,,,,,,,
A-96095,"A-96095 Makita 5-7/8"" 32T Saw Blade",,,,Makita Usa Inc (5142),Unknown,0.0,No evidence,"[('Size', '5-7/8', 'in')]",Size,5-7/8,in,,,,,,,,,,,,,,,,,,,,,,,,,,,,,,,,,,,,,,,,,,,,,,,,,,,,,,,,,,,,,,,,,,,,,,,,,,,,,,,,,,,,,,,,,,,,,,,,,,,,,,,,,,,,,,,,,,,,,,,,,,,,,,,,,,,,,,,,,,,,,,,,,,,,Makita Usa Inc (5142),Unknown,A-96095,"Makita 5-7/8"" 32T Saw Blade","Makita 5-7/8"" 32T Saw Blade for industrial and commercial applications.","Makita 5-7/8"" 32T Saw Blade Manufactured or supplied by Makita Usa Inc (5142). Available product information includes Size: 5-7/8 in.","Makita 5-7/8"" 32T Saw Blade designed for industrial and commercial use. Key identified specifications include Size: 5-7/8 in.",Manufacturer: Makita Usa Inc (5142),Manufacturer Part Number: A-96095,Size: 5-7/8 in,,,,,,,,,,,,,,,,,
D0760UX,"D0760UX Diablo 7-1/4"" 60T Circ - Saw Blade",,,Diablo,Freud Inc (2435),Diablo,0.9,Structured source + description,"[('Size', '7-1/4', 'in')]",Size,7-1/4,in,,,,,,,,,,,,,,,,,,,,,,,,,,,,,,,,,,,,,,,,,,,,,,,,,,,,,,,,,,,,,,,,,,,,,,,,,,,,,,,,,,,,,,,,,,,,,,,,,,,,,,,,,,,,,,,,,,,,,,,,,,,,,,,,,,,,,,,,,,,,,,,,,,,,Freud Inc (2435),Diablo,D0760UX,"Diablo 7-1/4"" 60T Circ - Saw Blade","Diablo 7-1/4"" 60T Circ - Saw Blade for industrial and commercial applications.","Diablo 7-1/4"" 60T Circ - Saw Blade Manufactured or supplied by Freud Inc (2435). Available product information includes Size: 7-1/4 in.","Diablo 7-1/4"" 60T Circ - Saw Blade designed for industrial and commercial use. Key identified specifications include Size: 7-1/4 in.",Brand: Diablo,Manufacturer: Freud Inc (2435),Manufacturer Part Number: D0760UX,Size: 7-1/4 in,,,,,,,,,,,,,,,,
230.312.08,230.312.08 CMT Locked Dado Pro Set,,,,CMT USA Inc (CMTUS),Unknown,0.0,No evidence,[],,,,,,,,,,,,,,,,,,,,,,,,,,,,,,,,,,,,,,,,,,,,,,,,,,,,,,,,,,,,,,,,,,,,,,,,,,,,,,,,,,,,,,,,,,,,,,,,,,,,,,,,,,,,,,,,,,,,,,,,,,,,,,,,,,,,,,,,,,,,,,,,,,,,,,,CMT USA Inc (CMTUS),Unknown,230.312.08,CMT Locked Dado Pro Set,CMT Locked Dado Pro Set for industrial and commercial applications.,CMT Locked Dado Pro Set Manufactured or supplied by CMT USA Inc (CMTUS).,CMT Locked Dado Pro Set designed for industrial and commercial use.,Manufacturer: CMT USA Inc (CMTUS),Manufacturer Part Number: 230.312.08,,,,,,,,,,,,,,,,,,
D0708LF,"D0708LF Saw Blade 7-1/4""x8 - Laminate & Wood Flooring",,,,Freud Inc (2435),Unknown,0.0,No evidence,"[('Size', '7-1/4', 'in')]",Size,7-1/4,in,,,,,,,,,,,,,,,,,,,,,,,,,,,,,,,,,,,,,,,,,,,,,,,,,,,,,,,,,,,,,,,,,,,,,,,,,,,,,,,,,,,,,,,,,,,,,,,,,,,,,,,,,,,,,,,,,,,,,,,,,,,,,,,,,,,,,,,,,,,,,,,,,,,,Freud Inc (2435),Unknown,D0708LF,"Saw Blade 7-1/4""x8 - Laminate & Wood Flooring","Saw Blade 7-1/4""x8 - Laminate & Wood Flooring for industrial and commercial applications.","Saw Blade 7-1/4""x8 - Laminate & Wood Flooring Manufactured or supplied by Freud Inc (2435). Available product information includes Size: 7-1/4 in.","Saw Blade 7-1/4""x8 - Laminate & Wood Flooring designed for industrial and commercial use. Key identified specifications include Size: 7-1/4 in.",Manufacturer: Freud Inc (2435),Manufacturer Part Number: D0708LF,Size: 7-1/4 in,,,,,,,,,,,,,,,,,
D1012LF,"D1012LF Saw Blade 10""x12Teeth - Laminate & Wood Flooring",,,,Freud Inc (2435),Unknown,0.0,No evidence,"[('Size', '10', 'in')]",Size,10,in,,,,,,,,,,,,,,,,,,,,,,,,,,,,,,,,,,,,,,,,,,,,,,,,,,,,,,,,,,,,,,,,,,,,,,,,,,,,,,,,,,,,,,,,,,,,,,,,,,,,,,,,,,,,,,,,,,,,,,,,,,,,,,,,,,,,,,,,,,,,,,,,,,,,Freud Inc (2435),Unknown,D1012LF,"Saw Blade 10""x12Teeth - Laminate & Wood Flooring","Saw Blade 10""x12Teeth - Laminate & Wood Flooring for industrial and commercial applications.","Saw Blade 10""x12Teeth - Laminate & Wood Flooring Manufactured or supplied by Freud Inc (2435). Available product information includes Size: 10 in.","Saw Blade 10""x12Teeth - Laminate & Wood Flooring designed for industrial and commercial use. Key identified specifications include Size: 10 in.",Manufacturer: Freud Inc (2435),Manufacturer Part Number: D1012LF,Size: 10 in,,,,,,,,,,,,,,,,,
D1216LF,"D1216LF Saw Blade 12""x16Teeth - Laminate & Wood Flooring",,,,Freud Inc (2435),Unknown,0.0,No evidence,"[('Size', '12', 'in')]",Size,12,in,,,,,,,,,,,,,,,,,,,,,,,,,,,,,,,,,,,,,,,,,,,,,,,,,,,,,,,,,,,,,,,,,,,,,,,,,,,,,,,,,,,,,,,,,,,,,,,,,,,,,,,,,,,,,,,,,,,,,,,,,,,,,,,,,,,,,,,,,,,,,,,,,,,,Freud Inc (2435),Unknown,D1216LF,"Saw Blade 12""x16Teeth - Laminate & Wood Flooring","Saw Blade 12""x16Teeth - Laminate & Wood Flooring for industrial and commercial applications.","Saw Blade 12""x16Teeth - Laminate & Wood Flooring Manufactured or supplied by Freud Inc (2435). Available product information includes Size: 12 in.","Saw Blade 12""x16Teeth - Laminate & Wood Flooring designed for industrial and commercial use. Key identified specifications include Size: 12 in.",Manufacturer: Freud Inc (2435),Manufacturer Part Number: D1216LF,Size: 12 in,,,,,,,,,,,,,,,,,
DWA47421,"DWA47421 Dewalt 14"" Segmented - Rim Diamond Blade",,,DEWALT,Black & Decker/dewlt (2585),DEWALT,0.9,Structured source + description,"[('Size', '14', 'in')]",Size,14,in,,,,,,,,,,,,,,,,,,,,,,,,,,,,,,,,,,,,,,,,,,,,,,,,,,,,,,,,,,,,,,,,,,,,,,,,,,,,,,,,,,,,,,,,,,,,,,,,,,,,,,,,,,,,,,,,,,,,,,,,,,,,,,,,,,,,,,,,,,,,,,,,,,,,Black & Decker/dewlt (2585),DEWALT,DWA47421,"Dewalt 14"" Segmented - Rim Diamond Blade","Dewalt 14"" Segmented - Rim Diamond Blade for industrial and commercial applications.","Dewalt 14"" Segmented - Rim Diamond Blade Manufactured or supplied by Black & Decker/dewlt (2585). Available product information includes Size: 14 in.","Dewalt 14"" Segmented - Rim Diamond Blade designed for industrial and commercial use. Key identified specifications include Size: 14 in.",Brand: DEWALT,Manufacturer: Black & Decker/dewlt (2585),Manufacturer Part Number: DWA47421,Size: 14 in,,,,,,,,,,,,,,,,
DWA4769,"DWA4769 Dewalt Rim Glass Tile - Blade 10""",,,,Black & Decker/dewlt (2585),DEWALT,0.6,Product description,"[('Size', '10', 'in')]",Size,10,in,,,,,,,,,,,,,,,,,,,,,,,,,,,,,,,,,,,,,,,,,,,,,,,,,,,,,,,,,,,,,,,,,,,,,,,,,,,,,,,,,,,,,,,,,,,,,,,,,,,,,,,,,,,,,,,,,,,,,,,,,,,,,,,,,,,,,,,,,,,,,,,,,,,,Black & Decker/dewlt (2585),DEWALT,DWA4769,"Dewalt Rim Glass Tile - Blade 10""","Dewalt Rim Glass Tile - Blade 10"" for industrial and commercial applications.","Dewalt Rim Glass Tile - Blade 10"" Manufactured or supplied by Black & Decker/dewlt (2585). Available product information includes Size: 10 in.","Dewalt Rim Glass Tile - Blade 10"" designed for industrial and commercial use. Key identified specifications include Size: 10 in.",Brand: DEWALT,Manufacturer: Black & Decker/dewlt (2585),Manufacturer Part Number: DWA4769,Size: 10 in,,,,,,,,,,,,,,,,
49-93-9204,"49-93-9204 Milw 4-1/2"" Diamond - Tile Blade",,,,Milwaukee Accessory (4031),Unknown,0.0,No evidence,"[('Size', '4-1/2', 'in')]",Size,4-1/2,in,,,,,,,,,,,,,,,,,,,,,,,,,,,,,,,,,,,,,,,,,,,,,,,,,,,,,,,,,,,,,,,,,,,,,,,,,,,,,,,,,,,,,,,,,,,,,,,,,,,,,,,,,,,,,,,,,,,,,,,,,,,,,,,,,,,,,,,,,,,,,,,,,,,,Milwaukee Accessory (4031),Unknown,49-93-9204,"Milw 4-1/2"" Diamond - Tile Blade","Milw 4-1/2"" Diamond - Tile Blade for industrial and commercial applications.","Milw 4-1/2"" Diamond - Tile Blade Manufactured or supplied by Milwaukee Accessory (4031). Available product information includes Size: 4-1/2 in.","Milw 4-1/2"" Diamond - Tile Blade designed for industrial and commercial use. Key identified specifications include Size: 4-1/2 in.",Manufacturer: Milwaukee Accessory (4031),Manufacturer Part Number: 49-93-9204,Size: 4-1/2 in,,,,,,,,,,,,,,,,,
49-93-9207,"49-93-9207 Milw 7"" Diamond - Tile Blade",,,,Milwaukee Accessory (4031),Unknown,0.0,No evidence,"[('Size', '7', 'in')]",Size,7,in,,,,,,,,,,,,,,,,,,,,,,,,,,,,,,,,,,,,,,,,,,,,,,,,,,,,,,,,,,,,,,,,,,,,,,,,,,,,,,,,,,,,,,,,,,,,,,,,,,,,,,,,,,,,,,,,,,,,,,,,,,,,,,,,,,,,,,,,,,,,,,,,,,,,Milwaukee Accessory (4031),Unknown,49-93-9207,"Milw 7"" Diamond - Tile Blade","Milw 7"" Diamond - Tile Blade for industrial and commercial applications.","Milw 7"" Diamond - Tile Blade Manufactured or supplied by Milwaukee Accessory (4031). Available product information includes Size: 7 in.","Milw 7"" Diamond - Tile Blade designed for industrial and commercial use. Key identified specifications include Size: 7 in.",Manufacturer: Milwaukee Accessory (4031),Manufacturer Part Number: 49-93-9207,Size: 7 in,,,,,,,,,,,,,,,,,
49-93-9210,"49-93-9210 Milw 10"" Diamond - Tile Blade",,,,Milwaukee Accessory (4031),Unknown,0.0,No evidence,"[('Size', '10', 'in')]",Size,10,in,,,,,,,,,,,,,,,,,,,,,,,,,,,,,,,,,,,,,,,,,,,,,,,,,,,,,,,,,,,,,,,,,,,,,,,,,,,,,,,,,,,,,,,,,,,,,,,,,,,,,,,,,,,,,,,,,,,,,,,,,,,,,,,,,,,,,,,,,,,,,,,,,,,,Milwaukee Accessory (4031),Unknown,49-93-9210,"Milw 10"" Diamond - Tile Blade","Milw 10"" Diamond - Tile Blade for industrial and commercial applications.","Milw 10"" Diamond - Tile Blade Manufactured or supplied by Milwaukee Accessory (4031). Available product information includes Size: 10 in.","Milw 10"" Diamond - Tile Blade designed for industrial and commercial use. Key identified specifications include Size: 10 in.",Manufacturer: Milwaukee Accessory (4031),Manufacturer Part Number: 49-93-9210,Size: 10 in,,,,,,,,,,,,,,,,,
49-93-9202,"49-93-9202 Milw 4"" Diamond - Tile Blade",,,,Milwaukee Accessory (4031),Unknown,0.0,No evidence,"[('Size', '4', 'in')]",Size,4,in,,,,,,,,,,,,,,,,,,,,,,,,,,,,,,,,,,,,,,,,,,,,,,,,,,,,,,,,,,,,,,,,,,,,,,,,,,,,,,,,,,,,,,,,,,,,,,,,,,,,,,,,,,,,,,,,,,,,,,,,,,,,,,,,,,,,,,,,,,,,,,,,,,,,Milwaukee Accessory (4031),Unknown,49-93-9202,"Milw 4"" Diamond - Tile Blade","Milw 4"" Diamond - Tile Blade for industrial and commercial applications.","Milw 4"" Diamond - Tile Blade Manufactured or supplied by Milwaukee Accessory (4031). Available product information includes Size: 4 in.","Milw 4"" Diamond - Tile Blade designed for industrial and commercial use. Key identified specifications include Size: 4 in.",Manufacturer: Milwaukee Accessory (4031),Manufacturer Part Number: 49-93-9202,Size: 4 in,,,,,,,,,,,,,,,,,
49-93-9205,"49-93-9205 Milw 5"" Diamond - Tile Blade",,,,Milwaukee Accessory (4031),Unknown,0.0,No evidence,"[('Size', '5', 'in')]",Size,5,in,,,,,,,,,,,,,,,,,,,,,,,,,,,,,,,,,,,,,,,,,,,,,,,,,,,,,,,,,,,,,,,,,,,,,,,,,,,,,,,,,,,,,,,,,,,,,,,,,,,,,,,,,,,,,,,,,,,,,,,,,,,,,,,,,,,,,,,,,,,,,,,,,,,,Milwaukee Accessory (4031),Unknown,49-93-9205,"Milw 5"" Diamond - Tile Blade","Milw 5"" Diamond - Tile Blade for industrial and commercial applications.","Milw 5"" Diamond - Tile Blade Manufactured or supplied by Milwaukee Accessory (4031). Available product information includes Size: 5 in.","Milw 5"" Diamond - Tile Blade designed for industrial and commercial use. Key identified specifications include Size: 5 in.",Manufacturer: Milwaukee Accessory (4031),Manufacturer Part Number: 49-93-9205,Size: 5 in,,,,,,,,,,,,,,,,,
49-22-4702,49-22-4702 Milw 13pc Quik-Lock Hole Dozer Kit,,,,Milwaukee Accessory (4031),Unknown,0.0,No evidence,"[('Quantity', '13', 'pcs')]",Quantity,13,pcs,,,,,,,,,,,,,,,,,,,,,,,,,,,,,,,,,,,,,,,,,,,,,,,,,,,,,,,,,,,,,,,,,,,,,,,,,,,,,,,,,,,,,,,,,,,,,,,,,,,,,,,,,,,,,,,,,,,,,,,,,,,,,,,,,,,,,,,,,,,,,,,,,,,,Milwaukee Accessory (4031),Unknown,49-22-4702,Milw 13pc Quik-Lock Hole Dozer Kit,Milw 13pc Quik-Lock Hole Dozer Kit for industrial and commercial applications.,Milw 13pc Quik-Lock Hole Dozer Kit Manufactured or supplied by Milwaukee Accessory (4031). Available product information includes Quantity: 13 pcs.,Milw 13pc Quik-Lock Hole Dozer Kit designed for industrial and commercial use. Key identified specifications include Quantity: 13 pcs.,Manufacturer: Milwaukee Accessory (4031),Manufacturer Part Number: 49-22-4702,Quantity: 13 pcs,,,,,,,,,,,,,,,,,
DJT155HHM,"DJT155HHM Diablo 3-3/5"" 10 TPI - Jig Saw Blade",,,,Freud Inc (2435),Diablo,0.6,Product description,"[('Size', '3-3/5', 'in')]",Size,3-3/5,in,,,,,,,,,,,,,,,,,,,,,,,,,,,,,,,,,,,,,,,,,,,,,,,,,,,,,,,,,,,,,,,,,,,,,,,,,,,,,,,,,,,,,,,,,,,,,,,,,,,,,,,,,,,,,,,,,,,,,,,,,,,,,,,,,,,,,,,,,,,,,,,,,,,,Freud Inc (2435),Diablo,DJT155HHM,"Diablo 3-3/5"" 10 TPI - Jig Saw Blade","Diablo 3-3/5"" 10 TPI - Jig Saw Blade for industrial and commercial applications.","Diablo 3-3/5"" 10 TPI - Jig Saw Blade Manufactured or supplied by Freud Inc (2435). Available product information includes Size: 3-3/5 in.","Diablo 3-3/5"" 10 TPI - Jig Saw Blade designed for industrial and commercial use. Key identified specifications include Size: 3-3/5 in.",Brand: Diablo,Manufacturer: Freud Inc (2435),Manufacturer Part Number: DJT155HHM,Size: 3-3/5 in,,,,,,,,,,,,,,,,
790.82,790.820 CMT Planer Blade 2pc,,,,CMT USA Inc (CMTUS),Unknown,0.0,No evidence,"[('Quantity', '2', 'pcs')]",Quantity,2,pcs,,,,,,,,,,,,,,,,,,,,,,,,,,,,,,,,,,,,,,,,,,,,,,,,,,,,,,,,,,,,,,,,,,,,,,,,,,,,,,,,,,,,,,,,,,,,,,,,,,,,,,,,,,,,,,,,,,,,,,,,,,,,,,,,,,,,,,,,,,,,,,,,,,,,CMT USA Inc (CMTUS),Unknown,790.82,0 CMT Planer Blade 2pc,0 CMT Planer Blade 2pc for industrial and commercial applications.,0 CMT Planer Blade 2pc Manufactured or supplied by CMT USA Inc (CMTUS). Available product information includes Quantity: 2 pcs.,0 CMT Planer Blade 2pc designed for industrial and commercial use. Key identified specifications include Quantity: 2 pcs.,Manufacturer: CMT USA Inc (CMTUS),Manufacturer Part Number: 790.82,Quantity: 2 pcs,,,,,,,,,,,,,,,,,
794.321,794.321 HS Planer Knives 3pc,,,,CMT USA Inc (CMTUS),Unknown,0.0,No evidence,"[('Quantity', '3', 'pcs')]",Quantity,3,pcs,,,,,,,,,,,,,,,,,,,,,,,,,,,,,,,,,,,,,,,,,,,,,,,,,,,,,,,,,,,,,,,,,,,,,,,,,,,,,,,,,,,,,,,,,,,,,,,,,,,,,,,,,,,,,,,,,,,,,,,,,,,,,,,,,,,,,,,,,,,,,,,,,,,,CMT USA Inc (CMTUS),Unknown,794.321,HS Planer Knives 3pc,HS Planer Knives 3pc for industrial and commercial applications.,HS Planer Knives 3pc Manufactured or supplied by CMT USA Inc (CMTUS). Available product information includes Quantity: 3 pcs.,HS Planer Knives 3pc designed for industrial and commercial use. Key identified specifications include Quantity: 3 pcs.,Manufacturer: CMT USA Inc (CMTUS),Manufacturer Part Number: 794.321,Quantity: 3 pcs,,,,,,,,,,,,,,,,,
49-22-5641,49-22-5641 Milw Packout 15pc - Sawzall Blade Kit,,,,Milwaukee Accessory (4031),Unknown,0.0,No evidence,"[('Quantity', '15', 'pcs')]",Quantity,15,pcs,,,,,,,,,,,,,,,,,,,,,,,,,,,,,,,,,,,,,,,,,,,,,,,,,,,,,,,,,,,,,,,,,,,,,,,,,,,,,,,,,,,,,,,,,,,,,,,,,,,,,,,,,,,,,,,,,,,,,,,,,,,,,,,,,,,,,,,,,,,,,,,,,,,,Milwaukee Accessory (4031),Unknown,49-22-5641,Milw Packout 15pc - Sawzall Blade Kit,Milw Packout 15pc - Sawzall Blade Kit for industrial and commercial applications.,Milw Packout 15pc - Sawzall Blade Kit Manufactured or supplied by Milwaukee Accessory (4031). Available product information includes Quantity: 15 pcs.,Milw Packout 15pc - Sawzall Blade Kit designed for industrial and commercial use. Key identified specifications include Quantity: 15 pcs.,Manufacturer: Milwaukee Accessory (4031),Manufacturer Part Number: 49-22-5641,Quantity: 15 pcs,,,,,,,,,,,,,,,,,
D0604TSH,"D0604TSH Diablo 6-1/2"" 4-Tooth - Cement Track Saw Blade",,,,Freud Inc (2435),Diablo,0.6,Product description,"[('Size', '6-1/2', 'in')]",Size,6-1/2,in,,,,,,,,,,,,,,,,,,,,,,,,,,,,,,,,,,,,,,,,,,,,,,,,,,,,,,,,,,,,,,,,,,,,,,,,,,,,,,,,,,,,,,,,,,,,,,,,,,,,,,,,,,,,,,,,,,,,,,,,,,,,,,,,,,,,,,,,,,,,,,,,,,,,Freud Inc (2435),Diablo,D0604TSH,"Diablo 6-1/2"" 4-Tooth - Cement Track Saw Blade","Diablo 6-1/2"" 4-Tooth - Cement Track Saw Blade for industrial and commercial applications.","Diablo 6-1/2"" 4-Tooth - Cement Track Saw Blade Manufactured or supplied by Freud Inc (2435). Available product information includes Size: 6-1/2 in.","Diablo 6-1/2"" 4-Tooth - Cement Track Saw Blade designed for industrial and commercial use. Key identified specifications include Size: 6-1/2 in.",Brand: Diablo,Manufacturer: Freud Inc (2435),Manufacturer Part Number: D0604TSH,Size: 6-1/2 in,,,,,,,,,,,,,,,,
D0620TSR,"D0620TSR Diablo 6-1/2""20 Tooth - Framing Saw Blade",,,,Freud Inc (2435),Diablo,0.6,Product description,"[('Size', '6-1/2', 'in')]",Size,6-1/2,in,,,,,,,,,,,,,,,,,,,,,,,,,,,,,,,,,,,,,,,,,,,,,,,,,,,,,,,,,,,,,,,,,,,,,,,,,,,,,,,,,,,,,,,,,,,,,,,,,,,,,,,,,,,,,,,,,,,,,,,,,,,,,,,,,,,,,,,,,,,,,,,,,,,,Freud Inc (2435),Diablo,D0620TSR,"Diablo 6-1/2""20 Tooth - Framing Saw Blade","Diablo 6-1/2""20 Tooth - Framing Saw Blade for industrial and commercial applications.","Diablo 6-1/2""20 Tooth - Framing Saw Blade Manufactured or supplied by Freud Inc (2435). Available product information includes Size: 6-1/2 in.","Diablo 6-1/2""20 Tooth - Framing Saw Blade designed for industrial and commercial use. Key identified specifications include Size: 6-1/2 in.",Brand: Diablo,Manufacturer: Freud Inc (2435),Manufacturer Part Number: D0620TSR,Size: 6-1/2 in,,,,,,,,,,,,,,,,
D0648TSF,"D0648TSF Diablo 6-1/2""48 Tooth - Plywood Track Saw Blade",,,,Freud Inc (2435),Diablo,0.6,Product description,"[('Size', '6-1/2', 'in')]",Size,6-1/2,in,,,,,,,,,,,,,,,,,,,,,,,,,,,,,,,,,,,,,,,,,,,,,,,,,,,,,,,,,,,,,,,,,,,,,,,,,,,,,,,,,,,,,,,,,,,,,,,,,,,,,,,,,,,,,,,,,,,,,,,,,,,,,,,,,,,,,,,,,,,,,,,,,,,,Freud Inc (2435),Diablo,D0648TSF,"Diablo 6-1/2""48 Tooth - Plywood Track Saw Blade","Diablo 6-1/2""48 Tooth - Plywood Track Saw Blade for industrial and commercial applications.","Diablo 6-1/2""48 Tooth - Plywood Track Saw Blade Manufactured or supplied by Freud Inc (2435). Available product information includes Size: 6-1/2 in.","Diablo 6-1/2""48 Tooth - Plywood Track Saw Blade designed for industrial and commercial use. Key identified specifications include Size: 6-1/2 in.",Brand: Diablo,Manufacturer: Freud Inc (2435),Manufacturer Part Number: D0648TSF,Size: 6-1/2 in,,,,,,,,,,,,,,,,
D0652TSL,"D0652TSL Diablo 6-1/2""52 Tooth - Laminate Track Saw Blade",,,,Freud Inc (2435),Diablo,0.6,Product description,"[('Size', '6-1/2', 'in')]",Size,6-1/2,in,,,,,,,,,,,,,,,,,,,,,,,,,,,,,,,,,,,,,,,,,,,,,,,,,,,,,,,,,,,,,,,,,,,,,,,,,,,,,,,,,,,,,,,,,,,,,,,,,,,,,,,,,,,,,,,,,,,,,,,,,,,,,,,,,,,,,,,,,,,,,,,,,,,,Freud Inc (2435),Diablo,D0652TSL,"Diablo 6-1/2""52 Tooth - Laminate Track Saw Blade","Diablo 6-1/2""52 Tooth - Laminate Track Saw Blade for industrial and commercial applications.","Diablo 6-1/2""52 Tooth - Laminate Track Saw Blade Manufactured or supplied by Freud Inc (2435). Available product information includes Size: 6-1/2 in.","Diablo 6-1/2""52 Tooth - Laminate Track Saw Blade designed for industrial and commercial use. Key identified specifications include Size: 6-1/2 in.",Brand: Diablo,Manufacturer: Freud Inc (2435),Manufacturer Part Number: D0652TSL,Size: 6-1/2 in,,,,,,,,,,,,,,,,
JT1-549,"JT1-549 JWBS18SFX 18"" Bandsaw - 1.75HP 1PH 115V",,,,JPW Industries (JPWIN),Unknown,0.0,No evidence,"[('Voltage', '115', 'V'), ('Size', '18', 'in')]",Voltage,115,V,Size,18,in,,,,,,,,,,,,,,,,,,,,,,,,,,,,,,,,,,,,,,,,,,,,,,,,,,,,,,,,,,,,,,,,,,,,,,,,,,,,,,,,,,,,,,,,,,,,,,,,,,,,,,,,,,,,,,,,,,,,,,,,,,,,,,,,,,,,,,,,,,,,,,,,,JPW Industries (JPWIN),Unknown,JT1-549,"JWBS18SFX 18"" Bandsaw - 1.75HP 1PH 115V","JWBS18SFX 18"" Bandsaw - 1.75HP 1PH 115V for industrial and commercial applications.","JWBS18SFX 18"" Bandsaw - 1.75HP 1PH 115V Manufactured or supplied by JPW Industries (JPWIN). Available product information includes Voltage: 115 V, Size: 18 in.","JWBS18SFX 18"" Bandsaw - 1.75HP 1PH 115V designed for industrial and commercial use. Key identified specifications include Voltage: 115 V, Size: 18 in.",Manufacturer: JPW Industries (JPWIN),Manufacturer Part Number: JT1-549,Voltage: 115 V,Size: 18 in,,,,,,,,,,,,,,,,
JT1-1371,"JWBS14-SFX-BLK Jet 14"" Bandsaw - JT1-1371",,,,JPW Industries (JPWIN),Unknown,0.0,No evidence,"[('Size', '14', 'in')]",Size,14,in,,,,,,,,,,,,,,,,,,,,,,,,,,,,,,,,,,,,,,,,,,,,,,,,,,,,,,,,,,,,,,,,,,,,,,,,,,,,,,,,,,,,,,,,,,,,,,,,,,,,,,,,,,,,,,,,,,,,,,,,,,,,,,,,,,,,,,,,,,,,,,,,,,,,JPW Industries (JPWIN),Unknown,JT1-1371,"JWBS14-SFX-BLK Jet 14"" Bandsaw -","JWBS14-SFX-BLK Jet 14"" Bandsaw - for industrial and commercial applications.","JWBS14-SFX-BLK Jet 14"" Bandsaw - Manufactured or supplied by JPW Industries (JPWIN). Available product information includes Size: 14 in.","JWBS14-SFX-BLK Jet 14"" Bandsaw - designed for industrial and commercial use. Key identified specifications include Size: 14 in.",Manufacturer: JPW Industries (JPWIN),Manufacturer Part Number: JT1-1371,Size: 14 in,,,,,,,,,,,,,,,,,
JT9-714400K,"JWBS-14SFX 14"" Bandsaw JTP-714400K",,,,JPW Industries (JPWIN),Unknown,0.0,No evidence,"[('Size', '14', 'in')]",Size,14,in,,,,,,,,,,,,,,,,,,,,,,,,,,,,,,,,,,,,,,,,,,,,,,,,,,,,,,,,,,,,,,,,,,,,,,,,,,,,,,,,,,,,,,,,,,,,,,,,,,,,,,,,,,,,,,,,,,,,,,,,,,,,,,,,,,,,,,,,,,,,,,,,,,,,JPW Industries (JPWIN),Unknown,JT9-714400K,"JWBS-14SFX 14"" Bandsaw JTP-714400K","JWBS-14SFX 14"" Bandsaw JTP-714400K for industrial and commercial applications.","JWBS-14SFX 14"" Bandsaw JTP-714400K Manufactured or supplied by JPW Industries (JPWIN). Available product information includes Size: 14 in.","JWBS-14SFX 14"" Bandsaw JTP-714400K designed for industrial and commercial use. Key identified specifications include Size: 14 in.",Manufacturer: JPW Industries (JPWIN),Manufacturer Part Number: JT9-714400K,Size: 14 in,,,,,,,,,,,,,,,,,
2834-21HD,"2834-21HD Milw M18 7-1/4"" Circ - Saw Kit",,,Milwaukee,Milwaukee Accessory (4031),Milwaukee,0.7,Structured source,"[('Size', '7-1/4', 'in')]",Size,7-1/4,in,,,,,,,,,,,,,,,,,,,,,,,,,,,,,,,,,,,,,,,,,,,,,,,,,,,,,,,,,,,,,,,,,,,,,,,,,,,,,,,,,,,,,,,,,,,,,,,,,,,,,,,,,,,,,,,,,,,,,,,,,,,,,,,,,,,,,,,,,,,,,,,,,,,,Milwaukee Accessory (4031),Milwaukee,2834-21HD,"Milwaukee Milw M18 7-1/4"" Circ - Saw Kit","Milwaukee Milw M18 7-1/4"" Circ - Saw Kit for industrial and commercial applications.","Milwaukee Milw M18 7-1/4"" Circ - Saw Kit Manufactured or supplied by Milwaukee Accessory (4031). Available product information includes Size: 7-1/4 in.","Milwaukee Milw M18 7-1/4"" Circ - Saw Kit designed for industrial and commercial use. Key identified specifications include Size: 7-1/4 in.",Brand: Milwaukee,Manufacturer: Milwaukee Accessory (4031),Manufacturer Part Number: 2834-21HD,Size: 7-1/4 in,,,,,,,,,,,,,,,,
DCS383B,"DCS383B Dewalt 20V 7-1/4"" - Metal Cutting Circ Saw",,,,Black & Decker/dewlt (2585),DEWALT,0.6,Product description,"[('Voltage', '20', 'V'), ('Size', '7-1/4', 'in')]",Voltage,20,V,Size,7-1/4,in,,,,,,,,,,,,,,,,,,,,,,,,,,,,,,,,,,,,,,,,,,,,,,,,,,,,,,,,,,,,,,,,,,,,,,,,,,,,,,,,,,,,,,,,,,,,,,,,,,,,,,,,,,,,,,,,,,,,,,,,,,,,,,,,,,,,,,,,,,,,,,,,,Black & Decker/dewlt (2585),DEWALT,DCS383B,"Dewalt 20V 7-1/4"" - Metal Cutting Circ Saw","Dewalt 20V 7-1/4"" - Metal Cutting Circ Saw for industrial and commercial applications.","Dewalt 20V 7-1/4"" - Metal Cutting Circ Saw Manufactured or supplied by Black & Decker/dewlt (2585). Available product information includes Voltage: 20 V, Size: 7-1/4 in.","Dewalt 20V 7-1/4"" - Metal Cutting Circ Saw designed for industrial and commercial use. Key identified specifications include Voltage: 20 V, Size: 7-1/4 in.",Brand: DEWALT,Manufacturer: Black & Decker/dewlt (2585),Manufacturer Part Number: DCS383B,Voltage: 20 V,Size: 7-1/4 in,,,,,,,,,,,,,,,
DCS590B,"DCS590B Dewalt 20V Cordless - 7-1/4"" Circular Saw (Bare)",,,DEWALT,Black & Decker/dewlt (2585),DEWALT,0.9,Structured source + description,"[('Voltage', '20', 'V'), ('Size', '7-1/4', 'in')]",Voltage,20,V,Size,7-1/4,in,,,,,,,,,,,,,,,,,,,,,,,,,,,,,,,,,,,,,,,,,,,,,,,,,,,,,,,,,,,,,,,,,,,,,,,,,,,,,,,,,,,,,,,,,,,,,,,,,,,,,,,,,,,,,,,,,,,,,,,,,,,,,,,,,,,,,,,,,,,,,,,,,Black & Decker/dewlt (2585),DEWALT,DCS590B,"Dewalt 20V Cordless - 7-1/4"" Circular Saw (Bare)","Dewalt 20V Cordless - 7-1/4"" Circular Saw (Bare) for industrial and commercial applications.","Dewalt 20V Cordless - 7-1/4"" Circular Saw (Bare) Manufactured or supplied by Black & Decker/dewlt (2585). Available product information includes Voltage: 20 V, Size: 7-1/4 in.","Dewalt 20V Cordless - 7-1/4"" Circular Saw (Bare) designed for industrial and commercial use. Key identified specifications include Voltage: 20 V, Size: 7-1/4 in.",Brand: DEWALT,Manufacturer: Black & Decker/dewlt (2585),Manufacturer Part Number: DCS590B,Voltage: 20 V,Size: 7-1/4 in,,,,,,,,,,,,,,,
KPTCS725A,"KPTCS725A Kreg 20V Ionic 7-1/4"" Circ Saw",,,,Kreg Tool Company (KRETO),Unknown,0.0,No evidence,"[('Voltage', '20', 'V'), ('Size', '7-1/4', 'in')]",Voltage,20,V,Size,7-1/4,in,,,,,,,,,,,,,,,,,,,,,,,,,,,,,,,,,,,,,,,,,,,,,,,,,,,,,,,,,,,,,,,,,,,,,,,,,,,,,,,,,,,,,,,,,,,,,,,,,,,,,,,,,,,,,,,,,,,,,,,,,,,,,,,,,,,,,,,,,,,,,,,,,Kreg Tool Company (KRETO),Unknown,KPTCS725A,"Kreg 20V Ionic 7-1/4"" Circ Saw","Kreg 20V Ionic 7-1/4"" Circ Saw for industrial and commercial applications.","Kreg 20V Ionic 7-1/4"" Circ Saw Manufactured or supplied by Kreg Tool Company (KRETO). Available product information includes Voltage: 20 V, Size: 7-1/4 in.","Kreg 20V Ionic 7-1/4"" Circ Saw designed for industrial and commercial use. Key identified specifications include Voltage: 20 V, Size: 7-1/4 in.",Manufacturer: Kreg Tool Company (KRETO),Manufacturer Part Number: KPTCS725A,Voltage: 20 V,Size: 7-1/4 in,,,,,,,,,,,,,,,,
KPTCS450A,"KPTCS450A Kreg 20V Ionic 4-1/2"" Circ Saw",,,,Kreg Tool Company (KRETO),Unknown,0.0,No evidence,"[('Voltage', '20', 'V'), ('Size', '4-1/2', 'in')]",Voltage,20,V,Size,4-1/2,in,,,,,,,,,,,,,,,,,,,,,,,,,,,,,,,,,,,,,,,,,,,,,,,,,,,,,,,,,,,,,,,,,,,,,,,,,,,,,,,,,,,,,,,,,,,,,,,,,,,,,,,,,,,,,,,,,,,,,,,,,,,,,,,,,,,,,,,,,,,,,,,,,Kreg Tool Company (KRETO),Unknown,KPTCS450A,"Kreg 20V Ionic 4-1/2"" Circ Saw","Kreg 20V Ionic 4-1/2"" Circ Saw for industrial and commercial applications.","Kreg 20V Ionic 4-1/2"" Circ Saw Manufactured or supplied by Kreg Tool Company (KRETO). Available product information includes Voltage: 20 V, Size: 4-1/2 in.","Kreg 20V Ionic 4-1/2"" Circ Saw designed for industrial and commercial use. Key identified specifications include Voltage: 20 V, Size: 4-1/2 in.",Manufacturer: Kreg Tool Company (KRETO),Manufacturer Part Number: KPTCS450A,Voltage: 20 V,Size: 4-1/2 in,,,,,,,,,,,,,,,,
2545-20,2545-20 Milw M12 Jig Saw,,,Milwaukee,Milwaukee Accessory (4031),Milwaukee,0.7,Structured source,[],,,,,,,,,,,,,,,,,,,,,,,,,,,,,,,,,,,,,,,,,,,,,,,,,,,,,,,,,,,,,,,,,,,,,,,,,,,,,,,,,,,,,,,,,,,,,,,,,,,,,,,,,,,,,,,,,,,,,,,,,,,,,,,,,,,,,,,,,,,,,,,,,,,,,,,Milwaukee Accessory (4031),Milwaukee,2545-20,Milwaukee Milw M12 Jig Saw,Milwaukee Milw M12 Jig Saw for industrial and commercial applications.,Milwaukee Milw M12 Jig Saw Manufactured or supplied by Milwaukee Accessory (4031).,Milwaukee Milw M12 Jig Saw designed for industrial and commercial use.,Brand: Milwaukee,Manufacturer: Milwaukee Accessory (4031),Manufacturer Part Number: 2545-20,,,,,,,,,,,,,,,,,
KPTJS100A,KPTJS100A Kreg 20V Ionic Barrel Grip Jigsaw,,,,Kreg Tool Company (KRETO),Unknown,0.0,No evidence,"[('Voltage', '20', 'V')]",Voltage,20,V,,,,,,,,,,,,,,,,,,,,,,,,,,,,,,,,,,,,,,,,,,,,,,,,,,,,,,,,,,,,,,,,,,,,,,,,,,,,,,,,,,,,,,,,,,,,,,,,,,,,,,,,,,,,,,,,,,,,,,,,,,,,,,,,,,,,,,,,,,,,,,,,,,,,Kreg Tool Company (KRETO),Unknown,KPTJS100A,Kreg 20V Ionic Barrel Grip Jigsaw,Kreg 20V Ionic Barrel Grip Jigsaw for industrial and commercial applications.,Kreg 20V Ionic Barrel Grip Jigsaw Manufactured or supplied by Kreg Tool Company (KRETO). Available product information includes Voltage: 20 V.,Kreg 20V Ionic Barrel Grip Jigsaw designed for industrial and commercial use. Key identified specifications include Voltage: 20 V.,Manufacturer: Kreg Tool Company (KRETO),Manufacturer Part Number: KPTJS100A,Voltage: 20 V,,,,,,,,,,,,,,,,,
DCS714B,"DCS714B Dewalt 20V Miter Saw - (Bare) 10"" Double Bevel Fixed",,,,Black & Decker/dewlt (2585),DEWALT,0.6,Product description,"[('Voltage', '20', 'V'), ('Size', '10', 'in')]",Voltage,20,V,Size,10,in,,,,,,,,,,,,,,,,,,,,,,,,,,,,,,,,,,,,,,,,,,,,,,,,,,,,,,,,,,,,,,,,,,,,,,,,,,,,,,,,,,,,,,,,,,,,,,,,,,,,,,,,,,,,,,,,,,,,,,,,,,,,,,,,,,,,,,,,,,,,,,,,,Black & Decker/dewlt (2585),DEWALT,DCS714B,"Dewalt 20V Miter Saw - (Bare) 10"" Double Bevel Fixed","Dewalt 20V Miter Saw - (Bare) 10"" Double Bevel Fixed for industrial and commercial applications.","Dewalt 20V Miter Saw - (Bare) 10"" Double Bevel Fixed Manufactured or supplied by Black & Decker/dewlt (2585). Available product information includes Voltage: 20 V, Size: 10 in.","Dewalt 20V Miter Saw - (Bare) 10"" Double Bevel Fixed designed for industrial and commercial use. Key identified specifications include Voltage: 20 V, Size: 10 in.",Brand: DEWALT,Manufacturer: Black & Decker/dewlt (2585),Manufacturer Part Number: DCS714B,Voltage: 20 V,Size: 10 in,,,,,,,,,,,,,,,
DCS785B,"DCS785B Dewalt 20V Miter Saw - Kit 12"" Double Bevel Sliding",,,,Black & Decker/dewlt (2585),DEWALT,0.6,Product description,"[('Voltage', '20', 'V'), ('Size', '12', 'in')]",Voltage,20,V,Size,12,in,,,,,,,,,,,,,,,,,,,,,,,,,,,,,,,,,,,,,,,,,,,,,,,,,,,,,,,,,,,,,,,,,,,,,,,,,,,,,,,,,,,,,,,,,,,,,,,,,,,,,,,,,,,,,,,,,,,,,,,,,,,,,,,,,,,,,,,,,,,,,,,,,Black & Decker/dewlt (2585),DEWALT,DCS785B,"Dewalt 20V Miter Saw - Kit 12"" Double Bevel Sliding","Dewalt 20V Miter Saw - Kit 12"" Double Bevel Sliding for industrial and commercial applications.","Dewalt 20V Miter Saw - Kit 12"" Double Bevel Sliding Manufactured or supplied by Black & Decker/dewlt (2585). Available product information includes Voltage: 20 V, Size: 12 in.","Dewalt 20V Miter Saw - Kit 12"" Double Bevel Sliding designed for industrial and commercial use. Key identified specifications include Voltage: 20 V, Size: 12 in.",Brand: DEWALT,Manufacturer: Black & Decker/dewlt (2585),Manufacturer Part Number: DCS785B,Voltage: 20 V,Size: 12 in,,,,,,,,,,,,,,,
GSL02M1,"GSL02M1 Makita Miter Saw - 40V 8-1/2""",,,,Makita Usa Inc (5142),Unknown,0.0,No evidence,"[('Voltage', '40', 'V'), ('Size', '8-1/2', 'in')]",Voltage,40,V,Size,8-1/2,in,,,,,,,,,,,,,,,,,,,,,,,,,,,,,,,,,,,,,,,,,,,,,,,,,,,,,,,,,,,,,,,,,,,,,,,,,,,,,,,,,,,,,,,,,,,,,,,,,,,,,,,,,,,,,,,,,,,,,,,,,,,,,,,,,,,,,,,,,,,,,,,,,Makita Usa Inc (5142),Unknown,GSL02M1,"Makita Miter Saw - 40V 8-1/2""","Makita Miter Saw - 40V 8-1/2"" for industrial and commercial applications.","Makita Miter Saw - 40V 8-1/2"" Manufactured or supplied by Makita Usa Inc (5142). Available product information includes Voltage: 40 V, Size: 8-1/2 in.","Makita Miter Saw - 40V 8-1/2"" designed for industrial and commercial use. Key identified specifications include Voltage: 40 V, Size: 8-1/2 in.",Manufacturer: Makita Usa Inc (5142),Manufacturer Part Number: GSL02M1,Voltage: 40 V,Size: 8-1/2 in,,,,,,,,,,,,,,,,
DW7029,DW7029 Dewalt Miter Saw - Stand Support/Stop,,,,Black & Decker/dewlt (2585),DEWALT,0.6,Product description,[],,,,,,,,,,,,,,,,,,,,,,,,,,,,,,,,,,,,,,,,,,,,,,,,,,,,,,,,,,,,,,,,,,,,,,,,,,,,,,,,,,,,,,,,,,,,,,,,,,,,,,,,,,,,,,,,,,,,,,,,,,,,,,,,,,,,,,,,,,,,,,,,,,,,,,,Black & Decker/dewlt (2585),DEWALT,DW7029,Dewalt Miter Saw - Stand Support/Stop,Dewalt Miter Saw - Stand Support/Stop for industrial and commercial applications.,Dewalt Miter Saw - Stand Support/Stop Manufactured or supplied by Black & Decker/dewlt (2585).,Dewalt Miter Saw - Stand Support/Stop designed for industrial and commercial use.,Brand: DEWALT,Manufacturer: Black & Decker/dewlt (2585),Manufacturer Part Number: DW7029,,,,,,,,,,,,,,,,,
DCS384B,DCS384B Dewalt 20V Brushless - Cordless Recip Saw (Bare),,,DEWALT,Black & Decker/dewlt (2585),DEWALT,0.9,Structured source + description,"[('Voltage', '20', 'V')]",Voltage,20,V,,,,,,,,,,,,,,,,,,,,,,,,,,,,,,,,,,,,,,,,,,,,,,,,,,,,,,,,,,,,,,,,,,,,,,,,,,,,,,,,,,,,,,,,,,,,,,,,,,,,,,,,,,,,,,,,,,,,,,,,,,,,,,,,,,,,,,,,,,,,,,,,,,,,Black & Decker/dewlt (2585),DEWALT,DCS384B,Dewalt 20V Brushless - Cordless Recip Saw (Bare),Dewalt 20V Brushless - Cordless Recip Saw (Bare) for industrial and commercial applications.,Dewalt 20V Brushless - Cordless Recip Saw (Bare) Manufactured or supplied by Black & Decker/dewlt (2585). Available product information includes Voltage: 20 V.,Dewalt 20V Brushless - Cordless Recip Saw (Bare) designed for industrial and commercial use. Key identified specifications include Voltage: 20 V.,Brand: DEWALT,Manufacturer: Black & Decker/dewlt (2585),Manufacturer Part Number: DCS384B,Voltage: 20 V,,,,,,,,,,,,,,,,
XRJ08Z,XRJ08Z Makita 18V Recip Saw - Bare Tool,,,,Makita Usa Inc (5142),Unknown,0.0,No evidence,"[('Voltage', '18', 'V')]",Voltage,18,V,,,,,,,,,,,,,,,,,,,,,,,,,,,,,,,,,,,,,,,,,,,,,,,,,,,,,,,,,,,,,,,,,,,,,,,,,,,,,,,,,,,,,,,,,,,,,,,,,,,,,,,,,,,,,,,,,,,,,,,,,,,,,,,,,,,,,,,,,,,,,,,,,,,,Makita Usa Inc (5142),Unknown,XRJ08Z,Makita 18V Recip Saw - Bare Tool,Makita 18V Recip Saw - Bare Tool for industrial and commercial applications.,Makita 18V Recip Saw - Bare Tool Manufactured or supplied by Makita Usa Inc (5142). Available product information includes Voltage: 18 V.,Makita 18V Recip Saw - Bare Tool designed for industrial and commercial use. Key identified specifications include Voltage: 18 V.,Manufacturer: Makita Usa Inc (5142),Manufacturer Part Number: XRJ08Z,Voltage: 18 V,,,,,,,,,,,,,,,,,
G0771Z,"Grizzly G0771Z 30"" Table Saw",,,,Woodstock Intl (3658),Unknown,0.0,No evidence,"[('Size', '30', 'in')]",Size,30,in,,,,,,,,,,,,,,,,,,,,,,,,,,,,,,,,,,,,,,,,,,,,,,,,,,,,,,,,,,,,,,,,,,,,,,,,,,,,,,,,,,,,,,,,,,,,,,,,,,,,,,,,,,,,,,,,,,,,,,,,,,,,,,,,,,,,,,,,,,,,,,,,,,,,Woodstock Intl (3658),Unknown,G0771Z,"Grizzly  30"" Table Saw","Grizzly  30"" Table Saw for industrial and commercial applications.","Grizzly  30"" Table Saw Manufactured or supplied by Woodstock Intl (3658). Available product information includes Size: 30 in.","Grizzly  30"" Table Saw designed for industrial and commercial use. Key identified specifications include Size: 30 in.",Manufacturer: Woodstock Intl (3658),Manufacturer Part Number: G0771Z,Size: 30 in,,,,,,,,,,,,,,,,,
TS1017,TS1017 Table Saw Zero-Clearance Insert,,,,Robt Bosch Tool Corp (6564),Unknown,0.0,No evidence,[],,,,,,,,,,,,,,,,,,,,,,,,,,,,,,,,,,,,,,,,,,,,,,,,,,,,,,,,,,,,,,,,,,,,,,,,,,,,,,,,,,,,,,,,,,,,,,,,,,,,,,,,,,,,,,,,,,,,,,,,,,,,,,,,,,,,,,,,,,,,,,,,,,,,,,,Robt Bosch Tool Corp (6564),Unknown,TS1017,Table Saw Zero-Clearance Insert,Table Saw Zero-Clearance Insert for industrial and commercial applications.,Table Saw Zero-Clearance Insert Manufactured or supplied by Robt Bosch Tool Corp (6564).,Table Saw Zero-Clearance Insert designed for industrial and commercial use.,Manufacturer: Robt Bosch Tool Corp (6564),Manufacturer Part Number: TS1017,,,,,,,,,,,,,,,,,,
XT524,"XT524 24"" XT XTENDER Fence",,,,Bow Products (BOWPR),Unknown,0.0,No evidence,"[('Size', '24', 'in')]",Size,24,in,,,,,,,,,,,,,,,,,,,,,,,,,,,,,,,,,,,,,,,,,,,,,,,,,,,,,,,,,,,,,,,,,,,,,,,,,,,,,,,,,,,,,,,,,,,,,,,,,,,,,,,,,,,,,,,,,,,,,,,,,,,,,,,,,,,,,,,,,,,,,,,,,,,,Bow Products (BOWPR),Unknown,XT524,"24"" XT XTENDER Fence","24"" XT XTENDER Fence for industrial and commercial applications.","24"" XT XTENDER Fence Manufactured or supplied by Bow Products (BOWPR). Available product information includes Size: 24 in.","24"" XT XTENDER Fence designed for industrial and commercial use. Key identified specifications include Size: 24 in.",Manufacturer: Bow Products (BOWPR),Manufacturer Part Number: XT524,Size: 24 in,,,,,,,,,,,,,,,,,
XT536,"XT536 36"" XT XTENDER Fence",,,,Bow Products (BOWPR),Unknown,0.0,No evidence,"[('Size', '36', 'in')]",Size,36,in,,,,,,,,,,,,,,,,,,,,,,,,,,,,,,,,,,,,,,,,,,,,,,,,,,,,,,,,,,,,,,,,,,,,,,,,,,,,,,,,,,,,,,,,,,,,,,,,,,,,,,,,,,,,,,,,,,,,,,,,,,,,,,,,,,,,,,,,,,,,,,,,,,,,Bow Products (BOWPR),Unknown,XT536,"36"" XT XTENDER Fence","36"" XT XTENDER Fence for industrial and commercial applications.","36"" XT XTENDER Fence Manufactured or supplied by Bow Products (BOWPR). Available product information includes Size: 36 in.","36"" XT XTENDER Fence designed for industrial and commercial use. Key identified specifications include Size: 36 in.",Manufacturer: Bow Products (BOWPR),Manufacturer Part Number: XT536,Size: 36 in,,,,,,,,,,,,,,,,,
XT546,"XT546 46"" XT XTENDER Fence",,,,Bow Products (BOWPR),Unknown,0.0,No evidence,"[('Size', '46', 'in')]",Size,46,in,,,,,,,,,,,,,,,,,,,,,,,,,,,,,,,,,,,,,,,,,,,,,,,,,,,,,,,,,,,,,,,,,,,,,,,,,,,,,,,,,,,,,,,,,,,,,,,,,,,,,,,,,,,,,,,,,,,,,,,,,,,,,,,,,,,,,,,,,,,,,,,,,,,,Bow Products (BOWPR),Unknown,XT546,"46"" XT XTENDER Fence","46"" XT XTENDER Fence for industrial and commercial applications.","46"" XT XTENDER Fence Manufactured or supplied by Bow Products (BOWPR). Available product information includes Size: 46 in.","46"" XT XTENDER Fence designed for industrial and commercial use. Key identified specifications include Size: 46 in.",Manufacturer: Bow Products (BOWPR),Manufacturer Part Number: XT546,Size: 46 in,,,,,,,,,,,,,,,,,
XTP235,"35"" XTP XTENDER PRO Fence - XTP235",,,,Bow Products (BOWPR),Unknown,0.0,No evidence,"[('Size', '35', 'in')]",Size,35,in,,,,,,,,,,,,,,,,,,,,,,,,,,,,,,,,,,,,,,,,,,,,,,,,,,,,,,,,,,,,,,,,,,,,,,,,,,,,,,,,,,,,,,,,,,,,,,,,,,,,,,,,,,,,,,,,,,,,,,,,,,,,,,,,,,,,,,,,,,,,,,,,,,,,Bow Products (BOWPR),Unknown,XTP235,"35"" XTP XTENDER PRO Fence -","35"" XTP XTENDER PRO Fence - for industrial and commercial applications.","35"" XTP XTENDER PRO Fence - Manufactured or supplied by Bow Products (BOWPR). Available product information includes Size: 35 in.","35"" XTP XTENDER PRO Fence - designed for industrial and commercial use. Key identified specifications include Size: 35 in.",Manufacturer: Bow Products (BOWPR),Manufacturer Part Number: XTP235,Size: 35 in,,,,,,,,,,,,,,,,,
TGP2-FA,TGP2-FA T-Glide Fence Professional,,,,Saw Stop LLC (SAWST),Unknown,0.0,No evidence,[],,,,,,,,,,,,,,,,,,,,,,,,,,,,,,,,,,,,,,,,,,,,,,,,,,,,,,,,,,,,,,,,,,,,,,,,,,,,,,,,,,,,,,,,,,,,,,,,,,,,,,,,,,,,,,,,,,,,,,,,,,,,,,,,,,,,,,,,,,,,,,,,,,,,,,,Saw Stop LLC (SAWST),Unknown,TGP2-FA,T-Glide Fence Professional,T-Glide Fence Professional for industrial and commercial applications.,T-Glide Fence Professional Manufactured or supplied by Saw Stop LLC (SAWST).,T-Glide Fence Professional designed for industrial and commercial use.,Manufacturer: Saw Stop LLC (SAWST),Manufacturer Part Number: TGP2-FA,,,,,,,,,,,,,,,,,,
ATGI-FA,ATGI-FA T-Glide Advanced Fence Industrial,,,,Saw Stop LLC (SAWST),Unknown,0.0,No evidence,[],,,,,,,,,,,,,,,,,,,,,,,,,,,,,,,,,,,,,,,,,,,,,,,,,,,,,,,,,,,,,,,,,,,,,,,,,,,,,,,,,,,,,,,,,,,,,,,,,,,,,,,,,,,,,,,,,,,,,,,,,,,,,,,,,,,,,,,,,,,,,,,,,,,,,,,Saw Stop LLC (SAWST),Unknown,ATGI-FA,T-Glide Advanced Fence Industrial,T-Glide Advanced Fence Industrial for industrial and commercial applications.,T-Glide Advanced Fence Industrial Manufactured or supplied by Saw Stop LLC (SAWST).,T-Glide Advanced Fence Industrial designed for industrial and commercial use.,Manufacturer: Saw Stop LLC (SAWST),Manufacturer Part Number: ATGI-FA,,,,,,,,,,,,,,,,,,
ATGP-FA,ATGP-FA T-Glide Advance Fence Professional,,,,Saw Stop LLC (SAWST),Unknown,0.0,No evidence,[],,,,,,,,,,,,,,,,,,,,,,,,,,,,,,,,,,,,,,,,,,,,,,,,,,,,,,,,,,,,,,,,,,,,,,,,,,,,,,,,,,,,,,,,,,,,,,,,,,,,,,,,,,,,,,,,,,,,,,,,,,,,,,,,,,,,,,,,,,,,,,,,,,,,,,,Saw Stop LLC (SAWST),Unknown,ATGP-FA,T-Glide Advance Fence Professional,T-Glide Advance Fence Professional for industrial and commercial applications.,T-Glide Advance Fence Professional Manufactured or supplied by Saw Stop LLC (SAWST).,T-Glide Advance Fence Professional designed for industrial and commercial use.,Manufacturer: Saw Stop LLC (SAWST),Manufacturer Part Number: ATGP-FA,,,,,,,,,,,,,,,,,,
TGI2-FA,TGI2-FA T-Glide Fence Indudtrial,,,,Saw Stop LLC (SAWST),Unknown,0.0,No evidence,[],,,,,,,,,,,,,,,,,,,,,,,,,,,,,,,,,,,,,,,,,,,,,,,,,,,,,,,,,,,,,,,,,,,,,,,,,,,,,,,,,,,,,,,,,,,,,,,,,,,,,,,,,,,,,,,,,,,,,,,,,,,,,,,,,,,,,,,,,,,,,,,,,,,,,,,Saw Stop LLC (SAWST),Unknown,TGI2-FA,T-Glide Fence Indudtrial,T-Glide Fence Indudtrial for industrial and commercial applications.,T-Glide Fence Indudtrial Manufactured or supplied by Saw Stop LLC (SAWST).,T-Glide Fence Indudtrial designed for industrial and commercial use.,Manufacturer: Saw Stop LLC (SAWST),Manufacturer Part Number: TGI2-FA,,,,,,,,,,,,,,,,,,
TGI2-T36A,"TGI2-T36A 36"" Table Assembly Industrial",,,,Saw Stop LLC (SAWST),Unknown,0.0,No evidence,"[('Size', '36', 'in')]",Size,36,in,,,,,,,,,,,,,,,,,,,,,,,,,,,,,,,,,,,,,,,,,,,,,,,,,,,,,,,,,,,,,,,,,,,,,,,,,,,,,,,,,,,,,,,,,,,,,,,,,,,,,,,,,,,,,,,,,,,,,,,,,,,,,,,,,,,,,,,,,,,,,,,,,,,,Saw Stop LLC (SAWST),Unknown,TGI2-T36A,"36"" Table Assembly Industrial","36"" Table Assembly Industrial for industrial and commercial applications.","36"" Table Assembly Industrial Manufactured or supplied by Saw Stop LLC (SAWST). Available product information includes Size: 36 in.","36"" Table Assembly Industrial designed for industrial and commercial use. Key identified specifications include Size: 36 in.",Manufacturer: Saw Stop LLC (SAWST),Manufacturer Part Number: TGI2-T36A,Size: 36 in,,,,,,,,,,,,,,,,,
KPTBPS100A,"KPTBPS100A Kreg 20V Ionic 6-1/2"" Plunge-Cut Track Saw Kit",,,,Kreg Tool Company (KRETO),Unknown,0.0,No evidence,"[('Voltage', '20', 'V'), ('Size', '6-1/2', 'in')]",Voltage,20,V,Size,6-1/2,in,,,,,,,,,,,,,,,,,,,,,,,,,,,,,,,,,,,,,,,,,,,,,,,,,,,,,,,,,,,,,,,,,,,,,,,,,,,,,,,,,,,,,,,,,,,,,,,,,,,,,,,,,,,,,,,,,,,,,,,,,,,,,,,,,,,,,,,,,,,,,,,,,Kreg Tool Company (KRETO),Unknown,KPTBPS100A,"Kreg 20V Ionic 6-1/2"" Plunge-Cut Track Saw Kit","Kreg 20V Ionic 6-1/2"" Plunge-Cut Track Saw Kit for industrial and commercial applications.","Kreg 20V Ionic 6-1/2"" Plunge-Cut Track Saw Kit Manufactured or supplied by Kreg Tool Company (KRETO). Available product information includes Voltage: 20 V, Size: 6-1/2 in.","Kreg 20V Ionic 6-1/2"" Plunge-Cut Track Saw Kit designed for industrial and commercial use. Key identified specifications include Voltage: 20 V, Size: 6-1/2 in.",Manufacturer: Kreg Tool Company (KRETO),Manufacturer Part Number: KPTBPS100A,Voltage: 20 V,Size: 6-1/2 in,,,,,,,,,,,,,,,,
DCB606C,DCB606C Dewalt Flexvolt Starter Kit,,,,Black & Decker/dewlt (2585),DEWALT,0.6,Product description,[],,,,,,,,,,,,,,,,,,,,,,,,,,,,,,,,,,,,,,,,,,,,,,,,,,,,,,,,,,,,,,,,,,,,,,,,,,,,,,,,,,,,,,,,,,,,,,,,,,,,,,,,,,,,,,,,,,,,,,,,,,,,,,,,,,,,,,,,,,,,,,,,,,,,,,,Black & Decker/dewlt (2585),DEWALT,DCB606C,Dewalt Flexvolt Starter Kit,Dewalt Flexvolt Starter Kit for industrial and commercial applications.,Dewalt Flexvolt Starter Kit Manufactured or supplied by Black & Decker/dewlt (2585).,Dewalt Flexvolt Starter Kit designed for industrial and commercial use.,Brand: DEWALT,Manufacturer: Black & Decker/dewlt (2585),Manufacturer Part Number: DCB606C,,,,,,,,,,,,,,,,,
BL1850BDC1,BL1850BDC1 Makita Starter Kit,,,,Makita Usa Inc (5142),Unknown,0.0,No evidence,[],,,,,,,,,,,,,,,,,,,,,,,,,,,,,,,,,,,,,,,,,,,,,,,,,,,,,,,,,,,,,,,,,,,,,,,,,,,,,,,,,,,,,,,,,,,,,,,,,,,,,,,,,,,,,,,,,,,,,,,,,,,,,,,,,,,,,,,,,,,,,,,,,,,,,,,Makita Usa Inc (5142),Unknown,BL1850BDC1,Makita Starter Kit,Makita Starter Kit for industrial and commercial applications.,Makita Starter Kit Manufactured or supplied by Makita Usa Inc (5142).,Makita Starter Kit designed for industrial and commercial use.,Manufacturer: Makita Usa Inc (5142),Manufacturer Part Number: BL1850BDC1,,,,,,,,,,,,,,,,,,
DCB205C,DCB205C 20V Starter Kit,,,DEWALT,Black & Decker/dewlt (2585),DEWALT,0.7,Structured source,"[('Voltage', '20', 'V')]",Voltage,20,V,,,,,,,,,,,,,,,,,,,,,,,,,,,,,,,,,,,,,,,,,,,,,,,,,,,,,,,,,,,,,,,,,,,,,,,,,,,,,,,,,,,,,,,,,,,,,,,,,,,,,,,,,,,,,,,,,,,,,,,,,,,,,,,,,,,,,,,,,,,,,,,,,,,,Black & Decker/dewlt (2585),DEWALT,DCB205C,DEWALT 20V Starter Kit,DEWALT 20V Starter Kit for industrial and commercial applications.,DEWALT 20V Starter Kit Manufactured or supplied by Black & Decker/dewlt (2585). Available product information includes Voltage: 20 V.,DEWALT 20V Starter Kit designed for industrial and commercial use. Key identified specifications include Voltage: 20 V.,Brand: DEWALT,Manufacturer: Black & Decker/dewlt (2585),Manufacturer Part Number: DCB205C,Voltage: 20 V,,,,,,,,,,,,,,,,
DCB2108,DCB2108 Dewalt 20V 8Ah Battery - Max XR Powerpack,,,DEWALT,Black & Decker/dewlt (2585),DEWALT,0.9,Structured source + description,"[('Voltage', '20', 'V')]",Voltage,20,V,,,,,,,,,,,,,,,,,,,,,,,,,,,,,,,,,,,,,,,,,,,,,,,,,,,,,,,,,,,,,,,,,,,,,,,,,,,,,,,,,,,,,,,,,,,,,,,,,,,,,,,,,,,,,,,,,,,,,,,,,,,,,,,,,,,,,,,,,,,,,,,,,,,,Black & Decker/dewlt (2585),DEWALT,DCB2108,Dewalt 20V 8Ah Battery - Max XR Powerpack,Dewalt 20V 8Ah Battery - Max XR Powerpack for industrial and commercial applications.,Dewalt 20V 8Ah Battery - Max XR Powerpack Manufactured or supplied by Black & Decker/dewlt (2585). Available product information includes Voltage: 20 V.,Dewalt 20V 8Ah Battery - Max XR Powerpack designed for industrial and commercial use. Key identified specifications include Voltage: 20 V.,Brand: DEWALT,Manufacturer: Black & Decker/dewlt (2585),Manufacturer Part Number: DCB2108,Voltage: 20 V,,,,,,,,,,,,,,,,
DCB2108-2,DCB2108-2 Dewalt 20V 8Ah 2pk - Battery Max XR Powerpack,,,,Black & Decker/dewlt (2585),DEWALT,0.6,Product description,"[('Voltage', '20', 'V')]",Voltage,20,V,,,,,,,,,,,,,,,,,,,,,,,,,,,,,,,,,,,,,,,,,,,,,,,,,,,,,,,,,,,,,,,,,,,,,,,,,,,,,,,,,,,,,,,,,,,,,,,,,,,,,,,,,,,,,,,,,,,,,,,,,,,,,,,,,,,,,,,,,,,,,,,,,,,,Black & Decker/dewlt (2585),DEWALT,DCB2108-2,Dewalt 20V 8Ah 2pk - Battery Max XR Powerpack,Dewalt 20V 8Ah 2pk - Battery Max XR Powerpack for industrial and commercial applications.,Dewalt 20V 8Ah 2pk - Battery Max XR Powerpack Manufactured or supplied by Black & Decker/dewlt (2585). Available product information includes Voltage: 20 V.,Dewalt 20V 8Ah 2pk - Battery Max XR Powerpack designed for industrial and commercial use. Key identified specifications include Voltage: 20 V.,Brand: DEWALT,Manufacturer: Black & Decker/dewlt (2585),Manufacturer Part Number: DCB2108-2,Voltage: 20 V,,,,,,,,,,,,,,,,
VB0212,VB0212 Senco 18V 2.0 AH Lithium Battery,,,,Senco Products Inc (4650),Unknown,0.0,No evidence,"[('Voltage', '18', 'V')]",Voltage,18,V,,,,,,,,,,,,,,,,,,,,,,,,,,,,,,,,,,,,,,,,,,,,,,,,,,,,,,,,,,,,,,,,,,,,,,,,,,,,,,,,,,,,,,,,,,,,,,,,,,,,,,,,,,,,,,,,,,,,,,,,,,,,,,,,,,,,,,,,,,,,,,,,,,,,Senco Products Inc (4650),Unknown,VB0212,Senco 18V 2.0 AH Lithium Battery,Senco 18V 2.0 AH Lithium Battery for industrial and commercial applications.,Senco 18V 2.0 AH Lithium Battery Manufactured or supplied by Senco Products Inc (4650). Available product information includes Voltage: 18 V.,Senco 18V 2.0 AH Lithium Battery designed for industrial and commercial use. Key identified specifications include Voltage: 18 V.,Manufacturer: Senco Products Inc (4650),Manufacturer Part Number: VB0212,Voltage: 18 V,,,,,,,,,,,,,,,,,
BCB2A20A,BCB2A20A Kreg 20V Battery/Charger Starter Kit,,,,Kreg Tool Company (KRETO),Unknown,0.0,No evidence,"[('Voltage', '20', 'V')]",Voltage,20,V,,,,,,,,,,,,,,,,,,,,,,,,,,,,,,,,,,,,,,,,,,,,,,,,,,,,,,,,,,,,,,,,,,,,,,,,,,,,,,,,,,,,,,,,,,,,,,,,,,,,,,,,,,,,,,,,,,,,,,,,,,,,,,,,,,,,,,,,,,,,,,,,,,,,Kreg Tool Company (KRETO),Unknown,BCB2A20A,Kreg 20V Battery/Charger Starter Kit,Kreg 20V Battery/Charger Starter Kit for industrial and commercial applications.,Kreg 20V Battery/Charger Starter Kit Manufactured or supplied by Kreg Tool Company (KRETO). Available product information includes Voltage: 20 V.,Kreg 20V Battery/Charger Starter Kit designed for industrial and commercial use. Key identified specifications include Voltage: 20 V.,Manufacturer: Kreg Tool Company (KRETO),Manufacturer Part Number: BCB2A20A,Voltage: 20 V,,,,,,,,,,,,,,,,,
BATT4A,BATT4A Kreg 20V 4ah Battery Pack,,,,Kreg Tool Company (KRETO),Unknown,0.0,No evidence,"[('Voltage', '20', 'V')]",Voltage,20,V,,,,,,,,,,,,,,,,,,,,,,,,,,,,,,,,,,,,,,,,,,,,,,,,,,,,,,,,,,,,,,,,,,,,,,,,,,,,,,,,,,,,,,,,,,,,,,,,,,,,,,,,,,,,,,,,,,,,,,,,,,,,,,,,,,,,,,,,,,,,,,,,,,,,Kreg Tool Company (KRETO),Unknown,BATT4A,Kreg 20V 4ah Battery Pack,Kreg 20V 4ah Battery Pack for industrial and commercial applications.,Kreg 20V 4ah Battery Pack Manufactured or supplied by Kreg Tool Company (KRETO). Available product information includes Voltage: 20 V.,Kreg 20V 4ah Battery Pack designed for industrial and commercial use. Key identified specifications include Voltage: 20 V.,Manufacturer: Kreg Tool Company (KRETO),Manufacturer Part Number: BATT4A,Voltage: 20 V,,,,,,,,,,,,,,,,,
BATT2A,BATT2A Kreg 20V 2ah Battery Pack,,,,Kreg Tool Company (KRETO),Unknown,0.0,No evidence,"[('Voltage', '20', 'V')]",Voltage,20,V,,,,,,,,,,,,,,,,,,,,,,,,,,,,,,,,,,,,,,,,,,,,,,,,,,,,,,,,,,,,,,,,,,,,,,,,,,,,,,,,,,,,,,,,,,,,,,,,,,,,,,,,,,,,,,,,,,,,,,,,,,,,,,,,,,,,,,,,,,,,,,,,,,,,Kreg Tool Company (KRETO),Unknown,BATT2A,Kreg 20V 2ah Battery Pack,Kreg 20V 2ah Battery Pack for industrial and commercial applications.,Kreg 20V 2ah Battery Pack Manufactured or supplied by Kreg Tool Company (KRETO). Available product information includes Voltage: 20 V.,Kreg 20V 2ah Battery Pack designed for industrial and commercial use. Key identified specifications include Voltage: 20 V.,Manufacturer: Kreg Tool Company (KRETO),Manufacturer Part Number: BATT2A,Voltage: 20 V,,,,,,,,,,,,,,,,,
BL1850BDC2X1,BL1850BDC2X1 Makita Starter Kit,,,,Makita Usa Inc (5142),Unknown,0.0,No evidence,[],,,,,,,,,,,,,,,,,,,,,,,,,,,,,,,,,,,,,,,,,,,,,,,,,,,,,,,,,,,,,,,,,,,,,,,,,,,,,,,,,,,,,,,,,,,,,,,,,,,,,,,,,,,,,,,,,,,,,,,,,,,,,,,,,,,,,,,,,,,,,,,,,,,,,,,Makita Usa Inc (5142),Unknown,BL1850BDC2X1,Makita Starter Kit,Makita Starter Kit for industrial and commercial applications.,Makita Starter Kit Manufactured or supplied by Makita Usa Inc (5142).,Makita Starter Kit designed for industrial and commercial use.,Manufacturer: Makita Usa Inc (5142),Manufacturer Part Number: BL1850BDC2X1,,,,,,,,,,,,,,,,,,
48-11-2422,48-11-2422 Milw M12 CP2.0 Battery Two Pack,,,,Milwaukee Accessory (4031),Unknown,0.0,No evidence,[],,,,,,,,,,,,,,,,,,,,,,,,,,,,,,,,,,,,,,,,,,,,,,,,,,,,,,,,,,,,,,,,,,,,,,,,,,,,,,,,,,,,,,,,,,,,,,,,,,,,,,,,,,,,,,,,,,,,,,,,,,,,,,,,,,,,,,,,,,,,,,,,,,,,,,,Milwaukee Accessory (4031),Unknown,48-11-2422,Milw M12 CP2.0 Battery Two Pack,Milw M12 CP2.0 Battery Two Pack for industrial and commercial applications.,Milw M12 CP2.0 Battery Two Pack Manufactured or supplied by Milwaukee Accessory (4031).,Milw M12 CP2.0 Battery Two Pack designed for industrial and commercial use.,Manufacturer: Milwaukee Accessory (4031),Manufacturer Part Number: 48-11-2422,,,,,,,,,,,,,,,,,,
DCB1104,DCB1104 Dewalt 12V/20V Charger - 4 Amp,,,,Black & Decker/dewlt (2585),DEWALT,0.6,Product description,"[('Voltage', '12', 'V'), ('Amperage', '4', 'A')]",Voltage,12,V,Amperage,4,A,,,,,,,,,,,,,,,,,,,,,,,,,,,,,,,,,,,,,,,,,,,,,,,,,,,,,,,,,,,,,,,,,,,,,,,,,,,,,,,,,,,,,,,,,,,,,,,,,,,,,,,,,,,,,,,,,,,,,,,,,,,,,,,,,,,,,,,,,,,,,,,,,Black & Decker/dewlt (2585),DEWALT,DCB1104,Dewalt 12V/20V Charger - 4 Amp,Dewalt 12V/20V Charger - 4 Amp for industrial and commercial applications.,"Dewalt 12V/20V Charger - 4 Amp Manufactured or supplied by Black & Decker/dewlt (2585). Available product information includes Voltage: 12 V, Amperage: 4 A.","Dewalt 12V/20V Charger - 4 Amp designed for industrial and commercial use. Key identified specifications include Voltage: 12 V, Amperage: 4 A.",Brand: DEWALT,Manufacturer: Black & Decker/dewlt (2585),Manufacturer Part Number: DCB1104,Voltage: 12 V,Amperage: 4 A,,,,,,,,,,,,,,,
48-59-1804,48-59-1804 Milw M18 and M12 Rapid Charger,,,,Milwaukee Accessory (4031),Unknown,0.0,No evidence,[],,,,,,,,,,,,,,,,,,,,,,,,,,,,,,,,,,,,,,,,,,,,,,,,,,,,,,,,,,,,,,,,,,,,,,,,,,,,,,,,,,,,,,,,,,,,,,,,,,,,,,,,,,,,,,,,,,,,,,,,,,,,,,,,,,,,,,,,,,,,,,,,,,,,,,,Milwaukee Accessory (4031),Unknown,48-59-1804,Milw M18 and M12 Rapid Charger,Milw M18 and M12 Rapid Charger for industrial and commercial applications.,Milw M18 and M12 Rapid Charger Manufactured or supplied by Milwaukee Accessory (4031).,Milw M18 and M12 Rapid Charger designed for industrial and commercial use.,Manufacturer: Milwaukee Accessory (4031),Manufacturer Part Number: 48-59-1804,,,,,,,,,,,,,,,,,,
CRGR401A,CRGR401A Kreg 20V Fast Charger,,,,Kreg Tool Company (KRETO),Unknown,0.0,No evidence,"[('Voltage', '20', 'V')]",Voltage,20,V,,,,,,,,,,,,,,,,,,,,,,,,,,,,,,,,,,,,,,,,,,,,,,,,,,,,,,,,,,,,,,,,,,,,,,,,,,,,,,,,,,,,,,,,,,,,,,,,,,,,,,,,,,,,,,,,,,,,,,,,,,,,,,,,,,,,,,,,,,,,,,,,,,,,Kreg Tool Company (KRETO),Unknown,CRGR401A,Kreg 20V Fast Charger,Kreg 20V Fast Charger for industrial and commercial applications.,Kreg 20V Fast Charger Manufactured or supplied by Kreg Tool Company (KRETO). Available product information includes Voltage: 20 V.,Kreg 20V Fast Charger designed for industrial and commercial use. Key identified specifications include Voltage: 20 V.,Manufacturer: Kreg Tool Company (KRETO),Manufacturer Part Number: CRGR401A,Voltage: 20 V,,,,,,,,,,,,,,,,,
48-59-1211,48-59-1211 Milw Power Supply - Charger,,,Milwaukee,Milwaukee Accessory (4031),Milwaukee,0.7,Structured source,[],,,,,,,,,,,,,,,,,,,,,,,,,,,,,,,,,,,,,,,,,,,,,,,,,,,,,,,,,,,,,,,,,,,,,,,,,,,,,,,,,,,,,,,,,,,,,,,,,,,,,,,,,,,,,,,,,,,,,,,,,,,,,,,,,,,,,,,,,,,,,,,,,,,,,,,Milwaukee Accessory (4031),Milwaukee,48-59-1211,Milwaukee Milw Power Supply - Charger,Milwaukee Milw Power Supply - Charger for industrial and commercial applications.,Milwaukee Milw Power Supply - Charger Manufactured or supplied by Milwaukee Accessory (4031).,Milwaukee Milw Power Supply - Charger designed for industrial and commercial use.,Brand: Milwaukee,Manufacturer: Milwaukee Accessory (4031),Manufacturer Part Number: 48-59-1211,,,,,,,,,,,,,,,,,
2847-20,2847-20 Milw M18 Charger and Power Supply,,,,Milwaukee Accessory (4031),Unknown,0.0,No evidence,[],,,,,,,,,,,,,,,,,,,,,,,,,,,,,,,,,,,,,,,,,,,,,,,,,,,,,,,,,,,,,,,,,,,,,,,,,,,,,,,,,,,,,,,,,,,,,,,,,,,,,,,,,,,,,,,,,,,,,,,,,,,,,,,,,,,,,,,,,,,,,,,,,,,,,,,Milwaukee Accessory (4031),Unknown,2847-20,Milw M18 Charger and Power Supply,Milw M18 Charger and Power Supply for industrial and commercial applications.,Milw M18 Charger and Power Supply Manufactured or supplied by Milwaukee Accessory (4031).,Milw M18 Charger and Power Supply designed for industrial and commercial use.,Manufacturer: Milwaukee Accessory (4031),Manufacturer Part Number: 2847-20,,,,,,,,,,,,,,,,,,
DWV9401,DWV9401 Dewalt Paper Bag - 5pk,,,,Black & Decker/dewlt (2585),DEWALT,0.6,Product description,[],,,,,,,,,,,,,,,,,,,,,,,,,,,,,,,,,,,,,,,,,,,,,,,,,,,,,,,,,,,,,,,,,,,,,,,,,,,,,,,,,,,,,,,,,,,,,,,,,,,,,,,,,,,,,,,,,,,,,,,,,,,,,,,,,,,,,,,,,,,,,,,,,,,,,,,Black & Decker/dewlt (2585),DEWALT,DWV9401,Dewalt Paper Bag - 5pk,Dewalt Paper Bag - 5pk for industrial and commercial applications.,Dewalt Paper Bag - 5pk Manufactured or supplied by Black & Decker/dewlt (2585).,Dewalt Paper Bag - 5pk designed for industrial and commercial use.,Brand: DEWALT,Manufacturer: Black & Decker/dewlt (2585),Manufacturer Part Number: DWV9401,,,,,,,,,,,,,,,,,
578512,578512 Festool Dust Extractor-CT MIDI I HEPA,,,,Festool USA (FESTO),Unknown,0.0,No evidence,[],,,,,,,,,,,,,,,,,,,,,,,,,,,,,,,,,,,,,,,,,,,,,,,,,,,,,,,,,,,,,,,,,,,,,,,,,,,,,,,,,,,,,,,,,,,,,,,,,,,,,,,,,,,,,,,,,,,,,,,,,,,,,,,,,,,,,,,,,,,,,,,,,,,,,,,Festool USA (FESTO),Unknown,578512,Festool Dust Extractor-CT MIDI I HEPA,Festool Dust Extractor-CT MIDI I HEPA for industrial and commercial applications.,Festool Dust Extractor-CT MIDI I HEPA Manufactured or supplied by Festool USA (FESTO).,Festool Dust Extractor-CT MIDI I HEPA designed for industrial and commercial use.,Manufacturer: Festool USA (FESTO),Manufacturer Part Number: 578512,,,,,,,,,,,,,,,,,,
577871,577871 Festool Dust Extractor - CT 26,,,,Festool USA (FESTO),Unknown,0.0,No evidence,[],,,,,,,,,,,,,,,,,,,,,,,,,,,,,,,,,,,,,,,,,,,,,,,,,,,,,,,,,,,,,,,,,,,,,,,,,,,,,,,,,,,,,,,,,,,,,,,,,,,,,,,,,,,,,,,,,,,,,,,,,,,,,,,,,,,,,,,,,,,,,,,,,,,,,,,Festool USA (FESTO),Unknown,577871,Festool Dust Extractor - CT 26,Festool Dust Extractor - CT 26 for industrial and commercial applications.,Festool Dust Extractor - CT 26 Manufactured or supplied by Festool USA (FESTO).,Festool Dust Extractor - CT 26 designed for industrial and commercial use.,Manufacturer: Festool USA (FESTO),Manufacturer Part Number: 577871,,,,,,,,,,,,,,,,,,
577874,577874 Festool Dust Extractor - CT 36,,,,Festool USA (FESTO),Unknown,0.0,No evidence,[],,,,,,,,,,,,,,,,,,,,,,,,,,,,,,,,,,,,,,,,,,,,,,,,,,,,,,,,,,,,,,,,,,,,,,,,,,,,,,,,,,,,,,,,,,,,,,,,,,,,,,,,,,,,,,,,,,,,,,,,,,,,,,,,,,,,,,,,,,,,,,,,,,,,,,,Festool USA (FESTO),Unknown,577874,Festool Dust Extractor - CT 36,Festool Dust Extractor - CT 36 for industrial and commercial applications.,Festool Dust Extractor - CT 36 Manufactured or supplied by Festool USA (FESTO).,Festool Dust Extractor - CT 36 designed for industrial and commercial use.,Manufacturer: Festool USA (FESTO),Manufacturer Part Number: 577874,,,,,,,,,,,,,,,,,,
577876,577876 Festool Dust Extractor - CT 48,,,,Festool USA (FESTO),Unknown,0.0,No evidence,[],,,,,,,,,,,,,,,,,,,,,,,,,,,,,,,,,,,,,,,,,,,,,,,,,,,,,,,,,,,,,,,,,,,,,,,,,,,,,,,,,,,,,,,,,,,,,,,,,,,,,,,,,,,,,,,,,,,,,,,,,,,,,,,,,,,,,,,,,,,,,,,,,,,,,,,Festool USA (FESTO),Unknown,577876,Festool Dust Extractor - CT 48,Festool Dust Extractor - CT 48 for industrial and commercial applications.,Festool Dust Extractor - CT 48 Manufactured or supplied by Festool USA (FESTO).,Festool Dust Extractor - CT 48 designed for industrial and commercial use.,Manufacturer: Festool USA (FESTO),Manufacturer Part Number: 577876,,,,,,,,,,,,,,,,,,
578441,578441 Festool Dust Extractor-CT 15 HEPA,,,,Festool USA (FESTO),Unknown,0.0,No evidence,[],,,,,,,,,,,,,,,,,,,,,,,,,,,,,,,,,,,,,,,,,,,,,,,,,,,,,,,,,,,,,,,,,,,,,,,,,,,,,,,,,,,,,,,,,,,,,,,,,,,,,,,,,,,,,,,,,,,,,,,,,,,,,,,,,,,,,,,,,,,,,,,,,,,,,,,Festool USA (FESTO),Unknown,578441,Festool Dust Extractor-CT 15 HEPA,Festool Dust Extractor-CT 15 HEPA for industrial and commercial applications.,Festool Dust Extractor-CT 15 HEPA Manufactured or supplied by Festool USA (FESTO).,Festool Dust Extractor-CT 15 HEPA designed for industrial and commercial use.,Manufacturer: Festool USA (FESTO),Manufacturer Part Number: 578441,,,,,,,,,,,,,,,,,,
DCK225D2,DCK225D2 Dewalt Impact/Drill - Kit,,,DEWALT,Black & Decker/dewlt (2585),DEWALT,0.9,Structured source + description,[],,,,,,,,,,,,,,,,,,,,,,,,,,,,,,,,,,,,,,,,,,,,,,,,,,,,,,,,,,,,,,,,,,,,,,,,,,,,,,,,,,,,,,,,,,,,,,,,,,,,,,,,,,,,,,,,,,,,,,,,,,,,,,,,,,,,,,,,,,,,,,,,,,,,,,,Black & Decker/dewlt (2585),DEWALT,DCK225D2,Dewalt Impact/Drill - Kit,Dewalt Impact/Drill - Kit for industrial and commercial applications.,Dewalt Impact/Drill - Kit Manufactured or supplied by Black & Decker/dewlt (2585).,Dewalt Impact/Drill - Kit designed for industrial and commercial use.,Brand: DEWALT,Manufacturer: Black & Decker/dewlt (2585),Manufacturer Part Number: DCK225D2,,,,,,,,,,,,,,,,,
DCK2101QQ2,Dewalt DCK2101QQ2 20V 2Pc Kit,,,,Black & Decker/dewlt (2585),DEWALT,0.6,Product description,"[('Voltage', '20', 'V'), ('Quantity', '2', 'pcs')]",Voltage,20,V,Quantity,2,pcs,,,,,,,,,,,,,,,,,,,,,,,,,,,,,,,,,,,,,,,,,,,,,,,,,,,,,,,,,,,,,,,,,,,,,,,,,,,,,,,,,,,,,,,,,,,,,,,,,,,,,,,,,,,,,,,,,,,,,,,,,,,,,,,,,,,,,,,,,,,,,,,,,Black & Decker/dewlt (2585),DEWALT,DCK2101QQ2,Dewalt  20V 2Pc Kit,Dewalt  20V 2Pc Kit for industrial and commercial applications.,"Dewalt  20V 2Pc Kit Manufactured or supplied by Black & Decker/dewlt (2585). Available product information includes Voltage: 20 V, Quantity: 2 pcs.","Dewalt  20V 2Pc Kit designed for industrial and commercial use. Key identified specifications include Voltage: 20 V, Quantity: 2 pcs.",Brand: DEWALT,Manufacturer: Black & Decker/dewlt (2585),Manufacturer Part Number: DCK2101QQ2,Voltage: 20 V,Quantity: 2 pcs,,,,,,,,,,,,,,,
4000-2/32,4000-2/32 DREMEL ROTARY TOOL,,,Dremel,Robt Bosch Tool Corp (6564),Dremel,0.9,Structured source + description,[],,,,,,,,,,,,,,,,,,,,,,,,,,,,,,,,,,,,,,,,,,,,,,,,,,,,,,,,,,,,,,,,,,,,,,,,,,,,,,,,,,,,,,,,,,,,,,,,,,,,,,,,,,,,,,,,,,,,,,,,,,,,,,,,,,,,,,,,,,,,,,,,,,,,,,,Robt Bosch Tool Corp (6564),Dremel,4000-2/32,DREMEL ROTARY TOOL,DREMEL ROTARY TOOL for industrial and commercial applications.,DREMEL ROTARY TOOL Manufactured or supplied by Robt Bosch Tool Corp (6564).,DREMEL ROTARY TOOL designed for industrial and commercial use.,Brand: Dremel,Manufacturer: Robt Bosch Tool Corp (6564),Manufacturer Part Number: 4000-2/32,,,,,,,,,,,,,,,,,
3100-1/15,3100-1/15 Dremel Rotary Tool - Kit 15pc,,,Dremel,Robt Bosch Tool Corp (6564),Dremel,0.9,Structured source + description,"[('Quantity', '15', 'pcs')]",Quantity,15,pcs,,,,,,,,,,,,,,,,,,,,,,,,,,,,,,,,,,,,,,,,,,,,,,,,,,,,,,,,,,,,,,,,,,,,,,,,,,,,,,,,,,,,,,,,,,,,,,,,,,,,,,,,,,,,,,,,,,,,,,,,,,,,,,,,,,,,,,,,,,,,,,,,,,,,Robt Bosch Tool Corp (6564),Dremel,3100-1/15,Dremel Rotary Tool - Kit 15pc,Dremel Rotary Tool - Kit 15pc for industrial and commercial applications.,Dremel Rotary Tool - Kit 15pc Manufactured or supplied by Robt Bosch Tool Corp (6564). Available product information includes Quantity: 15 pcs.,Dremel Rotary Tool - Kit 15pc designed for industrial and commercial use. Key identified specifications include Quantity: 15 pcs.,Brand: Dremel,Manufacturer: Robt Bosch Tool Corp (6564),Manufacturer Part Number: 3100-1/15,Quantity: 15 pcs,,,,,,,,,,,,,,,,
T-90043,T-90043 Deep Medium Organizer,,,,Makita Usa Inc (5142),Unknown,0.0,No evidence,[],,,,,,,,,,,,,,,,,,,,,,,,,,,,,,,,,,,,,,,,,,,,,,,,,,,,,,,,,,,,,,,,,,,,,,,,,,,,,,,,,,,,,,,,,,,,,,,,,,,,,,,,,,,,,,,,,,,,,,,,,,,,,,,,,,,,,,,,,,,,,,,,,,,,,,,Makita Usa Inc (5142),Unknown,T-90043,Deep Medium Organizer,Deep Medium Organizer for industrial and commercial applications.,Deep Medium Organizer Manufactured or supplied by Makita Usa Inc (5142).,Deep Medium Organizer designed for industrial and commercial use.,Manufacturer: Makita Usa Inc (5142),Manufacturer Part Number: T-90043,,,,,,,,,,,,,,,,,,
T-90059,T-90059 Low Profile Medium - Organizer,,,,Makita Usa Inc (5142),Unknown,0.0,No evidence,[],,,,,,,,,,,,,,,,,,,,,,,,,,,,,,,,,,,,,,,,,,,,,,,,,,,,,,,,,,,,,,,,,,,,,,,,,,,,,,,,,,,,,,,,,,,,,,,,,,,,,,,,,,,,,,,,,,,,,,,,,,,,,,,,,,,,,,,,,,,,,,,,,,,,,,,Makita Usa Inc (5142),Unknown,T-90059,Low Profile Medium - Organizer,Low Profile Medium - Organizer for industrial and commercial applications.,Low Profile Medium - Organizer Manufactured or supplied by Makita Usa Inc (5142).,Low Profile Medium - Organizer designed for industrial and commercial use.,Manufacturer: Makita Usa Inc (5142),Manufacturer Part Number: T-90059,,,,,,,,,,,,,,,,,,
T-90065,T-90065 Deep Compact Organizer,,,,Makita Usa Inc (5142),Unknown,0.0,No evidence,[],,,,,,,,,,,,,,,,,,,,,,,,,,,,,,,,,,,,,,,,,,,,,,,,,,,,,,,,,,,,,,,,,,,,,,,,,,,,,,,,,,,,,,,,,,,,,,,,,,,,,,,,,,,,,,,,,,,,,,,,,,,,,,,,,,,,,,,,,,,,,,,,,,,,,,,Makita Usa Inc (5142),Unknown,T-90065,Deep Compact Organizer,Deep Compact Organizer for industrial and commercial applications.,Deep Compact Organizer Manufactured or supplied by Makita Usa Inc (5142).,Deep Compact Organizer designed for industrial and commercial use.,Manufacturer: Makita Usa Inc (5142),Manufacturer Part Number: T-90065,,,,,,,,,,,,,,,,,,
10047VS,10047VS Oliver 3HP 230V 1PH Shaper 1-1/4 Spindle,,,,Oliver Machinery Company (OLIMA),Unknown,0.0,No evidence,"[('Voltage', '230', 'V')]",Voltage,230,V,,,,,,,,,,,,,,,,,,,,,,,,,,,,,,,,,,,,,,,,,,,,,,,,,,,,,,,,,,,,,,,,,,,,,,,,,,,,,,,,,,,,,,,,,,,,,,,,,,,,,,,,,,,,,,,,,,,,,,,,,,,,,,,,,,,,,,,,,,,,,,,,,,,,Oliver Machinery Company (OLIMA),Unknown,10047VS,Oliver 3HP 230V 1PH Shaper 1-1/4 Spindle,Oliver 3HP 230V 1PH Shaper 1-1/4 Spindle for industrial and commercial applications.,Oliver 3HP 230V 1PH Shaper 1-1/4 Spindle Manufactured or supplied by Oliver Machinery Company (OLIMA). Available product information includes Voltage: 230 V.,Oliver 3HP 230V 1PH Shaper 1-1/4 Spindle designed for industrial and commercial use. Key identified specifications include Voltage: 230 V.,Manufacturer: Oliver Machinery Company (OLIMA),Manufacturer Part Number: 10047VS,Voltage: 230 V,,,,,,,,,,,,,,,,,
MAG:2044-230-1,2044-230-1 Stock Feeder 4-Roll - Steff,,,,J&G Machinery (JGMAC),Unknown,0.0,No evidence,[],,,,,,,,,,,,,,,,,,,,,,,,,,,,,,,,,,,,,,,,,,,,,,,,,,,,,,,,,,,,,,,,,,,,,,,,,,,,,,,,,,,,,,,,,,,,,,,,,,,,,,,,,,,,,,,,,,,,,,,,,,,,,,,,,,,,,,,,,,,,,,,,,,,,,,,J&G Machinery (JGMAC),Unknown,MAG:2044-230-1,2044-230-1 Stock Feeder 4-Roll - Steff,2044-230-1 Stock Feeder 4-Roll - Steff for industrial and commercial applications.,2044-230-1 Stock Feeder 4-Roll - Steff Manufactured or supplied by J&G Machinery (JGMAC).,2044-230-1 Stock Feeder 4-Roll - Steff designed for industrial and commercial use.,Manufacturer: J&G Machinery (JGMAC),Manufacturer Part Number: MAG:2044-230-1,,,,,,,,,,,,,,,,,,
XTP242,"42"" XTP XTENDER PRO Fence - XTP242",,,,Bow Products (BOWPR),Unknown,0.0,No evidence,"[('Size', '42', 'in')]",Size,42,in,,,,,,,,,,,,,,,,,,,,,,,,,,,,,,,,,,,,,,,,,,,,,,,,,,,,,,,,,,,,,,,,,,,,,,,,,,,,,,,,,,,,,,,,,,,,,,,,,,,,,,,,,,,,,,,,,,,,,,,,,,,,,,,,,,,,,,,,,,,,,,,,,,,,Bow Products (BOWPR),Unknown,XTP242,"42"" XTP XTENDER PRO Fence -","42"" XTP XTENDER PRO Fence - for industrial and commercial applications.","42"" XTP XTENDER PRO Fence - Manufactured or supplied by Bow Products (BOWPR). Available product information includes Size: 42 in.","42"" XTP XTENDER PRO Fence - designed for industrial and commercial use. Key identified specifications include Size: 42 in.",Manufacturer: Bow Products (BOWPR),Manufacturer Part Number: XTP242,Size: 42 in,,,,,,,,,,,,,,,,,
AAS-P,AAS-P Align-A-Saw Plate Only,,,,Woodpeckers Inc (WOODP),Unknown,0.0,No evidence,[],,,,,,,,,,,,,,,,,,,,,,,,,,,,,,,,,,,,,,,,,,,,,,,,,,,,,,,,,,,,,,,,,,,,,,,,,,,,,,,,,,,,,,,,,,,,,,,,,,,,,,,,,,,,,,,,,,,,,,,,,,,,,,,,,,,,,,,,,,,,,,,,,,,,,,,Woodpeckers Inc (WOODP),Unknown,AAS-P,Align-A-Saw Plate Only,Align-A-Saw Plate Only for industrial and commercial applications.,Align-A-Saw Plate Only Manufactured or supplied by Woodpeckers Inc (WOODP).,Align-A-Saw Plate Only designed for industrial and commercial use.,Manufacturer: Woodpeckers Inc (WOODP),Manufacturer Part Number: AAS-P,,,,,,,,,,,,,,,,,,
SSCMS,SSCMS Stealthstop Miter Sled,,,,Woodpeckers Inc (WOODP),Unknown,0.0,No evidence,[],,,,,,,,,,,,,,,,,,,,,,,,,,,,,,,,,,,,,,,,,,,,,,,,,,,,,,,,,,,,,,,,,,,,,,,,,,,,,,,,,,,,,,,,,,,,,,,,,,,,,,,,,,,,,,,,,,,,,,,,,,,,,,,,,,,,,,,,,,,,,,,,,,,,,,,Woodpeckers Inc (WOODP),Unknown,SSCMS,Stealthstop Miter Sled,Stealthstop Miter Sled for industrial and commercial applications.,Stealthstop Miter Sled Manufactured or supplied by Woodpeckers Inc (WOODP).,Stealthstop Miter Sled designed for industrial and commercial use.,Manufacturer: Woodpeckers Inc (WOODP),Manufacturer Part Number: SSCMS,,,,,,,,,,,,,,,,,,
4225.201,"4225.201 Oliver 6"" HH Jointer Paralleogram",,,,Oliver Machinery Company (OLIMA),Unknown,0.0,No evidence,"[('Size', '6', 'in')]",Size,6,in,,,,,,,,,,,,,,,,,,,,,,,,,,,,,,,,,,,,,,,,,,,,,,,,,,,,,,,,,,,,,,,,,,,,,,,,,,,,,,,,,,,,,,,,,,,,,,,,,,,,,,,,,,,,,,,,,,,,,,,,,,,,,,,,,,,,,,,,,,,,,,,,,,,,Oliver Machinery Company (OLIMA),Unknown,4225.201,"Oliver 6"" HH Jointer Paralleogram","Oliver 6"" HH Jointer Paralleogram for industrial and commercial applications.","Oliver 6"" HH Jointer Paralleogram Manufactured or supplied by Oliver Machinery Company (OLIMA). Available product information includes Size: 6 in.","Oliver 6"" HH Jointer Paralleogram designed for industrial and commercial use. Key identified specifications include Size: 6 in.",Manufacturer: Oliver Machinery Company (OLIMA),Manufacturer Part Number: 4225.201,Size: 6 in,,,,,,,,,,,,,,,,,
KC-426C,"KC-426C 12"" Portable Planer",,,,King Canada Inc (KINCA),Unknown,0.0,No evidence,"[('Size', '12', 'in')]",Size,12,in,,,,,,,,,,,,,,,,,,,,,,,,,,,,,,,,,,,,,,,,,,,,,,,,,,,,,,,,,,,,,,,,,,,,,,,,,,,,,,,,,,,,,,,,,,,,,,,,,,,,,,,,,,,,,,,,,,,,,,,,,,,,,,,,,,,,,,,,,,,,,,,,,,,,King Canada Inc (KINCA),Unknown,KC-426C,"12"" Portable Planer","12"" Portable Planer for industrial and commercial applications.","12"" Portable Planer Manufactured or supplied by King Canada Inc (KINCA). Available product information includes Size: 12 in.","12"" Portable Planer designed for industrial and commercial use. Key identified specifications include Size: 12 in.",Manufacturer: King Canada Inc (KINCA),Manufacturer Part Number: KC-426C,Size: 12 in,,,,,,,,,,,,,,,,,
10045.201,"10045.201 Oliver 13"" Benchtop Planer 2HP,115V 1Ph",,,,Oliver Machinery Company (OLIMA),Unknown,0.0,No evidence,"[('Voltage', '115', 'V'), ('Size', '13', 'in')]",Voltage,115,V,Size,13,in,,,,,,,,,,,,,,,,,,,,,,,,,,,,,,,,,,,,,,,,,,,,,,,,,,,,,,,,,,,,,,,,,,,,,,,,,,,,,,,,,,,,,,,,,,,,,,,,,,,,,,,,,,,,,,,,,,,,,,,,,,,,,,,,,,,,,,,,,,,,,,,,,Oliver Machinery Company (OLIMA),Unknown,10045.201,"Oliver 13"" Benchtop Planer 2HP,115V 1Ph","Oliver 13"" Benchtop Planer 2HP,115V 1Ph for industrial and commercial applications.","Oliver 13"" Benchtop Planer 2HP,115V 1Ph Manufactured or supplied by Oliver Machinery Company (OLIMA). Available product information includes Voltage: 115 V, Size: 13 in.","Oliver 13"" Benchtop Planer 2HP,115V 1Ph designed for industrial and commercial use. Key identified specifications include Voltage: 115 V, Size: 13 in.",Manufacturer: Oliver Machinery Company (OLIMA),Manufacturer Part Number: 10045.201,Voltage: 115 V,Size: 13 in,,,,,,,,,,,,,,,,
10014.201,"10014.201 Oliver 15"" Planer 3HP 1Ph 220V",,,,Oliver Machinery Company (OLIMA),Unknown,0.0,No evidence,"[('Voltage', '220', 'V'), ('Size', '15', 'in')]",Voltage,220,V,Size,15,in,,,,,,,,,,,,,,,,,,,,,,,,,,,,,,,,,,,,,,,,,,,,,,,,,,,,,,,,,,,,,,,,,,,,,,,,,,,,,,,,,,,,,,,,,,,,,,,,,,,,,,,,,,,,,,,,,,,,,,,,,,,,,,,,,,,,,,,,,,,,,,,,,Oliver Machinery Company (OLIMA),Unknown,10014.201,"Oliver 15"" Planer 3HP 1Ph 220V","Oliver 15"" Planer 3HP 1Ph 220V for industrial and commercial applications.","Oliver 15"" Planer 3HP 1Ph 220V Manufactured or supplied by Oliver Machinery Company (OLIMA). Available product information includes Voltage: 220 V, Size: 15 in.","Oliver 15"" Planer 3HP 1Ph 220V designed for industrial and commercial use. Key identified specifications include Voltage: 220 V, Size: 15 in.",Manufacturer: Oliver Machinery Company (OLIMA),Manufacturer Part Number: 10014.201,Voltage: 220 V,Size: 15 in,,,,,,,,,,,,,,,,
4430.201,"4430.201 Oliver 20"" Planer 5HP 1Ph 230V",,,,Oliver Machinery Company (OLIMA),Unknown,0.0,No evidence,"[('Voltage', '230', 'V'), ('Size', '20', 'in')]",Voltage,230,V,Size,20,in,,,,,,,,,,,,,,,,,,,,,,,,,,,,,,,,,,,,,,,,,,,,,,,,,,,,,,,,,,,,,,,,,,,,,,,,,,,,,,,,,,,,,,,,,,,,,,,,,,,,,,,,,,,,,,,,,,,,,,,,,,,,,,,,,,,,,,,,,,,,,,,,,Oliver Machinery Company (OLIMA),Unknown,4430.201,"Oliver 20"" Planer 5HP 1Ph 230V","Oliver 20"" Planer 5HP 1Ph 230V for industrial and commercial applications.","Oliver 20"" Planer 5HP 1Ph 230V Manufactured or supplied by Oliver Machinery Company (OLIMA). Available product information includes Voltage: 230 V, Size: 20 in.","Oliver 20"" Planer 5HP 1Ph 230V designed for industrial and commercial use. Key identified specifications include Voltage: 230 V, Size: 20 in.",Manufacturer: Oliver Machinery Company (OLIMA),Manufacturer Part Number: 4430.201,Voltage: 230 V,Size: 20 in,,,,,,,,,,,,,,,,
10055.201,"10055.201 Oliver 15"" Benchtop Planer 2.5HP 1Ph 230V",,,,Oliver Machinery Company (OLIMA),Unknown,0.0,No evidence,"[('Voltage', '230', 'V'), ('Size', '15', 'in')]",Voltage,230,V,Size,15,in,,,,,,,,,,,,,,,,,,,,,,,,,,,,,,,,,,,,,,,,,,,,,,,,,,,,,,,,,,,,,,,,,,,,,,,,,,,,,,,,,,,,,,,,,,,,,,,,,,,,,,,,,,,,,,,,,,,,,,,,,,,,,,,,,,,,,,,,,,,,,,,,,Oliver Machinery Company (OLIMA),Unknown,10055.201,"Oliver 15"" Benchtop Planer 2.5HP 1Ph 230V","Oliver 15"" Benchtop Planer 2.5HP 1Ph 230V for industrial and commercial applications.","Oliver 15"" Benchtop Planer 2.5HP 1Ph 230V Manufactured or supplied by Oliver Machinery Company (OLIMA). Available product information includes Voltage: 230 V, Size: 15 in.","Oliver 15"" Benchtop Planer 2.5HP 1Ph 230V designed for industrial and commercial use. Key identified specifications include Voltage: 230 V, Size: 15 in.",Manufacturer: Oliver Machinery Company (OLIMA),Manufacturer Part Number: 10055.201,Voltage: 230 V,Size: 15 in,,,,,,,,,,,,,,,,
T27417,T27417 Grizzly OscillatingEdge - Belt and Spindle Sander,,,,Woodstock Intl (3658),Unknown,0.0,No evidence,[],,,,,,,,,,,,,,,,,,,,,,,,,,,,,,,,,,,,,,,,,,,,,,,,,,,,,,,,,,,,,,,,,,,,,,,,,,,,,,,,,,,,,,,,,,,,,,,,,,,,,,,,,,,,,,,,,,,,,,,,,,,,,,,,,,,,,,,,,,,,,,,,,,,,,,,Woodstock Intl (3658),Unknown,T27417,Grizzly OscillatingEdge - Belt and Spindle Sander,Grizzly OscillatingEdge - Belt and Spindle Sander for industrial and commercial applications.,Grizzly OscillatingEdge - Belt and Spindle Sander Manufactured or supplied by Woodstock Intl (3658).,Grizzly OscillatingEdge - Belt and Spindle Sander designed for industrial and commercial use.,Manufacturer: Woodstock Intl (3658),Manufacturer Part Number: T27417,,,,,,,,,,,,,,,,,,
